timestamp,heart_rate,stress_level,steps,calories_burned,sleep_minutes,sleep_hours
2025-12-07 06:00:00,61,21.0,13129.0,525.16,0.0,0.0
2025-12-07 06:15:00,58,18.0,13129.0,525.16,0.0,0.0
2025-12-07 06:30:00,59,19.0,13129.0,525.16,0.0,0.0
2025-12-07 06:45:00,61,21.0,13129.0,525.16,0.0,0.0
2025-12-07 07:00:00,60,20.0,13129.0,525.16,0.0,0.0
2025-12-07 07:15:00,61,21.0,13129.0,525.16,0.0,0.0
2025-12-07 07:30:00,63,23.0,13129.0,525.16,0.0,0.0
2025-12-07 07:45:00,59,19.0,13129.0,525.16,0.0,0.0
2025-12-07 08:00:00,60,20.0,13129.0,525.16,0.0,0.0
2025-12-07 08:15:00,62,22.0,13129.0,525.16,0.0,0.0
2025-12-07 08:30:00,57,17.0,13129.0,525.16,0.0,0.0
2025-12-07 08:45:00,59,19.0,13129.0,525.16,0.0,0.0
2025-12-07 09:00:00,67,24.0,13129.0,525.16,0.0,0.0
2025-12-07 09:15:00,63,21.0,13129.0,525.16,0.0,0.0
2025-12-07 09:30:00,94,47.0,13129.0,525.16,0.0,0.0
2025-12-07 09:45:00,86,40.0,13129.0,525.16,0.0,0.0
2025-12-07 10:00:00,83,40.0,13129.0,525.16,0.0,0.0
2025-12-07 10:15:00,76,32.0,13129.0,525.16,0.0,0.0
2025-12-07 10:30:00,68,25.0,13129.0,525.16,0.0,0.0
2025-12-07 10:45:00,74,30.0,13129.0,525.16,0.0,0.0
2025-12-07 11:00:00,65,23.0,13129.0,525.16,0.0,0.0
2025-12-07 11:15:00,73,29.0,13129.0,525.16,0.0,0.0
2025-12-07 11:30:00,77,33.0,13129.0,525.16,0.0,0.0
2025-12-07 11:45:00,92,45.0,13129.0,525.16,0.0,0.0
2025-12-07 12:00:00,84,38.0,13129.0,525.16,0.0,0.0
2025-12-07 12:15:00,85,39.0,13129.0,525.16,0.0,0.0
2025-12-07 12:30:00,70,27.0,13129.0,525.16,0.0,0.0
2025-12-07 12:45:00,85,39.0,13129.0,525.16,0.0,0.0
2025-12-07 13:00:00,70,27.0,13129.0,525.16,0.0,0.0
2025-12-07 13:15:00,72,29.0,13129.0,525.16,0.0,0.0
2025-12-07 13:30:00,71,28.0,13129.0,525.16,0.0,0.0
2025-12-07 13:45:00,71,28.0,13129.0,525.16,0.0,0.0
2025-12-07 14:00:00,90,43.0,13129.0,525.16,0.0,0.0
2025-12-07 14:15:00,70,27.0,13129.0,525.16,0.0,0.0
2025-12-07 14:30:00,64,27.0,13129.0,525.16,0.0,0.0
2025-12-07 14:45:00,81,36.0,13129.0,525.16,0.0,0.0
2025-12-07 15:00:00,81,36.0,13129.0,525.16,0.0,0.0
2025-12-07 15:15:00,81,36.0,13129.0,525.16,0.0,0.0
2025-12-07 15:30:00,88,42.0,13129.0,525.16,0.0,0.0
2025-12-07 15:45:00,86,40.0,13129.0,525.16,0.0,0.0
2025-12-07 16:00:00,73,29.0,13129.0,525.16,0.0,0.0
2025-12-07 16:15:00,73,29.0,13129.0,525.16,0.0,0.0
2025-12-07 16:30:00,72,29.0,13129.0,525.16,0.0,0.0
2025-12-07 16:45:00,69,26.0,13129.0,525.16,0.0,0.0
2025-12-07 17:00:00,69,26.0,13129.0,525.16,0.0,0.0
2025-12-07 17:15:00,79,34.0,13129.0,525.16,0.0,0.0
2025-12-07 17:30:00,68,25.0,13129.0,525.16,0.0,0.0
2025-12-07 17:45:00,70,27.0,13129.0,525.16,0.0,0.0
2025-12-07 18:00:00,58,18.0,13129.0,525.16,0.0,0.0
2025-12-07 18:15:00,63,23.0,13129.0,525.16,0.0,0.0
2025-12-07 18:30:00,60,20.0,13129.0,525.16,0.0,0.0
2025-12-07 18:45:00,61,21.0,13129.0,525.16,0.0,0.0
2025-12-07 19:00:00,56,16.0,13129.0,525.16,0.0,0.0
2025-12-07 19:15:00,61,16.0,13129.0,525.16,0.0,0.0
2025-12-07 19:30:00,60,20.0,13129.0,525.16,0.0,0.0
2025-12-07 19:45:00,59,19.0,13129.0,525.16,0.0,0.0
2025-12-07 20:00:00,62,22.0,13129.0,525.16,0.0,0.0
2025-12-07 20:15:00,59,19.0,13129.0,525.16,0.0,0.0
2025-12-07 20:30:00,57,17.0,13129.0,525.16,0.0,0.0
2025-12-07 20:45:00,55,15.0,13129.0,525.16,0.0,0.0
2025-12-07 21:00:00,55,15.0,13129.0,525.16,0.0,0.0
2025-12-07 21:15:00,59,19.0,13129.0,525.16,0.0,0.0
2025-12-07 21:30:00,56,16.0,13129.0,525.16,0.0,0.0
2025-12-07 21:45:00,61,21.0,13129.0,525.16,0.0,0.0
2025-12-07 22:00:00,58,18.0,13129.0,525.16,14.281988783633873,0.2380331463938979
2025-12-07 22:15:00,57,17.0,13129.0,525.16,13.870337505251118,0.2311722917541853
2025-12-07 22:30:00,60,20.0,13129.0,525.16,11.3160512849394,0.18860085474899
2025-12-07 22:45:00,63,23.0,13129.0,525.16,15.59479993124006,0.2599133321873343
2025-12-07 23:00:00,56,16.0,13129.0,525.16,15.034405788039404,0.2505734298006567
2025-12-07 23:15:00,59,19.0,13129.0,525.16,11.735645121260196,0.1955940853543366
2025-12-07 23:30:00,58,18.0,13129.0,525.16,15.462121820665418,0.2577020303444236
2025-12-07 23:45:00,59,19.0,13129.0,525.16,14.54575723119937,0.2424292871866561
2025-12-08 00:00:00,59,19.0,13129.0,525.16,13.252337645194851,0.2208722940865808
2025-12-08 00:15:00,61,21.0,13129.0,525.16,14.014153164821268,0.2335692194136878
2025-12-08 00:30:00,56,16.0,13129.0,525.16,15.72368237179689,0.2620613728632815
2025-12-08 00:45:00,58,18.0,13129.0,525.16,17.80078253172794,0.2966797088621323
2025-12-08 01:00:00,59,19.0,13129.0,525.16,13.463809553442193,0.2243968258907031
2025-12-08 01:15:00,61,21.0,13129.0,525.16,15.48864579025722,0.258144096504287
2025-12-08 01:30:00,61,21.0,13129.0,525.16,14.08205964685983,0.2347009941143305
2025-12-08 01:45:00,60,20.0,13129.0,525.16,13.054890314379096,0.2175815052396515
2025-12-08 02:00:00,58,18.0,13129.0,525.16,13.716440928223657,0.2286073488037276
2025-12-08 02:15:00,62,22.0,13129.0,525.16,14.76103915477001,0.2460173192461668
2025-12-08 02:30:00,56,16.0,13129.0,525.16,12.784747852247843,0.2130791308707973
2025-12-08 02:45:00,59,19.0,13129.0,525.16,14.10654270604203,0.2351090451007005
2025-12-08 03:00:00,56,16.0,13129.0,525.16,15.177732624604422,0.2529622104100737
2025-12-08 03:15:00,60,20.0,13129.0,525.16,14.860631871268762,0.2476771978544793
2025-12-08 03:30:00,61,21.0,13129.0,525.16,16.871258936325713,0.2811876489387618
2025-12-08 03:45:00,57,17.0,13129.0,525.16,16.50211748010161,0.2750352913350268
2025-12-08 04:00:00,55,15.0,13129.0,525.16,12.21945014826058,0.2036575024710096
2025-12-08 04:15:00,60,20.0,13129.0,525.16,11.706062651749868,0.1951010441958311
2025-12-08 04:30:00,58,18.0,13129.0,525.16,11.80593663756325,0.19676561062605413
2025-12-08 04:45:00,57,17.0,13129.0,525.16,11.905810623376633,0.1984301770562772
2025-12-08 05:00:00,62,22.0,13129.0,525.16,11.444210064072331,0.1907368344012055
2025-12-08 05:15:00,60,20.0,13129.0,525.16,11.703946010554487,0.1950657668425748
2025-12-08 05:30:00,60,20.0,13129.0,525.16,16.13423864605139,0.2689039774341898
2025-12-08 05:45:00,58,18.0,13129.0,525.16,15.074442127310489,0.2512407021218414
2025-12-08 06:00:00,55,15.0,4209.0,168.36,0.0,0.0
2025-12-08 06:15:00,56,16.0,4209.0,168.36,0.0,0.0
2025-12-08 06:30:00,55,15.0,4209.0,168.36,0.0,0.0
2025-12-08 06:45:00,54,14.0,4209.0,168.36,0.0,0.0
2025-12-08 07:00:00,55,15.0,4209.0,168.36,0.0,0.0
2025-12-08 07:15:00,60,20.0,4209.0,168.36,0.0,0.0
2025-12-08 07:30:00,63,23.0,4209.0,168.36,0.0,0.0
2025-12-08 07:45:00,56,16.0,4209.0,168.36,0.0,0.0
2025-12-08 08:00:00,59,19.0,4209.0,168.36,0.0,0.0
2025-12-08 08:15:00,58,18.0,4209.0,168.36,0.0,0.0
2025-12-08 08:30:00,60,20.0,4209.0,168.36,0.0,0.0
2025-12-08 08:45:00,54,14.0,4209.0,168.36,0.0,0.0
2025-12-08 09:00:00,70,27.0,4209.0,168.36,0.0,0.0
2025-12-08 09:15:00,72,29.0,4209.0,168.36,0.0,0.0
2025-12-08 09:30:00,70,27.0,4209.0,168.36,0.0,0.0
2025-12-08 09:45:00,82,37.0,4209.0,168.36,0.0,0.0
2025-12-08 10:00:00,70,27.0,4209.0,168.36,0.0,0.0
2025-12-08 10:15:00,64,22.0,4209.0,168.36,0.0,0.0
2025-12-08 10:30:00,72,29.0,4209.0,168.36,0.0,0.0
2025-12-08 10:45:00,81,36.0,4209.0,168.36,0.0,0.0
2025-12-08 11:00:00,76,32.0,4209.0,168.36,0.0,0.0
2025-12-08 11:15:00,64,22.0,4209.0,168.36,0.0,0.0
2025-12-08 11:30:00,66,24.0,4209.0,168.36,0.0,0.0
2025-12-08 11:45:00,77,33.0,4209.0,168.36,0.0,0.0
2025-12-08 12:00:00,64,22.0,4209.0,168.36,0.0,0.0
2025-12-08 12:15:00,58,17.0,4209.0,168.36,0.0,0.0
2025-12-08 12:30:00,73,29.0,4209.0,168.36,0.0,0.0
2025-12-08 12:45:00,66,24.0,4209.0,168.36,0.0,0.0
2025-12-08 13:00:00,57,16.0,4209.0,168.36,0.0,0.0
2025-12-08 13:15:00,72,29.0,4209.0,168.36,0.0,0.0
2025-12-08 13:30:00,75,31.0,4209.0,168.36,0.0,0.0
2025-12-08 13:45:00,69,26.0,4209.0,168.36,0.0,0.0
2025-12-08 14:00:00,90,43.0,4209.0,168.36,0.0,0.0
2025-12-08 14:15:00,78,33.0,4209.0,168.36,0.0,0.0
2025-12-08 14:30:00,71,28.0,4209.0,168.36,0.0,0.0
2025-12-08 14:45:00,74,30.0,4209.0,168.36,0.0,0.0
2025-12-08 15:00:00,74,30.0,4209.0,168.36,0.0,0.0
2025-12-08 15:15:00,67,24.0,4209.0,168.36,0.0,0.0
2025-12-08 15:30:00,72,29.0,4209.0,168.36,0.0,0.0
2025-12-08 15:45:00,68,25.0,4209.0,168.36,0.0,0.0
2025-12-08 16:00:00,80,35.0,4209.0,168.36,0.0,0.0
2025-12-08 16:15:00,76,32.0,4209.0,168.36,0.0,0.0
2025-12-08 16:30:00,85,39.0,4209.0,168.36,0.0,0.0
2025-12-08 16:45:00,80,35.0,4209.0,168.36,0.0,0.0
2025-12-08 17:00:00,69,26.0,4209.0,168.36,0.0,0.0
2025-12-08 17:15:00,65,23.0,4209.0,168.36,0.0,0.0
2025-12-08 17:30:00,70,27.0,4209.0,168.36,0.0,0.0
2025-12-08 17:45:00,59,18.0,4209.0,168.36,0.0,0.0
2025-12-08 18:00:00,60,20.0,4209.0,168.36,0.0,0.0
2025-12-08 18:15:00,57,17.0,4209.0,168.36,0.0,0.0
2025-12-08 18:30:00,58,18.0,4209.0,168.36,0.0,0.0
2025-12-08 18:45:00,60,20.0,4209.0,168.36,0.0,0.0
2025-12-08 19:00:00,60,20.0,4209.0,168.36,0.0,0.0
2025-12-08 19:15:00,63,23.0,4209.0,168.36,0.0,0.0
2025-12-08 19:30:00,56,16.0,4209.0,168.36,0.0,0.0
2025-12-08 19:45:00,61,21.0,4209.0,168.36,0.0,0.0
2025-12-08 20:00:00,58,18.0,4209.0,168.36,0.0,0.0
2025-12-08 20:15:00,57,17.0,4209.0,168.36,0.0,0.0
2025-12-08 20:30:00,58,18.0,4209.0,168.36,0.0,0.0
2025-12-08 20:45:00,54,14.0,4209.0,168.36,0.0,0.0
2025-12-08 21:00:00,57,17.0,4209.0,168.36,0.0,0.0
2025-12-08 21:15:00,61,21.0,4209.0,168.36,0.0,0.0
2025-12-08 21:30:00,57,17.0,4209.0,168.36,0.0,0.0
2025-12-08 21:45:00,58,18.0,4209.0,168.36,0.0,0.0
2025-12-08 22:00:00,59,19.0,4209.0,168.36,7.297265443240388,0.1216210907206731
2025-12-08 22:15:00,57,17.0,4209.0,168.36,14.594530886480776,0.2432421814413462
2025-12-08 22:30:00,59,19.0,4209.0,168.36,13.78419372998351,0.2297365621663918
2025-12-08 22:45:00,59,19.0,4209.0,168.36,14.035455882905184,0.2339242647150864
2025-12-08 23:00:00,56,16.0,4209.0,168.36,14.3909603340694,0.2398493389011566
2025-12-08 23:15:00,55,15.0,4209.0,168.36,13.107224219997414,0.2184537369999569
2025-12-08 23:30:00,55,15.0,4209.0,168.36,14.62753711722169,0.2437922852870281
2025-12-08 23:45:00,57,17.0,4209.0,168.36,13.46811901157032,0.2244686501928386
2025-12-09 00:00:00,55,15.0,4209.0,168.36,13.151148607102316,0.2191858101183719
2025-12-09 00:15:00,56,16.0,4209.0,168.36,15.613520200908434,0.2602253366818072
2025-12-09 00:30:00,57,17.0,4209.0,168.36,13.071160518824394,0.2178526753137399
2025-12-09 00:45:00,60,20.0,4209.0,168.36,15.315158074304303,0.2552526345717384
2025-12-09 01:00:00,59,19.0,4209.0,168.36,14.692675782368378,0.2448779297061396
2025-12-09 01:15:00,56,16.0,4209.0,168.36,14.107521624659713,0.2351253604109952
2025-12-09 01:30:00,58,18.0,4209.0,168.36,14.190498153931532,0.2365083025655255
2025-12-09 01:45:00,57,17.0,4209.0,168.36,15.386233770240342,0.2564372295040057
2025-12-09 02:00:00,62,22.0,4209.0,168.36,12.708082772450894,0.2118013795408482
2025-12-09 02:15:00,58,18.0,4209.0,168.36,14.457883520115216,0.2409647253352536
2025-12-09 02:30:00,57,17.0,4209.0,168.36,15.66419362472566,0.2610698937454276
2025-12-09 02:45:00,60,20.0,4209.0,168.36,12.531170614622631,0.2088528435770438
2025-12-09 03:00:00,62,22.0,4209.0,168.36,15.31696876534372,0.2552828127557286
2025-12-09 03:15:00,60,20.0,4209.0,168.36,15.015656094293504,0.2502609349048917
2025-12-09 03:30:00,56,16.0,4209.0,168.36,13.892376263755189,0.2315396043959197
2025-12-09 03:45:00,57,17.0,4209.0,168.36,15.019737271678776,0.2503289545279796
2025-12-09 04:00:00,61,21.0,4209.0,168.36,16.52170805170709,0.2753618008617848
2025-12-09 04:15:00,56,16.0,4209.0,168.36,11.733204983942862,0.1955534163990477
2025-12-09 04:30:00,55,15.0,4209.0,168.36,13.50019364148605,0.2250032273581008
2025-12-09 04:45:00,57,17.0,4209.0,168.36,13.290640353386214,0.2215106725564369
2025-12-09 05:00:00,60,20.0,4209.0,168.36,12.716404785946123,0.2119400797657687
2025-12-09 05:15:00,61,21.0,4209.0,168.36,17.066543887251907,0.2844423981208651
2025-12-09 05:30:00,58,18.0,4209.0,168.36,11.39103251611586,0.1898505419352643
2025-12-09 05:45:00,61,21.0,4209.0,168.36,17.58919004019354,0.293153167336559
2025-12-09 06:00:00,63,23.0,8100.0,324.0,0.0,0.0
2025-12-09 06:15:00,66,26.0,8100.0,324.0,0.0,0.0
2025-12-09 06:30:00,63,23.0,8100.0,324.0,0.0,0.0
2025-12-09 06:45:00,63,23.0,8100.0,324.0,0.0,0.0
2025-12-09 07:00:00,61,21.0,8100.0,324.0,0.0,0.0
2025-12-09 07:15:00,62,22.0,8100.0,324.0,0.0,0.0
2025-12-09 07:30:00,65,25.0,8100.0,324.0,0.0,0.0
2025-12-09 07:45:00,66,25.0,8100.0,324.0,0.0,0.0
2025-12-09 08:00:00,63,23.0,8100.0,324.0,0.0,0.0
2025-12-09 08:15:00,63,23.0,8100.0,324.0,0.0,0.0
2025-12-09 08:30:00,65,25.0,8100.0,324.0,0.0,0.0
2025-12-09 08:45:00,65,25.0,8100.0,324.0,0.0,0.0
2025-12-09 09:00:00,73,29.0,8100.0,324.0,0.0,0.0
2025-12-09 09:15:00,70,27.0,8100.0,324.0,0.0,0.0
2025-12-09 09:30:00,66,24.0,8100.0,324.0,0.0,0.0
2025-12-09 09:45:00,74,30.0,8100.0,324.0,0.0,0.0
2025-12-09 10:00:00,73,29.0,8100.0,324.0,0.0,0.0
2025-12-09 10:15:00,70,27.0,8100.0,324.0,0.0,0.0
2025-12-09 10:30:00,69,26.0,8100.0,324.0,0.0,0.0
2025-12-09 10:45:00,75,31.0,8100.0,324.0,0.0,0.0
2025-12-09 11:00:00,85,39.0,8100.0,324.0,0.0,0.0
2025-12-09 11:15:00,73,29.0,8100.0,324.0,0.0,0.0
2025-12-09 11:30:00,81,36.0,8100.0,324.0,0.0,0.0
2025-12-09 11:45:00,73,29.0,8100.0,324.0,0.0,0.0
2025-12-09 12:00:00,84,38.0,8100.0,324.0,0.0,0.0
2025-12-09 12:15:00,77,33.0,8100.0,324.0,0.0,0.0
2025-12-09 12:30:00,74,30.0,8100.0,324.0,0.0,0.0
2025-12-09 12:45:00,86,40.0,8100.0,324.0,0.0,0.0
2025-12-09 13:00:00,76,32.0,8100.0,324.0,0.0,0.0
2025-12-09 13:15:00,87,41.0,8100.0,324.0,0.0,0.0
2025-12-09 13:30:00,60,19.0,8100.0,324.0,0.0,0.0
2025-12-09 13:45:00,83,38.0,8100.0,324.0,0.0,0.0
2025-12-09 14:00:00,67,24.0,8100.0,324.0,0.0,0.0
2025-12-09 14:15:00,70,27.0,8100.0,324.0,0.0,0.0
2025-12-09 14:30:00,73,29.0,8100.0,324.0,0.0,0.0
2025-12-09 14:45:00,70,27.0,8100.0,324.0,0.0,0.0
2025-12-09 15:00:00,80,35.0,8100.0,324.0,0.0,0.0
2025-12-09 15:15:00,74,30.0,8100.0,324.0,0.0,0.0
2025-12-09 15:30:00,73,29.0,8100.0,324.0,0.0,0.0
2025-12-09 15:45:00,84,38.0,8100.0,324.0,0.0,0.0
2025-12-09 16:00:00,73,29.0,8100.0,324.0,0.0,0.0
2025-12-09 16:15:00,71,28.0,8100.0,324.0,0.0,0.0
2025-12-09 16:30:00,56,15.0,8100.0,324.0,0.0,0.0
2025-12-09 16:45:00,71,28.0,8100.0,324.0,0.0,0.0
2025-12-09 17:00:00,79,34.0,8100.0,324.0,0.0,0.0
2025-12-09 17:15:00,86,40.0,8100.0,324.0,0.0,0.0
2025-12-09 17:30:00,78,33.0,8100.0,324.0,0.0,0.0
2025-12-09 17:45:00,78,33.0,8100.0,324.0,0.0,0.0
2025-12-09 18:00:00,65,25.0,8100.0,324.0,0.0,0.0
2025-12-09 18:15:00,59,19.0,8100.0,324.0,0.0,0.0
2025-12-09 18:30:00,66,26.0,8100.0,324.0,0.0,0.0
2025-12-09 18:45:00,68,28.0,8100.0,324.0,0.0,0.0
2025-12-09 19:00:00,65,25.0,8100.0,324.0,0.0,0.0
2025-12-09 19:15:00,63,23.0,8100.0,324.0,0.0,0.0
2025-12-09 19:30:00,67,27.0,8100.0,324.0,0.0,0.0
2025-12-09 19:45:00,65,25.0,8100.0,324.0,0.0,0.0
2025-12-09 20:00:00,64,24.0,8100.0,324.0,0.0,0.0
2025-12-09 20:15:00,63,23.0,8100.0,324.0,0.0,0.0
2025-12-09 20:30:00,62,22.0,8100.0,324.0,0.0,0.0
2025-12-09 20:45:00,66,26.0,8100.0,324.0,0.0,0.0
2025-12-09 21:00:00,66,26.0,8100.0,324.0,0.0,0.0
2025-12-09 21:15:00,63,23.0,8100.0,324.0,0.0,0.0
2025-12-09 21:30:00,64,24.0,8100.0,324.0,0.0,0.0
2025-12-09 21:45:00,66,26.0,8100.0,324.0,0.0,0.0
2025-12-09 22:00:00,63,23.0,8100.0,324.0,12.567327392799363,0.2094554565466561
2025-12-09 22:15:00,63,23.0,8100.0,324.0,9.711538892990012,0.1618589815498335
2025-12-09 22:30:00,65,25.0,8100.0,324.0,11.63483100262651,0.1939138500437751
2025-12-09 22:45:00,66,26.0,8100.0,324.0,6.152187551220315,0.1025364591870052
2025-12-09 23:00:00,63,23.0,8100.0,324.0,11.394361319355394,0.1899060219892565
2025-12-09 23:15:00,63,23.0,8100.0,324.0,10.89633670700814,0.181605611783469
2025-12-09 23:30:00,62,22.0,8100.0,324.0,12.453425064033189,0.2075570844005531
2025-12-09 23:45:00,65,25.0,8100.0,324.0,10.401453887622528,0.1733575647937087
2025-12-10 00:00:00,62,22.0,8100.0,324.0,10.258249120687651,0.1709708186781275
2025-12-10 00:15:00,63,23.0,8100.0,324.0,14.131220114978747,0.2355203352496458
2025-12-10 00:30:00,66,26.0,8100.0,324.0,10.788151934171646,0.1798025322361941
2025-12-10 00:45:00,62,22.0,8100.0,324.0,11.290761226290003,0.1881793537715
2025-12-10 01:00:00,64,24.0,8100.0,324.0,10.345303843719725,0.172421730728662
2025-12-10 01:15:00,66,26.0,8100.0,324.0,7.280063523608899,0.1213343920601483
2025-12-10 01:30:00,66,26.0,8100.0,324.0,11.250081731196932,0.1875013621866155
2025-12-10 01:45:00,67,27.0,8100.0,324.0,9.282442795419632,0.15470737992366052
2025-12-10 02:00:00,66,26.0,8100.0,324.0,7.314803859642331,0.1219133976607055
2025-12-10 02:15:00,67,27.0,8100.0,324.0,8.361564019965698,0.1393594003327616
2025-12-10 02:30:00,68,28.0,8100.0,324.0,13.778675851117775,0.2296445975186296
2025-12-10 02:45:00,65,25.0,8100.0,324.0,11.082468394291,0.1847078065715166
2025-12-10 03:00:00,65,25.0,8100.0,324.0,9.254528346796622,0.154242139113277
2025-12-10 03:15:00,63,23.0,8100.0,324.0,11.823042971224796,0.1970507161870799
2025-12-10 03:30:00,66,26.0,8100.0,324.0,14.223213314791746,0.2370535552465291
2025-12-10 03:45:00,65,25.0,8100.0,324.0,9.212068549216951,0.1535344758202825
2025-12-10 04:00:00,64,24.0,8100.0,324.0,7.500948457498882,0.1250158076249813
2025-12-10 04:15:00,64,24.0,8100.0,324.0,10.721779036065607,0.1786963172677601
2025-12-10 04:30:00,63,23.0,8100.0,324.0,10.745075171287317,0.1790845861881219
2025-12-10 04:45:00,64,23.0,8100.0,324.0,10.644364573891497,0.17740607623152488
2025-12-10 05:00:00,62,22.0,8100.0,324.0,10.543653976495676,0.1757275662749279
2025-12-10 05:15:00,68,28.0,8100.0,324.0,10.677155194654848,0.1779525865775807
2025-12-10 05:30:00,66,26.0,8100.0,324.0,15.44165504069136,0.257360917344856
2025-12-10 05:45:00,65,25.0,8100.0,324.0,11.646891295237364,0.1941148549206227
2025-12-10 06:00:00,67,27.0,6368.0,254.72,0.0,0.0
2025-12-10 06:15:00,68,28.0,6368.0,254.72,0.0,0.0
2025-12-10 06:30:00,63,23.0,6368.0,254.72,0.0,0.0
2025-12-10 06:45:00,63,23.0,6368.0,254.72,0.0,0.0
2025-12-10 07:00:00,66,26.0,6368.0,254.72,0.0,0.0
2025-12-10 07:15:00,64,24.0,6368.0,254.72,0.0,0.0
2025-12-10 07:30:00,64,24.0,6368.0,254.72,0.0,0.0
2025-12-10 07:45:00,62,22.0,6368.0,254.72,0.0,0.0
2025-12-10 08:00:00,63,23.0,6368.0,254.72,0.0,0.0
2025-12-10 08:15:00,66,26.0,6368.0,254.72,0.0,0.0
2025-12-10 08:30:00,62,22.0,6368.0,254.72,0.0,0.0
2025-12-10 08:45:00,63,23.0,6368.0,254.72,0.0,0.0
2025-12-10 09:00:00,60,19.0,6368.0,254.72,0.0,0.0
2025-12-10 09:15:00,68,25.0,6368.0,254.72,0.0,0.0
2025-12-10 09:30:00,55,15.0,6368.0,254.72,0.0,0.0
2025-12-10 09:45:00,80,35.0,6368.0,254.72,0.0,0.0
2025-12-10 10:00:00,55,15.0,6368.0,254.72,0.0,0.0
2025-12-10 10:15:00,79,34.0,6368.0,254.72,0.0,0.0
2025-12-10 10:30:00,68,25.0,6368.0,254.72,0.0,0.0
2025-12-10 10:45:00,83,38.0,6368.0,254.72,0.0,0.0
2025-12-10 11:00:00,68,25.0,6368.0,254.72,0.0,0.0
2025-12-10 11:15:00,68,25.0,6368.0,254.72,0.0,0.0
2025-12-10 11:30:00,82,37.0,6368.0,254.72,0.0,0.0
2025-12-10 11:45:00,69,37.0,6368.0,254.72,0.0,0.0
2025-12-10 12:00:00,68,25.0,6368.0,254.72,0.0,0.0
2025-12-10 12:15:00,82,37.0,6368.0,254.72,0.0,0.0
2025-12-10 12:30:00,59,18.0,6368.0,254.72,0.0,0.0
2025-12-10 12:45:00,78,33.0,6368.0,254.72,0.0,0.0
2025-12-10 13:00:00,83,38.0,6368.0,254.72,0.0,0.0
2025-12-10 13:15:00,69,26.0,6368.0,254.72,0.0,0.0
2025-12-10 13:30:00,82,37.0,6368.0,254.72,0.0,0.0
2025-12-10 13:45:00,72,29.0,6368.0,254.72,0.0,0.0
2025-12-10 14:00:00,83,38.0,6368.0,254.72,0.0,0.0
2025-12-10 14:15:00,65,23.0,6368.0,254.72,0.0,0.0
2025-12-10 14:30:00,84,38.0,6368.0,254.72,0.0,0.0
2025-12-10 14:45:00,80,35.0,6368.0,254.72,0.0,0.0
2025-12-10 15:00:00,74,30.0,6368.0,254.72,0.0,0.0
2025-12-10 15:15:00,80,35.0,6368.0,254.72,0.0,0.0
2025-12-10 15:30:00,82,37.0,6368.0,254.72,0.0,0.0
2025-12-10 15:45:00,55,15.0,6368.0,254.72,0.0,0.0
2025-12-10 16:00:00,83,38.0,6368.0,254.72,0.0,0.0
2025-12-10 16:15:00,90,43.0,6368.0,254.72,0.0,0.0
2025-12-10 16:30:00,58,17.0,6368.0,254.72,0.0,0.0
2025-12-10 16:45:00,82,37.0,6368.0,254.72,0.0,0.0
2025-12-10 17:00:00,71,28.0,6368.0,254.72,0.0,0.0
2025-12-10 17:15:00,72,29.0,6368.0,254.72,0.0,0.0
2025-12-10 17:30:00,89,43.0,6368.0,254.72,0.0,0.0
2025-12-10 17:45:00,55,15.0,6368.0,254.72,0.0,0.0
2025-12-10 18:00:00,60,20.0,6368.0,254.72,0.0,0.0
2025-12-10 18:15:00,57,17.0,6368.0,254.72,0.0,0.0
2025-12-10 18:30:00,54,14.0,6368.0,254.72,0.0,0.0
2025-12-10 18:45:00,56,16.0,6368.0,254.72,0.0,0.0
2025-12-10 19:00:00,59,19.0,6368.0,254.72,0.0,0.0
2025-12-10 19:15:00,57,17.0,6368.0,254.72,0.0,0.0
2025-12-10 19:30:00,57,17.0,6368.0,254.72,0.0,0.0
2025-12-10 19:45:00,59,19.0,6368.0,254.72,0.0,0.0
2025-12-10 20:00:00,55,15.0,6368.0,254.72,0.0,0.0
2025-12-10 20:15:00,59,19.0,6368.0,254.72,0.0,0.0
2025-12-10 20:30:00,54,14.0,6368.0,254.72,0.0,0.0
2025-12-10 20:45:00,58,18.0,6368.0,254.72,0.0,0.0
2025-12-10 21:00:00,61,21.0,6368.0,254.72,0.0,0.0
2025-12-10 21:15:00,58,18.0,6368.0,254.72,0.0,0.0
2025-12-10 21:30:00,61,21.0,6368.0,254.72,0.0,0.0
2025-12-10 21:45:00,55,15.0,6368.0,254.72,0.0,0.0
2025-12-10 22:00:00,59,19.0,6368.0,254.72,14.89699099376896,0.2482831832294826
2025-12-10 22:15:00,55,15.0,6368.0,254.72,14.520446947844402,0.24200744913074
2025-12-10 22:30:00,58,18.0,6368.0,254.72,14.646263390993258,0.2441043898498876
2025-12-10 22:45:00,56,16.0,6368.0,254.72,15.314911909951414,0.2552485318325235
2025-12-10 23:00:00,58,18.0,6368.0,254.72,15.199096942815268,0.2533182823802545
2025-12-10 23:15:00,57,17.0,6368.0,254.72,16.880956486135222,0.2813492747689203
2025-12-10 23:30:00,56,16.0,6368.0,254.72,16.025337436267648,0.2670889572711274
2025-12-10 23:45:00,59,19.0,6368.0,254.72,15.24937511708383,0.2541562519513972
2025-12-11 00:00:00,55,15.0,6368.0,254.72,9.270089223626094,0.1545014870604349
2025-12-11 00:15:00,58,18.0,6368.0,254.72,12.43716521264272,0.2072860868773786
2025-12-11 00:30:00,58,18.0,6368.0,254.72,13.680040191776964,0.2280006698629494
2025-12-11 00:45:00,60,20.0,6368.0,254.72,14.343812164688709,0.2390635360781451
2025-12-11 01:00:00,58,18.0,6368.0,254.72,14.832910589777862,0.2472151764962977
2025-12-11 01:15:00,57,17.0,6368.0,254.72,16.730031098587233,0.2788338516431205
2025-12-11 01:30:00,59,19.0,6368.0,254.72,12.202904182930103,0.2033817363821684
2025-12-11 01:45:00,57,17.0,6368.0,254.72,14.452850755706114,0.2408808459284352
2025-12-11 02:00:00,62,22.0,6368.0,254.72,15.953783558997776,0.2658963926499629
2025-12-11 02:15:00,60,20.0,6368.0,254.72,12.669700500035905,0.2111616750005984
2025-12-11 02:30:00,59,19.0,6368.0,254.72,10.992993052461832,0.1832165508743638
2025-12-11 02:45:00,57,17.0,6368.0,254.72,16.341898346922303,0.272364972448705
2025-12-11 03:00:00,55,15.0,6368.0,254.72,15.47721967243681,0.2579536612072802
2025-12-11 03:15:00,57,17.0,6368.0,254.72,12.725644355141265,0.2120940725856877
2025-12-11 03:30:00,59,19.0,6368.0,254.72,14.74407512343011,0.2457345853905018
2025-12-11 03:45:00,55,15.0,6368.0,254.72,13.856312254442424,0.2309385375740404
2025-12-11 04:00:00,58,18.0,6368.0,254.72,9.975934768189417,0.1662655794698236
2025-12-11 04:15:00,58,18.0,6368.0,254.72,14.06067868645452,0.234344644774242
2025-12-11 04:30:00,56,16.0,6368.0,254.72,15.186534910982589,0.2531089151830431
2025-12-11 04:45:00,57,17.0,6368.0,254.72,16.31239113551066,0.2718731855918443
2025-12-11 05:00:00,56,17.0,6368.0,254.72,14.87815488026028,0.2479692480043379
2025-12-11 05:15:00,57,17.0,6368.0,254.72,13.604978589736175,0.2267496431622696
2025-12-11 05:30:00,56,16.0,6368.0,254.72,15.48632217817224,0.258105369636204
2025-12-11 05:45:00,60,20.0,6368.0,254.72,14.987955803040911,0.2497992633840152
2025-12-11 06:00:00,60,20.0,9754.0,390.16,0.0,0.0
2025-12-11 06:15:00,55,15.0,9754.0,390.16,0.0,0.0
2025-12-11 06:30:00,59,19.0,9754.0,390.16,0.0,0.0
2025-12-11 06:45:00,61,19.0,9754.0,390.16,0.0,0.0
2025-12-11 07:00:00,59,19.0,9754.0,390.16,0.0,0.0
2025-12-11 07:15:00,65,25.0,9754.0,390.16,0.0,0.0
2025-12-11 07:30:00,58,18.0,9754.0,390.16,0.0,0.0
2025-12-11 07:45:00,61,21.0,9754.0,390.16,0.0,0.0
2025-12-11 08:00:00,61,21.0,9754.0,390.16,0.0,0.0
2025-12-11 08:15:00,61,21.0,9754.0,390.16,0.0,0.0
2025-12-11 08:30:00,60,20.0,9754.0,390.16,0.0,0.0
2025-12-11 08:45:00,60,20.0,9754.0,390.16,0.0,0.0
2025-12-11 09:00:00,75,31.0,9754.0,390.16,0.0,0.0
2025-12-11 09:15:00,81,36.0,9754.0,390.16,0.0,0.0
2025-12-11 09:30:00,80,35.0,9754.0,390.16,0.0,0.0
2025-12-11 09:45:00,85,39.0,9754.0,390.16,0.0,0.0
2025-12-11 10:00:00,74,30.0,9754.0,390.16,0.0,0.0
2025-12-11 10:15:00,76,32.0,9754.0,390.16,0.0,0.0
2025-12-11 10:30:00,76,32.0,9754.0,390.16,0.0,0.0
2025-12-11 10:45:00,76,32.0,9754.0,390.16,0.0,0.0
2025-12-11 11:00:00,73,29.0,9754.0,390.16,0.0,0.0
2025-12-11 11:15:00,78,33.0,9754.0,390.16,0.0,0.0
2025-12-11 11:30:00,74,30.0,9754.0,390.16,0.0,0.0
2025-12-11 11:45:00,85,39.0,9754.0,390.16,0.0,0.0
2025-12-11 12:00:00,80,35.0,9754.0,390.16,0.0,0.0
2025-12-11 12:15:00,81,36.0,9754.0,390.16,0.0,0.0
2025-12-11 12:30:00,88,42.0,9754.0,390.16,0.0,0.0
2025-12-11 12:45:00,59,18.0,9754.0,390.16,0.0,0.0
2025-12-11 13:00:00,72,29.0,9754.0,390.16,0.0,0.0
2025-12-11 13:15:00,79,34.0,9754.0,390.16,0.0,0.0
2025-12-11 13:30:00,90,43.0,9754.0,390.16,0.0,0.0
2025-12-11 13:45:00,82,37.0,9754.0,390.16,0.0,0.0
2025-12-11 14:00:00,90,37.0,9754.0,390.16,0.0,0.0
2025-12-11 14:15:00,87,41.0,9754.0,390.16,0.0,0.0
2025-12-11 14:30:00,77,33.0,9754.0,390.16,0.0,0.0
2025-12-11 14:45:00,77,33.0,9754.0,390.16,0.0,0.0
2025-12-11 15:00:00,67,33.0,9754.0,390.16,0.0,0.0
2025-12-11 15:15:00,69,26.0,9754.0,390.16,0.0,0.0
2025-12-11 15:30:00,87,41.0,9754.0,390.16,0.0,0.0
2025-12-11 15:45:00,72,29.0,9754.0,390.16,0.0,0.0
2025-12-11 16:00:00,77,33.0,9754.0,390.16,0.0,0.0
2025-12-11 16:15:00,88,42.0,9754.0,390.16,0.0,0.0
2025-12-11 16:30:00,72,29.0,9754.0,390.16,0.0,0.0
2025-12-11 16:45:00,69,29.0,9754.0,390.16,0.0,0.0
2025-12-11 17:00:00,76,32.0,9754.0,390.16,0.0,0.0
2025-12-11 17:15:00,82,37.0,9754.0,390.16,0.0,0.0
2025-12-11 17:30:00,72,29.0,9754.0,390.16,0.0,0.0
2025-12-11 17:45:00,78,33.0,9754.0,390.16,0.0,0.0
2025-12-11 18:00:00,56,16.0,9754.0,390.16,0.0,0.0
2025-12-11 18:15:00,56,16.0,9754.0,390.16,0.0,0.0
2025-12-11 18:30:00,52,12.0,9754.0,390.16,0.0,0.0
2025-12-11 18:45:00,60,20.0,9754.0,390.16,0.0,0.0
2025-12-11 19:00:00,56,16.0,9754.0,390.16,0.0,0.0
2025-12-11 19:15:00,52,12.0,9754.0,390.16,0.0,0.0
2025-12-11 19:30:00,59,19.0,9754.0,390.16,0.0,0.0
2025-12-11 19:45:00,55,15.0,9754.0,390.16,0.0,0.0
2025-12-11 20:00:00,55,15.0,9754.0,390.16,0.0,0.0
2025-12-11 20:15:00,54,14.0,9754.0,390.16,0.0,0.0
2025-12-11 20:30:00,56,16.0,9754.0,390.16,0.0,0.0
2025-12-11 20:45:00,55,15.0,9754.0,390.16,0.0,0.0
2025-12-11 21:00:00,54,14.0,9754.0,390.16,0.0,0.0
2025-12-11 21:15:00,56,16.0,9754.0,390.16,0.0,0.0
2025-12-11 21:30:00,55,15.0,9754.0,390.16,0.0,0.0
2025-12-11 21:45:00,54,14.0,9754.0,390.16,0.0,0.0
2025-12-11 22:00:00,56,16.0,9754.0,390.16,10.366763247619849,0.1727793874603308
2025-12-11 22:15:00,58,18.0,9754.0,390.16,10.48157196103611,0.1746928660172685
2025-12-11 22:30:00,53,13.0,9754.0,390.16,12.977690206809068,0.2162948367801511
2025-12-11 22:45:00,57,17.0,9754.0,390.16,7.948446118122204,0.1324741019687034
2025-12-11 23:00:00,52,12.0,9754.0,390.16,11.958779219492731,0.1993129869915455
2025-12-11 23:15:00,57,17.0,9754.0,390.16,10.41750475350072,0.1736250792250119
2025-12-11 23:30:00,57,17.0,9754.0,390.16,12.643116219962048,0.2107186036660341
2025-12-11 23:45:00,56,16.0,9754.0,390.16,11.598967545686252,0.1933161257614375
2025-12-12 00:00:00,55,15.0,9754.0,390.16,8.552434766882325,0.1425405794480387
2025-12-12 00:15:00,56,16.0,9754.0,390.16,9.076410708502337,0.1512735118083722
2025-12-12 00:30:00,51,11.0,9754.0,390.16,11.536423005013589,0.1922737167502264
2025-12-12 00:45:00,52,12.0,9754.0,390.16,9.944028628569786,0.1657338104761631
2025-12-12 01:00:00,60,20.0,9754.0,390.16,10.550187746685848,0.1758364624447641
2025-12-12 01:15:00,57,17.0,9754.0,390.16,9.473549835380524,0.157892497256342
2025-12-12 01:30:00,57,17.0,9754.0,390.16,16.177154415875012,0.2696192402645835
2025-12-12 01:45:00,60,20.0,9754.0,390.16,9.52452076333931,0.1587420127223218
2025-12-12 02:00:00,54,14.0,9754.0,390.16,11.15464269407881,0.1859107115679801
2025-12-12 02:15:00,59,19.0,9754.0,390.16,9.542410927352227,0.1590401821225371
2025-12-12 02:30:00,57,17.0,9754.0,390.16,9.227633311085302,0.1537938885180883
2025-12-12 02:45:00,57,17.0,9754.0,390.16,13.095192401404214,0.2182532066900702
2025-12-12 03:00:00,55,15.0,9754.0,390.16,12.59223953184735,0.2098706588641224
2025-12-12 03:15:00,54,14.0,9754.0,390.16,8.87598663428943,0.1479331105714904
2025-12-12 03:30:00,54,14.0,9754.0,390.16,9.261503483450948,0.1543583913908491
2025-12-12 03:45:00,55,15.0,9754.0,390.16,11.437889122158165,0.1906314853693027
2025-12-12 04:00:00,58,18.0,9754.0,390.16,11.840606896177723,0.1973434482696287
2025-12-12 04:15:00,55,15.0,9754.0,390.16,12.882376682188353,0.2147062780364725
2025-12-12 04:30:00,57,17.0,9754.0,390.16,9.543183797218308,0.1590530632869718
2025-12-12 04:45:00,55,15.0,9754.0,390.16,14.470975613473392,0.2411829268912232
2025-12-12 05:00:00,55,15.0,9754.0,390.16,10.187307836810632,0.1697884639468438
2025-12-12 05:15:00,59,19.0,9754.0,390.16,9.861312239341965,0.1643552039890327
2025-12-12 05:30:00,57,17.0,9754.0,390.16,10.621307129114431,0.17702178548524045
2025-12-12 05:45:00,55,15.0,9754.0,390.16,11.381302018886895,0.1896883669814482
2025-12-12 06:00:00,60,20.0,8556.0,342.24,0.0,0.0
2025-12-12 06:15:00,60,20.0,8556.0,342.24,0.0,0.0
2025-12-12 06:30:00,58,18.0,8556.0,342.24,0.0,0.0
2025-12-12 06:45:00,62,22.0,8556.0,342.24,0.0,0.0
2025-12-12 07:00:00,61,21.0,8556.0,342.24,0.0,0.0
2025-12-12 07:15:00,59,19.0,8556.0,342.24,0.0,0.0
2025-12-12 07:30:00,61,21.0,8556.0,342.24,0.0,0.0
2025-12-12 07:45:00,57,17.0,8556.0,342.24,0.0,0.0
2025-12-12 08:00:00,59,19.0,8556.0,342.24,0.0,0.0
2025-12-12 08:15:00,62,22.0,8556.0,342.24,0.0,0.0
2025-12-12 08:30:00,57,17.0,8556.0,342.24,0.0,0.0
2025-12-12 08:45:00,61,21.0,8556.0,342.24,0.0,0.0
2025-12-12 09:00:00,74,30.0,8556.0,342.24,0.0,0.0
2025-12-12 09:15:00,67,24.0,8556.0,342.24,0.0,0.0
2025-12-12 09:30:00,77,33.0,8556.0,342.24,0.0,0.0
2025-12-12 09:45:00,71,28.0,8556.0,342.24,0.0,0.0
2025-12-12 10:00:00,79,34.0,8556.0,342.24,0.0,0.0
2025-12-12 10:15:00,75,31.0,8556.0,342.24,0.0,0.0
2025-12-12 10:30:00,81,36.0,8556.0,342.24,0.0,0.0
2025-12-12 10:45:00,70,27.0,8556.0,342.24,0.0,0.0
2025-12-12 11:00:00,66,24.0,8556.0,342.24,0.0,0.0
2025-12-12 11:15:00,68,25.0,8556.0,342.24,0.0,0.0
2025-12-12 11:30:00,70,27.0,8556.0,342.24,0.0,0.0
2025-12-12 11:45:00,69,26.0,8556.0,342.24,0.0,0.0
2025-12-12 12:00:00,152,89.0,8556.0,342.24,0.0,0.0
2025-12-12 12:15:00,154,90.0,8556.0,342.24,0.0,0.0
2025-12-12 12:30:00,153,89.0,8556.0,342.24,0.0,0.0
2025-12-12 12:45:00,80,35.0,8556.0,342.24,0.0,0.0
2025-12-12 13:00:00,75,31.0,8556.0,342.24,0.0,0.0
2025-12-12 13:15:00,66,24.0,8556.0,342.24,0.0,0.0
2025-12-12 13:30:00,69,26.0,8556.0,342.24,0.0,0.0
2025-12-12 13:45:00,73,29.0,8556.0,342.24,0.0,0.0
2025-12-12 14:00:00,69,26.0,8556.0,342.24,0.0,0.0
2025-12-12 14:15:00,76,32.0,8556.0,342.24,0.0,0.0
2025-12-12 14:30:00,75,31.0,8556.0,342.24,0.0,0.0
2025-12-12 14:45:00,73,29.0,8556.0,342.24,0.0,0.0
2025-12-12 15:00:00,73,29.0,8556.0,342.24,0.0,0.0
2025-12-12 15:15:00,73,29.0,8556.0,342.24,0.0,0.0
2025-12-12 15:30:00,65,23.0,8556.0,342.24,0.0,0.0
2025-12-12 15:45:00,63,21.0,8556.0,342.24,0.0,0.0
2025-12-12 16:00:00,70,27.0,8556.0,342.24,0.0,0.0
2025-12-12 16:15:00,68,25.0,8556.0,342.24,0.0,0.0
2025-12-12 16:30:00,59,18.0,8556.0,342.24,0.0,0.0
2025-12-12 16:45:00,71,28.0,8556.0,342.24,0.0,0.0
2025-12-12 17:00:00,77,33.0,8556.0,342.24,0.0,0.0
2025-12-12 17:15:00,67,24.0,8556.0,342.24,0.0,0.0
2025-12-12 17:30:00,74,30.0,8556.0,342.24,0.0,0.0
2025-12-12 17:45:00,75,31.0,8556.0,342.24,0.0,0.0
2025-12-12 18:00:00,57,17.0,8556.0,342.24,0.0,0.0
2025-12-12 18:15:00,56,16.0,8556.0,342.24,0.0,0.0
2025-12-12 18:30:00,56,16.0,8556.0,342.24,0.0,0.0
2025-12-12 18:45:00,56,16.0,8556.0,342.24,0.0,0.0
2025-12-12 19:00:00,56,16.0,8556.0,342.24,0.0,0.0
2025-12-12 19:15:00,56,16.0,8556.0,342.24,0.0,0.0
2025-12-12 19:30:00,57,17.0,8556.0,342.24,0.0,0.0
2025-12-12 19:45:00,59,19.0,8556.0,342.24,0.0,0.0
2025-12-12 20:00:00,61,21.0,8556.0,342.24,0.0,0.0
2025-12-12 20:15:00,58,18.0,8556.0,342.24,0.0,0.0
2025-12-12 20:30:00,61,21.0,8556.0,342.24,0.0,0.0
2025-12-12 20:45:00,56,16.0,8556.0,342.24,0.0,0.0
2025-12-12 21:00:00,58,18.0,8556.0,342.24,0.0,0.0
2025-12-12 21:15:00,59,19.0,8556.0,342.24,0.0,0.0
2025-12-12 21:30:00,57,17.0,8556.0,342.24,0.0,0.0
2025-12-12 21:45:00,56,16.0,8556.0,342.24,0.0,0.0
2025-12-12 22:00:00,57,17.0,8556.0,342.24,14.59605434354112,0.243267572392352
2025-12-12 22:15:00,57,17.0,8556.0,342.24,14.047757078083992,0.2341292846347332
2025-12-12 22:30:00,60,20.0,8556.0,342.24,14.749829649809351,0.2458304941634891
2025-12-12 22:45:00,56,16.0,8556.0,342.24,13.20819914334774,0.220136652389129
2025-12-12 23:00:00,61,21.0,8556.0,342.24,14.413952895780342,0.2402325482630057
2025-12-12 23:15:00,57,17.0,8556.0,342.24,14.434690924673571,0.2405781820778929
2025-12-12 23:30:00,57,17.0,8556.0,342.24,13.466909631356453,0.2244484938559408
2025-12-12 23:45:00,56,16.0,8556.0,342.24,14.653068386759678,0.2442178064459946
2025-12-13 00:00:00,57,17.0,8556.0,342.24,19.09024173056768,0.3181706955094612
2025-12-13 00:15:00,58,18.0,8556.0,342.24,18.32919936891441,0.3054866561485735
2025-12-13 00:30:00,56,16.0,8556.0,342.24,13.136636720427424,0.218943945340457
2025-12-13 00:45:00,56,16.0,8556.0,342.24,13.586271754070427,0.2264378625678404
2025-12-13 01:00:00,56,16.0,8556.0,342.24,10.603070706844887,0.1767178451140814
2025-12-13 01:15:00,58,18.0,8556.0,342.24,15.76802827718392,0.2628004712863986
2025-12-13 01:30:00,59,19.0,8556.0,342.24,11.790199337456762,0.196503322290946
2025-12-13 01:45:00,57,17.0,8556.0,342.24,13.886165794684214,0.2314360965780702
2025-12-13 02:00:00,58,18.0,8556.0,342.24,13.067899271234412,0.2177983211872402
2025-12-13 02:15:00,55,15.0,8556.0,342.24,16.413409650714122,0.273556827511902
2025-12-13 02:30:00,59,19.0,8556.0,342.24,17.190290239951015,0.2865048373325169
2025-12-13 02:45:00,59,19.0,8556.0,342.24,13.678240548963297,0.2279706758160549
2025-12-13 03:00:00,56,16.0,8556.0,342.24,14.91740320868576,0.2486233868114293
2025-12-13 03:15:00,56,16.0,8556.0,342.24,14.889753159032573,0.2481625526505428
2025-12-13 03:30:00,56,16.0,8556.0,342.24,12.142880255660334,0.2023813375943389
2025-12-13 03:45:00,56,16.0,8556.0,342.24,18.797727138995768,0.3132954523165961
2025-12-13 04:00:00,60,20.0,8556.0,342.24,14.854901997595835,0.2475816999599306
2025-12-13 04:15:00,58,18.0,8556.0,342.24,14.115497113659504,0.2352582852276584
2025-12-13 04:30:00,57,17.0,8556.0,342.24,16.696239797590096,0.2782706632931682
2025-12-13 04:45:00,56,16.0,8556.0,342.24,17.30070722212174,0.2883451203686957
2025-12-13 05:00:00,59,19.0,8556.0,342.24,14.054906056439986,0.2342484342739997
2025-12-13 05:15:00,55,15.0,8556.0,342.24,14.112083569155054,0.2352013928192509
2025-12-13 05:30:00,58,18.0,8556.0,342.24,15.249406171617691,0.2541567695269615
2025-12-13 05:45:00,63,23.0,8556.0,342.24,11.01050556265042,0.1835084260441736
2025-12-13 06:00:00,58,18.0,14856.0,594.24,0.0,0.0
2025-12-13 06:15:00,57,17.0,14856.0,594.24,0.0,0.0
2025-12-13 06:30:00,59,17.0,14856.0,594.24,0.0,0.0
2025-12-13 06:45:00,55,15.0,14856.0,594.24,0.0,0.0
2025-12-13 07:00:00,59,19.0,14856.0,594.24,0.0,0.0
2025-12-13 07:15:00,60,20.0,14856.0,594.24,0.0,0.0
2025-12-13 07:30:00,60,20.0,14856.0,594.24,0.0,0.0
2025-12-13 07:45:00,62,22.0,14856.0,594.24,0.0,0.0
2025-12-13 08:00:00,57,17.0,14856.0,594.24,0.0,0.0
2025-12-13 08:15:00,56,16.0,14856.0,594.24,0.0,0.0
2025-12-13 08:30:00,58,18.0,14856.0,594.24,0.0,0.0
2025-12-13 08:45:00,58,18.0,14856.0,594.24,0.0,0.0
2025-12-13 09:00:00,79,34.0,14856.0,594.24,0.0,0.0
2025-12-13 09:15:00,77,33.0,14856.0,594.24,0.0,0.0
2025-12-13 09:30:00,75,31.0,14856.0,594.24,0.0,0.0
2025-12-13 09:45:00,68,25.0,14856.0,594.24,0.0,0.0
2025-12-13 10:00:00,78,33.0,14856.0,594.24,0.0,0.0
2025-12-13 10:15:00,79,34.0,14856.0,594.24,0.0,0.0
2025-12-13 10:30:00,79,34.0,14856.0,594.24,0.0,0.0
2025-12-13 10:45:00,74,30.0,14856.0,594.24,0.0,0.0
2025-12-13 11:00:00,83,38.0,14856.0,594.24,0.0,0.0
2025-12-13 11:15:00,70,27.0,14856.0,594.24,0.0,0.0
2025-12-13 11:30:00,59,18.0,14856.0,594.24,0.0,0.0
2025-12-13 11:45:00,78,33.0,14856.0,594.24,0.0,0.0
2025-12-13 12:00:00,70,27.0,14856.0,594.24,0.0,0.0
2025-12-13 12:15:00,67,24.0,14856.0,594.24,0.0,0.0
2025-12-13 12:30:00,73,24.0,14856.0,594.24,0.0,0.0
2025-12-13 12:45:00,60,19.0,14856.0,594.24,0.0,0.0
2025-12-13 13:00:00,66,24.0,14856.0,594.24,0.0,0.0
2025-12-13 13:15:00,71,28.0,14856.0,594.24,0.0,0.0
2025-12-13 13:30:00,74,30.0,14856.0,594.24,0.0,0.0
2025-12-13 13:45:00,87,41.0,14856.0,594.24,0.0,0.0
2025-12-13 14:00:00,72,29.0,14856.0,594.24,0.0,0.0
2025-12-13 14:15:00,75,31.0,14856.0,594.24,0.0,0.0
2025-12-13 14:30:00,68,25.0,14856.0,594.24,0.0,0.0
2025-12-13 14:45:00,80,35.0,14856.0,594.24,0.0,0.0
2025-12-13 15:00:00,77,33.0,14856.0,594.24,0.0,0.0
2025-12-13 15:15:00,79,34.0,14856.0,594.24,0.0,0.0
2025-12-13 15:30:00,59,18.0,14856.0,594.24,0.0,0.0
2025-12-13 15:45:00,70,27.0,14856.0,594.24,0.0,0.0
2025-12-13 16:00:00,79,34.0,14856.0,594.24,0.0,0.0
2025-12-13 16:15:00,72,29.0,14856.0,594.24,0.0,0.0
2025-12-13 16:30:00,73,29.0,14856.0,594.24,0.0,0.0
2025-12-13 16:45:00,80,29.0,14856.0,594.24,0.0,0.0
2025-12-13 17:00:00,67,24.0,14856.0,594.24,0.0,0.0
2025-12-13 17:15:00,66,24.0,14856.0,594.24,0.0,0.0
2025-12-13 17:30:00,68,25.0,14856.0,594.24,0.0,0.0
2025-12-13 17:45:00,83,38.0,14856.0,594.24,0.0,0.0
2025-12-13 18:00:00,62,22.0,14856.0,594.24,0.0,0.0
2025-12-13 18:15:00,61,21.0,14856.0,594.24,0.0,0.0
2025-12-13 18:30:00,60,20.0,14856.0,594.24,0.0,0.0
2025-12-13 18:45:00,58,18.0,14856.0,594.24,0.0,0.0
2025-12-13 19:00:00,57,17.0,14856.0,594.24,0.0,0.0
2025-12-13 19:15:00,59,19.0,14856.0,594.24,0.0,0.0
2025-12-13 19:30:00,56,16.0,14856.0,594.24,0.0,0.0
2025-12-13 19:45:00,59,19.0,14856.0,594.24,0.0,0.0
2025-12-13 20:00:00,57,17.0,14856.0,594.24,0.0,0.0
2025-12-13 20:15:00,63,23.0,14856.0,594.24,0.0,0.0
2025-12-13 20:30:00,60,20.0,14856.0,594.24,0.0,0.0
2025-12-13 20:45:00,56,16.0,14856.0,594.24,0.0,0.0
2025-12-13 21:00:00,61,21.0,14856.0,594.24,0.0,0.0
2025-12-13 21:15:00,63,23.0,14856.0,594.24,0.0,0.0
2025-12-13 21:30:00,58,18.0,14856.0,594.24,0.0,0.0
2025-12-13 21:45:00,60,20.0,14856.0,594.24,0.0,0.0
2025-12-13 22:00:00,61,21.0,14856.0,594.24,8.148270748650718,0.1358045124775119
2025-12-13 22:15:00,57,17.0,14856.0,594.24,8.16085663357232,0.1360142772262053
2025-12-13 22:30:00,57,17.0,14856.0,594.24,12.348076471954764,0.2058012745325794
2025-12-13 22:45:00,60,20.0,14856.0,594.24,14.135385056751854,0.2355897509458642
2025-12-13 23:00:00,58,18.0,14856.0,594.24,13.64805166240559,0.2274675277067598
2025-12-13 23:15:00,56,16.0,14856.0,594.24,7.597442535138059,0.1266240422523009
2025-12-13 23:30:00,60,20.0,14856.0,594.24,10.812823210464847,0.1802137201744141
2025-12-13 23:45:00,60,20.0,14856.0,594.24,10.477337031856802,0.17462228386428
2025-12-14 00:00:00,60,20.0,14856.0,594.24,10.83752456731588,0.1806254094552646
2025-12-14 00:15:00,60,20.0,14856.0,594.24,14.285180939705082,0.2380863489950847
2025-12-14 00:30:00,61,21.0,14856.0,594.24,10.410874844888864,0.1735145807481477
2025-12-14 00:45:00,61,21.0,14856.0,594.24,11.69553440694472,0.1949255734490786
2025-12-14 01:00:00,58,18.0,14856.0,594.24,10.644706304913942,0.17741177174856565
2025-12-14 01:15:00,59,19.0,14856.0,594.24,9.593878202883165,0.1598979700480527
2025-12-14 01:30:00,59,19.0,14856.0,594.24,9.810523300513378,0.1635087216752229
2025-12-14 01:45:00,61,21.0,14856.0,594.24,11.429769193443398,0.1904961532240566
2025-12-14 02:00:00,61,21.0,14856.0,594.24,11.661562223241637,0.1943593703873606
2025-12-14 02:15:00,58,18.0,14856.0,594.24,10.200762749319937,0.1700127124886656
2025-12-14 02:30:00,56,16.0,14856.0,594.24,10.435421073362194,0.1739236845560365
2025-12-14 02:45:00,59,19.0,14856.0,594.24,13.093661781418284,0.2182276963569714
2025-12-14 03:00:00,58,18.0,14856.0,594.24,12.803703159517758,0.2133950526586293
2025-12-14 03:15:00,58,18.0,14856.0,594.24,12.974676020629875,0.2162446003438312
2025-12-14 03:30:00,60,20.0,14856.0,594.24,10.315707346148804,0.1719284557691467
2025-12-14 03:45:00,61,21.0,14856.0,594.24,12.751593049962649,0.2125265508327108
2025-12-14 04:00:00,62,22.0,14856.0,594.24,11.68795962775344,0.194799327129224
2025-12-14 04:15:00,56,16.0,14856.0,594.24,16.921637940955797,0.2820272990159299
2025-12-14 04:30:00,61,21.0,14856.0,594.24,13.484978888639048,0.2247496481439841
2025-12-14 04:45:00,58,18.0,14856.0,594.24,13.888800232836491,0.2314800038806082
2025-12-14 05:00:00,58,18.0,14856.0,594.24,11.364411782569912,0.1894068630428318
2025-12-14 05:15:00,60,20.0,14856.0,594.24,11.598735313366902,0.1933122552227817
2025-12-14 05:30:00,59,19.0,14856.0,594.24,12.704011775679405,0.2117335295946567
2025-12-14 05:45:00,57,17.0,14856.0,594.24,12.250463757861338,0.2041743959643556
2025-12-14 06:00:00,64,24.0,5485.0,219.4,0.0,0.0
2025-12-14 06:15:00,60,20.0,5485.0,219.4,0.0,0.0
2025-12-14 06:30:00,63,23.0,5485.0,219.4,0.0,0.0
2025-12-14 06:45:00,62,22.0,5485.0,219.4,0.0,0.0
2025-12-14 07:00:00,66,26.0,5485.0,219.4,0.0,0.0
2025-12-14 07:15:00,61,21.0,5485.0,219.4,0.0,0.0
2025-12-14 07:30:00,63,23.0,5485.0,219.4,0.0,0.0
2025-12-14 07:45:00,64,24.0,5485.0,219.4,0.0,0.0
2025-12-14 08:00:00,61,21.0,5485.0,219.4,0.0,0.0
2025-12-14 08:15:00,65,25.0,5485.0,219.4,0.0,0.0
2025-12-14 08:30:00,62,22.0,5485.0,219.4,0.0,0.0
2025-12-14 08:45:00,65,25.0,5485.0,219.4,0.0,0.0
2025-12-14 09:00:00,83,38.0,5485.0,219.4,0.0,0.0
2025-12-14 09:15:00,82,37.0,5485.0,219.4,0.0,0.0
2025-12-14 09:30:00,79,34.0,5485.0,219.4,0.0,0.0
2025-12-14 09:45:00,77,33.0,5485.0,219.4,0.0,0.0
2025-12-14 10:00:00,89,43.0,5485.0,219.4,0.0,0.0
2025-12-14 10:15:00,89,43.0,5485.0,219.4,0.0,0.0
2025-12-14 10:30:00,90,43.0,5485.0,219.4,0.0,0.0
2025-12-14 10:45:00,76,32.0,5485.0,219.4,0.0,0.0
2025-12-14 11:00:00,89,32.0,5485.0,219.4,0.0,0.0
2025-12-14 11:15:00,86,40.0,5485.0,219.4,0.0,0.0
2025-12-14 11:30:00,104,55.0,5485.0,219.4,0.0,0.0
2025-12-14 11:45:00,93,46.0,5485.0,219.4,0.0,0.0
2025-12-14 12:00:00,92,45.0,5485.0,219.4,0.0,0.0
2025-12-14 12:15:00,81,36.0,5485.0,219.4,0.0,0.0
2025-12-14 12:30:00,73,29.0,5485.0,219.4,0.0,0.0
2025-12-14 12:45:00,85,39.0,5485.0,219.4,0.0,0.0
2025-12-14 13:00:00,85,39.0,5485.0,219.4,0.0,0.0
2025-12-14 13:15:00,100,52.0,5485.0,219.4,0.0,0.0
2025-12-14 13:30:00,86,40.0,5485.0,219.4,0.0,0.0
2025-12-14 13:45:00,90,43.0,5485.0,219.4,0.0,0.0
2025-12-14 14:00:00,79,34.0,5485.0,219.4,0.0,0.0
2025-12-14 14:15:00,92,34.0,5485.0,219.4,0.0,0.0
2025-12-14 14:30:00,90,43.0,5485.0,219.4,0.0,0.0
2025-12-14 14:45:00,77,33.0,5485.0,219.4,0.0,0.0
2025-12-14 15:00:00,72,29.0,5485.0,219.4,0.0,0.0
2025-12-14 15:15:00,77,33.0,5485.0,219.4,0.0,0.0
2025-12-14 15:30:00,106,57.0,5485.0,219.4,0.0,0.0
2025-12-14 15:45:00,87,41.0,5485.0,219.4,0.0,0.0
2025-12-14 16:00:00,89,43.0,5485.0,219.4,0.0,0.0
2025-12-14 16:15:00,89,43.0,5485.0,219.4,0.0,0.0
2025-12-14 16:30:00,94,47.0,5485.0,219.4,0.0,0.0
2025-12-14 16:45:00,98,50.0,5485.0,219.4,0.0,0.0
2025-12-14 17:00:00,79,34.0,5485.0,219.4,0.0,0.0
2025-12-14 17:15:00,90,43.0,5485.0,219.4,0.0,0.0
2025-12-14 17:30:00,82,37.0,5485.0,219.4,0.0,0.0
2025-12-14 17:45:00,91,44.0,5485.0,219.4,0.0,0.0
2025-12-14 18:00:00,59,19.0,5485.0,219.4,0.0,0.0
2025-12-14 18:15:00,57,17.0,5485.0,219.4,0.0,0.0
2025-12-14 18:30:00,60,20.0,5485.0,219.4,0.0,0.0
2025-12-14 18:45:00,58,18.0,5485.0,219.4,0.0,0.0
2025-12-14 19:00:00,62,22.0,5485.0,219.4,0.0,0.0
2025-12-14 19:15:00,63,23.0,5485.0,219.4,0.0,0.0
2025-12-14 19:30:00,56,16.0,5485.0,219.4,0.0,0.0
2025-12-14 19:45:00,61,21.0,5485.0,219.4,0.0,0.0
2025-12-14 20:00:00,60,20.0,5485.0,219.4,0.0,0.0
2025-12-14 20:15:00,59,19.0,5485.0,219.4,0.0,0.0
2025-12-14 20:30:00,55,15.0,5485.0,219.4,0.0,0.0
2025-12-14 20:45:00,60,20.0,5485.0,219.4,0.0,0.0
2025-12-14 21:00:00,62,22.0,5485.0,219.4,0.0,0.0
2025-12-14 21:15:00,61,21.0,5485.0,219.4,0.0,0.0
2025-12-14 21:30:00,63,23.0,5485.0,219.4,0.0,0.0
2025-12-14 21:45:00,61,21.0,5485.0,219.4,0.0,0.0
2025-12-14 22:00:00,60,20.0,5485.0,219.4,15.088709875492215,0.2514784979248702
2025-12-14 22:15:00,63,23.0,5485.0,219.4,14.32628172269134,0.2387713620448557
2025-12-14 22:30:00,59,19.0,5485.0,219.4,15.261003982358918,0.2543500663726486
2025-12-14 22:45:00,62,22.0,5485.0,219.4,15.820623683242331,0.2636770613873722
2025-12-14 23:00:00,59,19.0,5485.0,219.4,13.985579268798492,0.2330929878133082
2025-12-14 23:15:00,57,17.0,5485.0,219.4,20.83167119139768,0.347194519856628
2025-12-14 23:30:00,57,17.0,5485.0,219.4,15.641498975716464,0.2606916495952743
2025-12-14 23:45:00,58,18.0,5485.0,219.4,13.845143512764109,0.2307523918794017
2025-12-15 00:00:00,60,20.0,5485.0,219.4,14.285970268453116,0.2380995044742185
2025-12-15 00:15:00,62,22.0,5485.0,219.4,15.901734887396382,0.2650289147899397
2025-12-15 00:30:00,61,21.0,5485.0,219.4,13.547522780041811,0.2257920463340302
2025-12-15 00:45:00,60,20.0,5485.0,219.4,16.032955111610423,0.2672159185268404
2025-12-15 01:00:00,61,21.0,5485.0,219.4,21.71107608486166,0.3618512680810276
2025-12-15 01:15:00,61,21.0,5485.0,219.4,16.192832154900756,0.2698805359150126
2025-12-15 01:30:00,61,21.0,5485.0,219.4,13.969591946856596,0.2328265324476099
2025-12-15 01:45:00,57,17.0,5485.0,219.4,19.17648657883413,0.3196081096472355
2025-12-15 02:00:00,59,19.0,5485.0,219.4,15.665612366402998,0.26109353944005
2025-12-15 02:15:00,61,21.0,5485.0,219.4,18.101281766348198,0.3016880294391366
2025-12-15 02:30:00,56,16.0,5485.0,219.4,14.251170183471103,0.2375195030578517
2025-12-15 02:45:00,60,20.0,5485.0,219.4,16.097242970119744,0.268287382835329
2025-12-15 03:00:00,56,16.0,5485.0,219.4,14.926522720841971,0.2487753786806995
2025-12-15 03:15:00,58,18.0,5485.0,219.4,15.60052529144795,0.2600087548574658
2025-12-15 03:30:00,60,20.0,5485.0,219.4,13.74821813329369,0.2291369688882281
2025-12-15 03:45:00,62,22.0,5485.0,219.4,19.82927008601976,0.330487834766996
2025-12-15 04:00:00,59,19.0,5485.0,219.4,13.444970529552773,0.2240828421592128
2025-12-15 04:15:00,58,18.0,5485.0,219.4,14.32037627113093,0.2386729378521822
2025-12-15 04:30:00,63,23.0,5485.0,219.4,18.27102609976587,0.3045171016627644
2025-12-15 04:45:00,61,21.0,5485.0,219.4,15.44935381682422,0.2574892302804036
2025-12-15 05:00:00,59,19.0,5485.0,219.4,16.020331123765928,0.2670055187294321
2025-12-15 05:15:00,60,20.0,5485.0,219.4,13.334623278308472,0.2222437213051412
2025-12-15 05:30:00,60,20.0,5485.0,219.4,16.18705394413495,0.2697842324022491
2025-12-15 05:45:00,59,19.0,5485.0,219.4,12.75242123503661,0.2125403539172768
2025-12-15 06:00:00,56,16.0,5148.0,192.44,0.0,0.0
2025-12-15 06:15:00,58,18.0,4811.0,192.44,0.0,0.0
2025-12-15 06:30:00,59,19.0,4811.0,192.44,0.0,0.0
2025-12-15 06:45:00,59,19.0,4811.0,192.44,0.0,0.0
2025-12-15 07:00:00,60,19.0,4811.0,192.44,0.0,0.0
2025-12-15 07:15:00,55,15.0,4811.0,192.44,0.0,0.0
2025-12-15 07:30:00,58,18.0,4811.0,192.44,0.0,0.0
2025-12-15 07:45:00,59,19.0,4811.0,192.44,0.0,0.0
2025-12-15 08:00:00,57,17.0,4811.0,192.44,0.0,0.0
2025-12-15 08:15:00,56,16.0,4811.0,192.44,0.0,0.0
2025-12-15 08:30:00,59,19.0,4811.0,192.44,0.0,0.0
2025-12-15 08:45:00,58,18.0,4811.0,192.44,0.0,0.0
2025-12-15 09:00:00,82,37.0,4811.0,192.44,0.0,0.0
2025-12-15 09:15:00,79,34.0,4811.0,192.44,0.0,0.0
2025-12-15 09:30:00,80,35.0,4811.0,192.44,0.0,0.0
2025-12-15 09:45:00,69,26.0,4811.0,192.44,0.0,0.0
2025-12-15 10:00:00,62,20.0,4811.0,192.44,0.0,0.0
2025-12-15 10:15:00,73,29.0,4811.0,192.44,0.0,0.0
2025-12-15 10:30:00,92,45.0,4811.0,192.44,0.0,0.0
2025-12-15 10:45:00,84,38.0,4811.0,192.44,0.0,0.0
2025-12-15 11:00:00,75,31.0,4811.0,192.44,0.0,0.0
2025-12-15 11:15:00,67,24.0,4811.0,192.44,0.0,0.0
2025-12-15 11:30:00,84,38.0,4811.0,192.44,0.0,0.0
2025-12-15 11:45:00,72,29.0,4811.0,192.44,0.0,0.0
2025-12-15 12:00:00,73,29.0,4811.0,192.44,0.0,0.0
2025-12-15 12:15:00,92,45.0,4811.0,192.44,0.0,0.0
2025-12-15 12:30:00,93,46.0,4811.0,192.44,0.0,0.0
2025-12-15 12:45:00,88,42.0,4811.0,192.44,0.0,0.0
2025-12-15 13:00:00,72,29.0,4811.0,192.44,0.0,0.0
2025-12-15 13:15:00,80,35.0,4811.0,192.44,0.0,0.0
2025-12-15 13:30:00,76,32.0,4811.0,192.44,0.0,0.0
2025-12-15 13:45:00,96,48.0,4811.0,192.44,0.0,0.0
2025-12-15 14:00:00,76,32.0,4811.0,192.44,0.0,0.0
2025-12-15 14:15:00,82,37.0,4811.0,192.44,0.0,0.0
2025-12-15 14:30:00,78,33.0,4811.0,192.44,0.0,0.0
2025-12-15 14:45:00,57,16.0,4811.0,192.44,0.0,0.0
2025-12-15 15:00:00,86,40.0,4811.0,192.44,0.0,0.0
2025-12-15 15:15:00,89,43.0,4811.0,192.44,0.0,0.0
2025-12-15 15:30:00,99,51.0,4811.0,192.44,0.0,0.0
2025-12-15 15:45:00,74,51.0,4811.0,192.44,0.0,0.0
2025-12-15 16:00:00,73,29.0,4811.0,192.44,0.0,0.0
2025-12-15 16:15:00,82,37.0,4811.0,192.44,0.0,0.0
2025-12-15 16:30:00,70,27.0,4811.0,192.44,0.0,0.0
2025-12-15 16:45:00,73,29.0,4811.0,192.44,0.0,0.0
2025-12-15 17:00:00,71,28.0,4811.0,192.44,0.0,0.0
2025-12-15 17:15:00,81,36.0,4811.0,192.44,0.0,0.0
2025-12-15 17:30:00,81,36.0,4811.0,192.44,0.0,0.0
2025-12-15 17:45:00,83,38.0,4811.0,192.44,0.0,0.0
2025-12-15 18:00:00,60,20.0,4811.0,192.44,0.0,0.0
2025-12-15 18:15:00,57,17.0,4811.0,192.44,0.0,0.0
2025-12-15 18:30:00,60,20.0,4811.0,192.44,0.0,0.0
2025-12-15 18:45:00,55,15.0,4811.0,192.44,0.0,0.0
2025-12-15 19:00:00,61,21.0,4811.0,192.44,0.0,0.0
2025-12-15 19:15:00,60,20.0,4811.0,192.44,0.0,0.0
2025-12-15 19:30:00,60,20.0,4811.0,192.44,0.0,0.0
2025-12-15 19:45:00,58,18.0,4811.0,192.44,0.0,0.0
2025-12-15 20:00:00,55,15.0,4811.0,192.44,0.0,0.0
2025-12-15 20:15:00,60,20.0,4811.0,192.44,0.0,0.0
2025-12-15 20:30:00,59,19.0,4811.0,192.44,0.0,0.0
2025-12-15 20:45:00,58,18.0,4811.0,192.44,0.0,0.0
2025-12-15 21:00:00,58,18.0,4811.0,192.44,0.0,0.0
2025-12-15 21:15:00,61,21.0,4811.0,192.44,0.0,0.0
2025-12-15 21:30:00,56,16.0,4811.0,192.44,0.0,0.0
2025-12-15 21:45:00,62,22.0,4811.0,192.44,0.0,0.0
2025-12-15 22:00:00,58,18.0,4811.0,192.44,17.543294429467064,0.2923882404911177
2025-12-15 22:15:00,62,22.0,4811.0,192.44,18.508720019538245,0.3084786669923041
2025-12-15 22:30:00,58,18.0,4811.0,192.44,14.643781957574872,0.2440630326262478
2025-12-15 22:45:00,56,16.0,4811.0,192.44,15.074888986561456,0.2512481497760243
2025-12-15 23:00:00,63,23.0,4811.0,192.44,14.32290292850293,0.2387150488083821
2025-12-15 23:15:00,58,18.0,4811.0,192.44,15.681449486116616,0.2613574914352769
2025-12-15 23:30:00,60,20.0,4811.0,192.44,19.64209170252544,0.3273681950420907
2025-12-15 23:45:00,59,19.0,4811.0,192.44,12.171387607277593,0.2028564601212932
2025-12-16 00:00:00,58,18.0,4811.0,192.44,12.736422567313628,0.2122737094552271
2025-12-16 00:15:00,55,15.0,4811.0,192.44,15.02576255177018,0.2504293758628363
2025-12-16 00:30:00,60,20.0,4811.0,192.44,16.22117302709077,0.2703528837848462
2025-12-16 00:45:00,61,21.0,4811.0,192.44,15.56132555889809,0.2593554259816348
2025-12-16 01:00:00,62,22.0,4811.0,192.44,14.342455330552816,0.2390409221758802
2025-12-16 01:15:00,59,19.0,4811.0,192.44,13.856412685889802,0.2309402114314967
2025-12-16 01:30:00,57,17.0,4811.0,192.44,12.875750357830086,0.2145958392971681
2025-12-16 01:45:00,59,19.0,4811.0,192.44,13.203308619317566,0.2200551436552927
2025-12-16 02:00:00,62,22.0,4811.0,192.44,17.389538540017735,0.2898256423336289
2025-12-16 02:15:00,56,16.0,4811.0,192.44,13.020393516379368,0.2170065586063228
2025-12-16 02:30:00,59,19.0,4811.0,192.44,13.616106122490438,0.2269351020415073
2025-12-16 02:45:00,61,21.0,4811.0,192.44,14.207638576943328,0.2367939762823888
2025-12-16 03:00:00,58,18.0,4811.0,192.44,20.094047885542125,0.3349007980923687
2025-12-16 03:15:00,60,20.0,4811.0,192.44,13.654406351647738,0.2275734391941289
2025-12-16 03:30:00,58,18.0,4811.0,192.44,14.658792460704763,0.2443132076784127
2025-12-16 03:45:00,57,17.0,4811.0,192.44,14.203057337224628,0.2367176222870771
2025-12-16 04:00:00,54,14.0,4811.0,192.44,12.964830092375031,0.2160805015395838
2025-12-16 04:15:00,56,16.0,4811.0,192.44,17.061898673508686,0.2843649778918114
2025-12-16 04:30:00,59,19.0,4811.0,192.44,14.788710845169524,0.2464785140861587
2025-12-16 04:45:00,63,23.0,4811.0,192.44,17.2776348240133,0.2879605804002217
2025-12-16 05:00:00,57,17.0,4811.0,192.44,14.852043020170267,0.2475340503361711
2025-12-16 05:15:00,59,19.0,4811.0,192.44,15.536149765707025,0.2589358294284504
2025-12-16 05:30:00,59,19.0,4811.0,192.44,15.007210222751338,0.250120170379189
2025-12-16 05:45:00,59,19.0,4811.0,192.44,17.125126418556043,0.2854187736426007
2025-12-16 06:00:00,70,30.0,8145.0,325.8,0.0,0.0
2025-12-16 06:15:00,66,26.0,8145.0,325.8,0.0,0.0
2025-12-16 06:30:00,62,22.0,8145.0,325.8,0.0,0.0
2025-12-16 06:45:00,63,23.0,8145.0,325.8,0.0,0.0
2025-12-16 07:00:00,67,27.0,8145.0,325.8,0.0,0.0
2025-12-16 07:15:00,67,27.0,8145.0,325.8,0.0,0.0
2025-12-16 07:30:00,68,28.0,8145.0,325.8,0.0,0.0
2025-12-16 07:45:00,65,25.0,8145.0,325.8,0.0,0.0
2025-12-16 08:00:00,69,29.0,8145.0,325.8,0.0,0.0
2025-12-16 08:15:00,67,27.0,8145.0,325.8,0.0,0.0
2025-12-16 08:30:00,65,25.0,8145.0,325.8,0.0,0.0
2025-12-16 08:45:00,66,26.0,8145.0,325.8,0.0,0.0
2025-12-16 09:00:00,80,35.0,8145.0,325.8,0.0,0.0
2025-12-16 09:15:00,74,30.0,8145.0,325.8,0.0,0.0
2025-12-16 09:30:00,81,36.0,8145.0,325.8,0.0,0.0
2025-12-16 09:45:00,77,33.0,8145.0,325.8,0.0,0.0
2025-12-16 10:00:00,72,29.0,8145.0,325.8,0.0,0.0
2025-12-16 10:15:00,78,33.0,8145.0,325.8,0.0,0.0
2025-12-16 10:30:00,74,30.0,8145.0,325.8,0.0,0.0
2025-12-16 10:45:00,74,30.0,8145.0,325.8,0.0,0.0
2025-12-16 11:00:00,78,33.0,8145.0,325.8,0.0,0.0
2025-12-16 11:15:00,56,15.0,8145.0,325.8,0.0,0.0
2025-12-16 11:30:00,86,15.0,8145.0,325.8,0.0,0.0
2025-12-16 11:45:00,71,28.0,8145.0,325.8,0.0,0.0
2025-12-16 12:00:00,84,38.0,8145.0,325.8,0.0,0.0
2025-12-16 12:15:00,83,38.0,8145.0,325.8,0.0,0.0
2025-12-16 12:30:00,72,29.0,8145.0,325.8,0.0,0.0
2025-12-16 12:45:00,69,26.0,8145.0,325.8,0.0,0.0
2025-12-16 13:00:00,56,15.0,8145.0,325.8,0.0,0.0
2025-12-16 13:15:00,85,39.0,8145.0,325.8,0.0,0.0
2025-12-16 13:30:00,76,32.0,8145.0,325.8,0.0,0.0
2025-12-16 13:45:00,76,32.0,8145.0,325.8,0.0,0.0
2025-12-16 14:00:00,75,31.0,8145.0,325.8,0.0,0.0
2025-12-16 14:15:00,69,31.0,8145.0,325.8,0.0,0.0
2025-12-16 14:30:00,84,38.0,8145.0,325.8,0.0,0.0
2025-12-16 14:45:00,82,37.0,8145.0,325.8,0.0,0.0
2025-12-16 15:00:00,65,23.0,8145.0,325.8,0.0,0.0
2025-12-16 15:15:00,69,26.0,8145.0,325.8,0.0,0.0
2025-12-16 15:30:00,69,26.0,8145.0,325.8,0.0,0.0
2025-12-16 15:45:00,71,28.0,8145.0,325.8,0.0,0.0
2025-12-16 16:00:00,65,23.0,8145.0,325.8,0.0,0.0
2025-12-16 16:15:00,77,33.0,8145.0,325.8,0.0,0.0
2025-12-16 16:30:00,73,29.0,8145.0,325.8,0.0,0.0
2025-12-16 16:45:00,76,32.0,8145.0,325.8,0.0,0.0
2025-12-16 17:00:00,92,45.0,8145.0,325.8,0.0,0.0
2025-12-16 17:15:00,80,35.0,8145.0,325.8,0.0,0.0
2025-12-16 17:30:00,69,26.0,8145.0,325.8,0.0,0.0
2025-12-16 17:45:00,67,24.0,8145.0,325.8,0.0,0.0
2025-12-16 18:00:00,56,16.0,8145.0,325.8,0.0,0.0
2025-12-16 18:15:00,56,16.0,8145.0,325.8,0.0,0.0
2025-12-16 18:30:00,57,17.0,8145.0,325.8,0.0,0.0
2025-12-16 18:45:00,57,17.0,8145.0,325.8,0.0,0.0
2025-12-16 19:00:00,56,16.0,8145.0,325.8,0.0,0.0
2025-12-16 19:15:00,56,16.0,8145.0,325.8,0.0,0.0
2025-12-16 19:30:00,55,15.0,8145.0,325.8,0.0,0.0
2025-12-16 19:45:00,56,16.0,8145.0,325.8,0.0,0.0
2025-12-16 20:00:00,57,17.0,8145.0,325.8,0.0,0.0
2025-12-16 20:15:00,56,16.0,8145.0,325.8,0.0,0.0
2025-12-16 20:30:00,59,19.0,8145.0,325.8,0.0,0.0
2025-12-16 20:45:00,57,17.0,8145.0,325.8,0.0,0.0
2025-12-16 21:00:00,55,15.0,8145.0,325.8,0.0,0.0
2025-12-16 21:15:00,56,16.0,8145.0,325.8,0.0,0.0
2025-12-16 21:30:00,52,12.0,8145.0,325.8,0.0,0.0
2025-12-16 21:45:00,54,14.0,8145.0,325.8,0.0,0.0
2025-12-16 22:00:00,54,14.0,8145.0,325.8,14.747221424964437,0.2457870237494072
2025-12-16 22:15:00,56,16.0,8145.0,325.8,17.21886170213867,0.2869810283689779
2025-12-16 22:30:00,57,17.0,8145.0,325.8,14.933619884017718,0.2488936647336286
2025-12-16 22:45:00,55,15.0,8145.0,325.8,15.60105413233498,0.2600175688722496
2025-12-16 23:00:00,54,14.0,8145.0,325.8,13.097624220240869,0.2182937370040144
2025-12-16 23:15:00,53,13.0,8145.0,325.8,12.42208280728974,0.207034713454829
2025-12-16 23:30:00,56,16.0,8145.0,325.8,15.211364126275845,0.2535227354379307
2025-12-16 23:45:00,53,13.0,8145.0,325.8,13.4280123752256,0.22380020625376
2025-12-17 00:00:00,55,15.0,8145.0,325.8,16.59432663050865,0.2765721105084775
2025-12-17 00:15:00,53,13.0,8145.0,325.8,12.786896476434304,0.213114941273905
2025-12-17 00:30:00,56,16.0,8145.0,325.8,15.444110272247997,0.2574018378707999
2025-12-17 00:45:00,52,12.0,8145.0,325.8,12.935469413781384,0.2155911568963564
2025-12-17 01:00:00,55,15.0,8145.0,325.8,16.762757514887664,0.2793792919147944
2025-12-17 01:15:00,56,16.0,8145.0,325.8,18.3056817401866,0.3050946956697766
2025-12-17 01:30:00,55,15.0,8145.0,325.8,16.391506282637874,0.2731917713772979
2025-12-17 01:45:00,53,13.0,8145.0,325.8,15.62868780432392,0.2604781300720653
2025-12-17 02:00:00,55,15.0,8145.0,325.8,11.691925888384509,0.1948654314730751
2025-12-17 02:15:00,58,18.0,8145.0,325.8,14.104395069889156,0.2350732511648192
2025-12-17 02:30:00,57,17.0,8145.0,325.8,14.905037165099028,0.2484172860849837
2025-12-17 02:45:00,56,16.0,8145.0,325.8,13.635880912889816,0.2272646818814969
2025-12-17 03:00:00,54,14.0,8145.0,325.8,10.718361520370864,0.1786393586728477
2025-12-17 03:15:00,57,17.0,8145.0,325.8,11.197703068440198,0.1866283844740033
2025-12-17 03:30:00,57,17.0,8145.0,325.8,12.68042722127674,0.2113404536879456
2025-12-17 03:45:00,59,19.0,8145.0,325.8,15.313035620880724,0.255217260348012
2025-12-17 04:00:00,52,12.0,8145.0,325.8,19.81077830746248,0.330179638457708
2025-12-17 04:15:00,59,19.0,8145.0,325.8,15.363813144939916,0.2560635524156652
2025-12-17 04:30:00,54,14.0,8145.0,325.8,13.77171073139519,0.2295285121899198
2025-12-17 04:45:00,60,20.0,8145.0,325.8,16.28204870994075,0.2713674784990125
2025-12-17 05:00:00,52,12.0,8145.0,325.8,13.262647328026365,0.2210441221337727
2025-12-17 05:15:00,56,16.0,8145.0,325.8,14.882838038111023,0.2480473006351837
2025-12-17 05:30:00,54,14.0,8145.0,325.8,16.461617719728594,0.2743602953288099
2025-12-17 05:45:00,58,18.0,8145.0,325.8,14.190684415353576,0.2365114069225596
2025-12-17 06:00:00,61,21.0,9785.0,391.4,0.0,0.0
2025-12-17 06:15:00,62,22.0,9785.0,391.4,0.0,0.0
2025-12-17 06:30:00,65,25.0,9785.0,391.4,0.0,0.0
2025-12-17 06:45:00,63,23.0,9785.0,391.4,0.0,0.0
2025-12-17 07:00:00,65,25.0,9785.0,391.4,0.0,0.0
2025-12-17 07:15:00,62,22.0,9785.0,391.4,0.0,0.0
2025-12-17 07:30:00,60,20.0,9785.0,391.4,0.0,0.0
2025-12-17 07:45:00,65,25.0,9785.0,391.4,0.0,0.0
2025-12-17 08:00:00,60,20.0,9785.0,391.4,0.0,0.0
2025-12-17 08:15:00,64,24.0,9785.0,391.4,0.0,0.0
2025-12-17 08:30:00,62,22.0,9785.0,391.4,0.0,0.0
2025-12-17 08:45:00,62,22.0,9785.0,391.4,0.0,0.0
2025-12-17 09:00:00,82,37.0,9785.0,391.4,0.0,0.0
2025-12-17 09:15:00,69,26.0,9785.0,391.4,0.0,0.0
2025-12-17 09:30:00,62,20.0,9785.0,391.4,0.0,0.0
2025-12-17 09:45:00,65,23.0,9785.0,391.4,0.0,0.0
2025-12-17 10:00:00,69,26.0,9785.0,391.4,0.0,0.0
2025-12-17 10:15:00,69,26.0,9785.0,391.4,0.0,0.0
2025-12-17 10:30:00,86,40.0,9785.0,391.4,0.0,0.0
2025-12-17 10:45:00,72,29.0,9785.0,391.4,0.0,0.0
2025-12-17 11:00:00,65,23.0,9785.0,391.4,0.0,0.0
2025-12-17 11:15:00,79,34.0,9785.0,391.4,0.0,0.0
2025-12-17 11:30:00,63,21.0,9785.0,391.4,0.0,0.0
2025-12-17 11:45:00,82,37.0,9785.0,391.4,0.0,0.0
2025-12-17 12:00:00,76,32.0,9785.0,391.4,0.0,0.0
2025-12-17 12:15:00,66,24.0,9785.0,391.4,0.0,0.0
2025-12-17 12:30:00,74,30.0,9785.0,391.4,0.0,0.0
2025-12-17 12:45:00,74,30.0,9785.0,391.4,0.0,0.0
2025-12-17 13:00:00,75,31.0,9785.0,391.4,0.0,0.0
2025-12-17 13:15:00,74,30.0,9785.0,391.4,0.0,0.0
2025-12-17 13:30:00,77,33.0,9785.0,391.4,0.0,0.0
2025-12-17 13:45:00,66,24.0,9785.0,391.4,0.0,0.0
2025-12-17 14:00:00,82,37.0,9785.0,391.4,0.0,0.0
2025-12-17 14:15:00,74,30.0,9785.0,391.4,0.0,0.0
2025-12-17 14:30:00,77,33.0,9785.0,391.4,0.0,0.0
2025-12-17 14:45:00,63,33.0,9785.0,391.4,0.0,0.0
2025-12-17 15:00:00,76,32.0,9785.0,391.4,0.0,0.0
2025-12-17 15:15:00,68,25.0,9785.0,391.4,0.0,0.0
2025-12-17 15:30:00,65,23.0,9785.0,391.4,0.0,0.0
2025-12-17 15:45:00,77,33.0,9785.0,391.4,0.0,0.0
2025-12-17 16:00:00,73,29.0,9785.0,391.4,0.0,0.0
2025-12-17 16:15:00,75,31.0,9785.0,391.4,0.0,0.0
2025-12-17 16:30:00,68,25.0,9785.0,391.4,0.0,0.0
2025-12-17 16:45:00,59,18.0,9785.0,391.4,0.0,0.0
2025-12-17 17:00:00,66,24.0,9785.0,391.4,0.0,0.0
2025-12-17 17:15:00,64,24.0,9785.0,391.4,0.0,0.0
2025-12-17 17:30:00,69,26.0,9785.0,391.4,0.0,0.0
2025-12-17 17:45:00,66,24.0,9785.0,391.4,0.0,0.0
2025-12-17 18:00:00,57,17.0,9785.0,391.4,0.0,0.0
2025-12-17 18:15:00,54,14.0,9785.0,391.4,0.0,0.0
2025-12-17 18:30:00,57,17.0,9785.0,391.4,0.0,0.0
2025-12-17 18:45:00,62,22.0,9785.0,391.4,0.0,0.0
2025-12-17 19:00:00,58,18.0,9785.0,391.4,0.0,0.0
2025-12-17 19:15:00,62,22.0,9785.0,391.4,0.0,0.0
2025-12-17 19:30:00,62,22.0,9785.0,391.4,0.0,0.0
2025-12-17 19:45:00,56,16.0,9785.0,391.4,0.0,0.0
2025-12-17 20:00:00,58,18.0,9785.0,391.4,0.0,0.0
2025-12-17 20:15:00,56,16.0,9785.0,391.4,0.0,0.0
2025-12-17 20:30:00,58,18.0,9785.0,391.4,0.0,0.0
2025-12-17 20:45:00,55,15.0,9785.0,391.4,0.0,0.0
2025-12-17 21:00:00,59,19.0,9785.0,391.4,0.0,0.0
2025-12-17 21:15:00,59,19.0,9785.0,391.4,0.0,0.0
2025-12-17 21:30:00,58,18.0,9785.0,391.4,0.0,0.0
2025-12-17 21:45:00,58,18.0,9785.0,391.4,0.0,0.0
2025-12-17 22:00:00,59,19.0,9785.0,391.4,11.447177013791816,0.1907862835631969
2025-12-17 22:15:00,61,21.0,9785.0,391.4,12.647176490294733,0.2107862748382455
2025-12-17 22:30:00,60,20.0,9785.0,391.4,16.09464080119691,0.2682440133532818
2025-12-17 22:45:00,63,23.0,9785.0,391.4,12.638494134342768,0.2106415689057127
2025-12-17 23:00:00,57,17.0,9785.0,391.4,9.440042573502184,0.157334042891703
2025-12-17 23:15:00,56,16.0,9785.0,391.4,14.601465919174965,0.2433577653195827
2025-12-17 23:30:00,58,18.0,9785.0,391.4,12.84512420883518,0.2140854034805863
2025-12-17 23:45:00,56,16.0,9785.0,391.4,13.60277943314837,0.2267129905524728
2025-12-18 00:00:00,59,19.0,9785.0,391.4,14.552356534543687,0.2425392755757281
2025-12-18 00:15:00,60,20.0,9785.0,391.4,14.411069154459286,0.2401844859076547
2025-12-18 00:30:00,57,17.0,9785.0,391.4,10.39480593693824,0.1732467656156373
2025-12-18 00:45:00,58,18.0,9785.0,391.4,10.057258239684822,0.1676209706614137
2025-12-18 01:00:00,60,20.0,9785.0,391.4,14.75765219139937,0.2459608698566561
2025-12-18 01:15:00,59,19.0,9785.0,391.4,15.819050868257476,0.2636508478042912
2025-12-18 01:30:00,56,16.0,9785.0,391.4,15.776155922930622,0.2629359320488437
2025-12-18 01:45:00,61,21.0,9785.0,391.4,13.030587838208527,0.2171764639701421
2025-12-18 02:00:00,58,18.0,9785.0,391.4,9.40702312549524,0.156783718758254
2025-12-18 02:15:00,57,17.0,9785.0,391.4,12.602878699546633,0.2100479783257772
2025-12-18 02:30:00,58,18.0,9785.0,391.4,14.705212924283888,0.2450868820713981
2025-12-18 02:45:00,60,20.0,9785.0,391.4,9.952614374759742,0.1658769062459957
2025-12-18 03:00:00,54,14.0,9785.0,391.4,11.678877614732595,0.1946479602455432
2025-12-18 03:15:00,58,18.0,9785.0,391.4,10.73134608740088,0.178855768123348
2025-12-18 03:30:00,55,15.0,9785.0,391.4,8.996205425022097,0.1499367570837016
2025-12-18 03:45:00,62,22.0,9785.0,391.4,8.975751223646796,0.1495958537274466
2025-12-18 04:00:00,57,17.0,9785.0,391.4,14.879737019167887,0.2479956169861314
2025-12-18 04:15:00,59,19.0,9785.0,391.4,9.687999187801845,0.1614666531300307
2025-12-18 04:30:00,59,19.0,9785.0,391.4,14.403917631058306,0.2400652938509717
2025-12-18 04:45:00,60,20.0,9785.0,391.4,14.167510042860371,0.2361251673810062
2025-12-18 05:00:00,61,21.0,9785.0,391.4,13.398781883471043,0.223313031391184
2025-12-18 05:15:00,59,19.0,9785.0,391.4,9.830170826416094,0.1638361804402682
2025-12-18 05:30:00,56,16.0,9785.0,391.4,9.452691025359329,0.1575448504226554
2025-12-18 05:45:00,58,18.0,9785.0,391.4,15.09175788422684,0.2515292980704473
2025-12-18 06:00:00,59,19.0,3989.0,275.48,0.0,0.0
2025-12-18 06:15:00,61,21.0,3989.0,159.56,0.0,0.0
2025-12-18 06:30:00,62,22.0,3989.0,159.56,0.0,0.0
2025-12-18 06:45:00,64,24.0,3989.0,159.56,0.0,0.0
2025-12-18 07:00:00,63,23.0,3989.0,159.56,0.0,0.0
2025-12-18 07:15:00,64,24.0,3989.0,159.56,0.0,0.0
2025-12-18 07:30:00,66,26.0,3989.0,159.56,0.0,0.0
2025-12-18 07:45:00,65,25.0,3989.0,159.56,0.0,0.0
2025-12-18 08:00:00,65,25.0,3989.0,159.56,0.0,0.0
2025-12-18 08:15:00,61,21.0,3989.0,159.56,0.0,0.0
2025-12-18 08:30:00,63,23.0,3989.0,159.56,0.0,0.0
2025-12-18 08:45:00,62,22.0,3989.0,159.56,0.0,0.0
2025-12-18 09:00:00,80,35.0,3989.0,159.56,0.0,0.0
2025-12-18 09:15:00,72,29.0,3989.0,159.56,0.0,0.0
2025-12-18 09:30:00,68,25.0,3989.0,159.56,0.0,0.0
2025-12-18 09:45:00,75,31.0,3989.0,159.56,0.0,0.0
2025-12-18 10:00:00,76,32.0,3989.0,159.56,0.0,0.0
2025-12-18 10:15:00,86,40.0,3989.0,159.56,0.0,0.0
2025-12-18 10:30:00,82,37.0,3989.0,159.56,0.0,0.0
2025-12-18 10:45:00,79,34.0,3989.0,159.56,0.0,0.0
2025-12-18 11:00:00,67,24.0,3989.0,159.56,0.0,0.0
2025-12-18 11:15:00,81,36.0,3989.0,159.56,0.0,0.0
2025-12-18 11:30:00,69,26.0,3989.0,159.56,0.0,0.0
2025-12-18 11:45:00,62,20.0,3989.0,159.56,0.0,0.0
2025-12-18 12:00:00,75,31.0,3989.0,159.56,0.0,0.0
2025-12-18 12:15:00,84,38.0,3989.0,159.56,0.0,0.0
2025-12-18 12:30:00,80,35.0,3989.0,159.56,0.0,0.0
2025-12-18 12:45:00,67,24.0,3989.0,159.56,0.0,0.0
2025-12-18 13:00:00,76,32.0,3989.0,159.56,0.0,0.0
2025-12-18 13:15:00,82,37.0,3989.0,159.56,0.0,0.0
2025-12-18 13:30:00,67,24.0,3989.0,159.56,0.0,0.0
2025-12-18 13:45:00,58,17.0,3989.0,159.56,0.0,0.0
2025-12-18 14:00:00,80,35.0,3989.0,159.56,0.0,0.0
2025-12-18 14:15:00,73,29.0,3989.0,159.56,0.0,0.0
2025-12-18 14:30:00,76,32.0,3989.0,159.56,0.0,0.0
2025-12-18 14:45:00,75,31.0,3989.0,159.56,0.0,0.0
2025-12-18 15:00:00,81,31.0,3989.0,159.56,0.0,0.0
2025-12-18 15:15:00,85,39.0,3989.0,159.56,0.0,0.0
2025-12-18 15:30:00,79,34.0,3989.0,159.56,0.0,0.0
2025-12-18 15:45:00,85,39.0,3989.0,159.56,0.0,0.0
2025-12-18 16:00:00,86,40.0,3989.0,159.56,0.0,0.0
2025-12-18 16:15:00,80,35.0,3989.0,159.56,0.0,0.0
2025-12-18 16:30:00,73,29.0,3989.0,159.56,0.0,0.0
2025-12-18 16:45:00,90,43.0,3989.0,159.56,0.0,0.0
2025-12-18 17:00:00,74,30.0,3989.0,159.56,0.0,0.0
2025-12-18 17:15:00,83,38.0,3989.0,159.56,0.0,0.0
2025-12-18 17:30:00,77,33.0,3989.0,159.56,0.0,0.0
2025-12-18 17:45:00,75,31.0,3989.0,159.56,0.0,0.0
2025-12-18 18:00:00,60,31.0,3989.0,159.56,0.0,0.0
2025-12-18 18:15:00,59,19.0,3989.0,159.56,0.0,0.0
2025-12-18 18:30:00,59,19.0,3989.0,159.56,0.0,0.0
2025-12-18 18:45:00,58,18.0,3989.0,159.56,0.0,0.0
2025-12-18 19:00:00,57,17.0,3989.0,159.56,0.0,0.0
2025-12-18 19:15:00,62,22.0,3989.0,159.56,0.0,0.0
2025-12-18 19:30:00,61,21.0,3989.0,159.56,0.0,0.0
2025-12-18 19:45:00,59,19.0,3989.0,159.56,0.0,0.0
2025-12-18 20:00:00,57,17.0,3989.0,159.56,0.0,0.0
2025-12-18 20:15:00,58,18.0,3989.0,159.56,0.0,0.0
2025-12-18 20:30:00,59,19.0,3989.0,159.56,0.0,0.0
2025-12-18 20:45:00,59,19.0,3989.0,159.56,0.0,0.0
2025-12-18 21:00:00,59,19.0,3989.0,159.56,0.0,0.0
2025-12-18 21:15:00,60,20.0,3989.0,159.56,0.0,0.0
2025-12-18 21:30:00,58,18.0,3989.0,159.56,0.0,0.0
2025-12-18 21:45:00,56,16.0,3989.0,159.56,0.0,0.0
2025-12-18 22:00:00,59,19.0,3989.0,159.56,14.064520951344306,0.2344086825224051
2025-12-18 22:15:00,58,18.0,3989.0,159.56,13.795845945616332,0.2299307657602722
2025-12-18 22:30:00,60,20.0,3989.0,159.56,10.03482169662266,0.1672470282770443
2025-12-18 22:45:00,58,18.0,3989.0,159.56,14.026767498073797,0.2337794583012299
2025-12-18 23:00:00,59,19.0,3989.0,159.56,9.821908544055304,0.163698475734255
2025-12-18 23:15:00,57,17.0,3989.0,159.56,12.92715142457809,0.2154525237429681
2025-12-18 23:30:00,60,20.0,3989.0,159.56,9.074705660601957,0.15124509434336592
2025-12-18 23:45:00,60,20.0,3989.0,159.56,5.222259896625824,0.0870376649437637
2025-12-19 00:00:00,55,15.0,3989.0,159.56,11.453696316447646,0.1908949386074607
2025-12-19 00:15:00,61,15.0,3989.0,159.56,10.644618264628916,0.1774103044104819
2025-12-19 00:30:00,60,15.0,3989.0,159.56,11.631507325582106,0.1938584554263684
2025-12-19 00:45:00,59,19.0,3989.0,159.56,10.394658734563937,0.1732443122427322
2025-12-19 01:00:00,63,23.0,3989.0,159.56,11.667096465469664,0.1944516077578277
2025-12-19 01:15:00,57,17.0,3989.0,159.56,7.394488345616914,0.1232414724269485
2025-12-19 01:30:00,59,19.0,3989.0,159.56,10.512295155454964,0.1752049192575827
2025-12-19 01:45:00,59,19.0,3989.0,159.56,11.105220574883251,0.1850870095813875
2025-12-19 02:00:00,58,18.0,3989.0,159.56,10.65107387943442,0.1775178979905737
2025-12-19 02:15:00,60,20.0,3989.0,159.56,8.067611659089764,0.1344601943181627
2025-12-19 02:30:00,62,22.0,3989.0,159.56,12.031531429168178,0.2005255238194696
2025-12-19 02:45:00,59,19.0,3989.0,159.56,12.131260579931585,0.2021876763321931
2025-12-19 03:00:00,57,17.0,3989.0,159.56,10.852530281885096,0.1808755046980849
2025-12-19 03:15:00,57,17.0,3989.0,159.56,10.3760133744123,0.172933556240205
2025-12-19 03:30:00,63,23.0,3989.0,159.56,11.030776343118932,0.1838462723853155
2025-12-19 03:45:00,60,20.0,3989.0,159.56,11.05298235334146,0.184216372555691
2025-12-19 04:00:00,61,20.0,3989.0,159.56,12.778021985451833,0.2129670330908638
2025-12-19 04:15:00,63,23.0,3989.0,159.56,12.353484755116735,0.2058914125852789
2025-12-19 04:30:00,59,19.0,3989.0,159.56,10.848262197140691,0.1808043699523448
2025-12-19 04:45:00,61,21.0,3989.0,159.56,9.914298385882828,0.1652383064313804
2025-12-19 05:00:00,60,20.0,3989.0,159.56,14.803315476103348,0.2467219246017224
2025-12-19 05:15:00,59,19.0,3989.0,159.56,12.165825019944515,0.2027637503324086
2025-12-19 05:30:00,60,20.0,3989.0,159.56,8.477630742559748,0.1412938457093291
2025-12-19 05:45:00,55,15.0,3989.0,159.56,10.725908431002615,0.1787651405167102
2025-12-19 06:00:00,65,15.0,11399.0,455.96,0.0,0.0
2025-12-19 06:15:00,69,29.0,11399.0,455.96,0.0,0.0
2025-12-19 06:30:00,67,27.0,11399.0,455.96,0.0,0.0
2025-12-19 06:45:00,68,28.0,11399.0,455.96,0.0,0.0
2025-12-19 07:00:00,64,24.0,11399.0,455.96,0.0,0.0
2025-12-19 07:15:00,64,24.0,11399.0,455.96,0.0,0.0
2025-12-19 07:30:00,68,28.0,11399.0,455.96,0.0,0.0
2025-12-19 07:45:00,66,26.0,11399.0,455.96,0.0,0.0
2025-12-19 08:00:00,65,25.0,11399.0,455.96,0.0,0.0
2025-12-19 08:15:00,68,28.0,11399.0,455.96,0.0,0.0
2025-12-19 08:30:00,70,30.0,11399.0,455.96,0.0,0.0
2025-12-19 08:45:00,66,26.0,11399.0,455.96,0.0,0.0
2025-12-19 09:00:00,79,34.0,11399.0,455.96,0.0,0.0
2025-12-19 09:15:00,73,29.0,11399.0,455.96,0.0,0.0
2025-12-19 09:30:00,59,18.0,11399.0,455.96,0.0,0.0
2025-12-19 09:45:00,74,18.0,11399.0,455.96,0.0,0.0
2025-12-19 10:00:00,72,29.0,11399.0,455.96,0.0,0.0
2025-12-19 10:15:00,72,29.0,11399.0,455.96,0.0,0.0
2025-12-19 10:30:00,76,32.0,11399.0,455.96,0.0,0.0
2025-12-19 10:45:00,78,33.0,11399.0,455.96,0.0,0.0
2025-12-19 11:00:00,85,39.0,11399.0,455.96,0.0,0.0
2025-12-19 11:15:00,80,35.0,11399.0,455.96,0.0,0.0
2025-12-19 11:30:00,70,35.0,11399.0,455.96,0.0,0.0
2025-12-19 11:45:00,78,35.0,11399.0,455.96,0.0,0.0
2025-12-19 12:00:00,75,31.0,11399.0,455.96,0.0,0.0
2025-12-19 12:15:00,77,33.0,11399.0,455.96,0.0,0.0
2025-12-19 12:30:00,86,40.0,11399.0,455.96,0.0,0.0
2025-12-19 12:45:00,81,36.0,11399.0,455.96,0.0,0.0
2025-12-19 13:00:00,64,22.0,11399.0,455.96,0.0,0.0
2025-12-19 13:15:00,59,18.0,11399.0,455.96,0.0,0.0
2025-12-19 13:30:00,89,43.0,11399.0,455.96,0.0,0.0
2025-12-19 13:45:00,76,32.0,11399.0,455.96,0.0,0.0
2025-12-19 14:00:00,65,23.0,11399.0,455.96,0.0,0.0
2025-12-19 14:15:00,85,39.0,11399.0,455.96,0.0,0.0
2025-12-19 14:30:00,82,37.0,11399.0,455.96,0.0,0.0
2025-12-19 14:45:00,70,27.0,11399.0,455.96,0.0,0.0
2025-12-19 15:00:00,70,27.0,11399.0,455.96,0.0,0.0
2025-12-19 15:15:00,84,38.0,11399.0,455.96,0.0,0.0
2025-12-19 15:30:00,77,33.0,11399.0,455.96,0.0,0.0
2025-12-19 15:45:00,71,28.0,11399.0,455.96,0.0,0.0
2025-12-19 16:00:00,80,35.0,11399.0,455.96,0.0,0.0
2025-12-19 16:15:00,72,29.0,11399.0,455.96,0.0,0.0
2025-12-19 16:30:00,83,38.0,11399.0,455.96,0.0,0.0
2025-12-19 16:45:00,64,22.0,11399.0,455.96,0.0,0.0
2025-12-19 17:00:00,82,37.0,11399.0,455.96,0.0,0.0
2025-12-19 17:15:00,70,27.0,11399.0,455.96,0.0,0.0
2025-12-19 17:30:00,76,32.0,11399.0,455.96,0.0,0.0
2025-12-19 17:45:00,76,32.0,11399.0,455.96,0.0,0.0
2025-12-19 18:00:00,62,22.0,11399.0,455.96,0.0,0.0
2025-12-19 18:15:00,57,17.0,11399.0,455.96,0.0,0.0
2025-12-19 18:30:00,58,18.0,11399.0,455.96,0.0,0.0
2025-12-19 18:45:00,56,16.0,11399.0,455.96,0.0,0.0
2025-12-19 19:00:00,58,18.0,11399.0,455.96,0.0,0.0
2025-12-19 19:15:00,56,16.0,11399.0,455.96,0.0,0.0
2025-12-19 19:30:00,57,17.0,11399.0,455.96,0.0,0.0
2025-12-19 19:45:00,62,22.0,11399.0,455.96,0.0,0.0
2025-12-19 20:00:00,59,19.0,11399.0,455.96,0.0,0.0
2025-12-19 20:15:00,57,17.0,11399.0,455.96,0.0,0.0
2025-12-19 20:30:00,58,18.0,11399.0,455.96,0.0,0.0
2025-12-19 20:45:00,62,22.0,11399.0,455.96,0.0,0.0
2025-12-19 21:00:00,59,19.0,11399.0,455.96,0.0,0.0
2025-12-19 21:15:00,59,19.0,11399.0,455.96,0.0,0.0
2025-12-19 21:30:00,52,12.0,11399.0,455.96,0.0,0.0
2025-12-19 21:45:00,57,17.0,11399.0,455.96,0.0,0.0
2025-12-19 22:00:00,53,13.0,11399.0,455.96,9.11547037243588,0.1519245062072647
2025-12-19 22:15:00,60,20.0,11399.0,455.96,11.029950334269431,0.1838325055711571
2025-12-19 22:30:00,57,17.0,11399.0,455.96,12.752053394203724,0.2125342232367287
2025-12-19 22:45:00,57,17.0,11399.0,455.96,13.616687085165395,0.2269447847527566
2025-12-19 23:00:00,56,16.0,11399.0,455.96,11.145633840631984,0.185760564010533
2025-12-19 23:15:00,60,20.0,11399.0,455.96,12.265492610031911,0.2044248768338652
2025-12-19 23:30:00,59,19.0,11399.0,455.96,13.27030527315318,0.221171754552553
2025-12-19 23:45:00,58,18.0,11399.0,455.96,14.275117936274452,0.2379186322712408
2025-12-20 00:00:00,55,15.0,11399.0,455.96,10.994284109144196,0.1832380684857365
2025-12-20 00:15:00,57,17.0,11399.0,455.96,11.033036701906044,0.1838839450317674
2025-12-20 00:30:00,55,15.0,11399.0,455.96,11.670539997226008,0.1945089999537668
2025-12-20 00:45:00,60,20.0,11399.0,455.96,16.614423877468706,0.2769070646244784
2025-12-20 01:00:00,58,18.0,11399.0,455.96,12.710659048335277,0.2118443174722546
2025-12-20 01:15:00,58,18.0,11399.0,455.96,11.904021717829071,0.1984003619638178
2025-12-20 01:30:00,58,18.0,11399.0,455.96,11.097384387322863,0.184956406455381
2025-12-20 01:45:00,61,21.0,11399.0,455.96,10.936877833756952,0.1822812972292825
2025-12-20 02:00:00,60,20.0,11399.0,455.96,14.675581714250924,0.2445930285708487
2025-12-20 02:15:00,59,19.0,11399.0,455.96,11.161448725113306,0.1860241454185551
2025-12-20 02:30:00,57,17.0,11399.0,455.96,14.445597195537667,0.2407599532589611
2025-12-20 02:45:00,57,17.0,11399.0,455.96,15.34895900903072,0.2558159834838453
2025-12-20 03:00:00,61,21.0,11399.0,455.96,10.83713815980645,0.1806189693301075
2025-12-20 03:15:00,60,20.0,11399.0,455.96,11.922430303861924,0.198707171731032
2025-12-20 03:30:00,60,20.0,11399.0,455.96,13.008264186629187,0.2168044031104864
2025-12-20 03:45:00,57,17.0,11399.0,455.96,13.193098588338572,0.2198849764723095
2025-12-20 04:00:00,58,18.0,11399.0,455.96,10.346688469522022,0.172444807825367
2025-12-20 04:15:00,56,16.0,11399.0,455.96,14.426654911563665,0.240444248526061
2025-12-20 04:30:00,55,15.0,11399.0,455.96,12.764191762113567,0.2127365293685594
2025-12-20 04:45:00,56,16.0,11399.0,455.96,10.643988395479369,0.1773998065913228
2025-12-20 05:00:00,60,20.0,11399.0,455.96,12.914164989057973,0.2152360831509662
2025-12-20 05:15:00,52,12.0,11399.0,455.96,13.473564764949495,0.2245594127491582
2025-12-20 05:30:00,58,18.0,11399.0,455.96,15.374766004360357,0.2562461000726726
2025-12-20 05:45:00,59,19.0,11399.0,455.96,11.583617226405517,0.1930602871067585
2025-12-20 06:00:00,65,25.0,10618.0,424.72,0.0,0.0
2025-12-20 06:15:00,65,25.0,10618.0,424.72,0.0,0.0
2025-12-20 06:30:00,64,24.0,10618.0,424.72,0.0,0.0
2025-12-20 06:45:00,64,24.0,10618.0,424.72,0.0,0.0
2025-12-20 07:00:00,64,24.0,10618.0,424.72,0.0,0.0
2025-12-20 07:15:00,63,23.0,10618.0,424.72,0.0,0.0
2025-12-20 07:30:00,64,24.0,10618.0,424.72,0.0,0.0
2025-12-20 07:45:00,67,27.0,10618.0,424.72,0.0,0.0
2025-12-20 08:00:00,64,24.0,10618.0,424.72,0.0,0.0
2025-12-20 08:15:00,63,23.0,10618.0,424.72,0.0,0.0
2025-12-20 08:30:00,63,23.0,10618.0,424.72,0.0,0.0
2025-12-20 08:45:00,62,23.0,10618.0,424.72,0.0,0.0
2025-12-20 09:00:00,70,27.0,10618.0,424.72,0.0,0.0
2025-12-20 09:15:00,77,33.0,10618.0,424.72,0.0,0.0
2025-12-20 09:30:00,70,27.0,10618.0,424.72,0.0,0.0
2025-12-20 09:45:00,58,17.0,10618.0,424.72,0.0,0.0
2025-12-20 10:00:00,67,24.0,10618.0,424.72,0.0,0.0
2025-12-20 10:15:00,78,33.0,10618.0,424.72,0.0,0.0
2025-12-20 10:30:00,62,20.0,10618.0,424.72,0.0,0.0
2025-12-20 10:45:00,59,18.0,10618.0,424.72,0.0,0.0
2025-12-20 11:00:00,64,22.0,10618.0,424.72,0.0,0.0
2025-12-20 11:15:00,73,29.0,10618.0,424.72,0.0,0.0
2025-12-20 11:30:00,85,39.0,10618.0,424.72,0.0,0.0
2025-12-20 11:45:00,55,15.0,10618.0,424.72,0.0,0.0
2025-12-20 12:00:00,69,26.0,10618.0,424.72,0.0,0.0
2025-12-20 12:15:00,60,19.0,10618.0,424.72,0.0,0.0
2025-12-20 12:30:00,82,37.0,10618.0,424.72,0.0,0.0
2025-12-20 12:45:00,61,19.0,10618.0,424.72,0.0,0.0
2025-12-20 13:00:00,75,31.0,10618.0,424.72,0.0,0.0
2025-12-20 13:15:00,57,16.0,10618.0,424.72,0.0,0.0
2025-12-20 13:30:00,59,18.0,10618.0,424.72,0.0,0.0
2025-12-20 13:45:00,69,26.0,10618.0,424.72,0.0,0.0
2025-12-20 14:00:00,79,34.0,10618.0,424.72,0.0,0.0
2025-12-20 14:15:00,80,35.0,10618.0,424.72,0.0,0.0
2025-12-20 14:30:00,72,29.0,10618.0,424.72,0.0,0.0
2025-12-20 14:45:00,65,23.0,10618.0,424.72,0.0,0.0
2025-12-20 15:00:00,73,29.0,10618.0,424.72,0.0,0.0
2025-12-20 15:15:00,73,29.0,10618.0,424.72,0.0,0.0
2025-12-20 15:30:00,67,24.0,10618.0,424.72,0.0,0.0
2025-12-20 15:45:00,68,25.0,10618.0,424.72,0.0,0.0
2025-12-20 16:00:00,63,21.0,10618.0,424.72,0.0,0.0
2025-12-20 16:15:00,71,28.0,10618.0,424.72,0.0,0.0
2025-12-20 16:30:00,65,23.0,10618.0,424.72,0.0,0.0
2025-12-20 16:45:00,65,23.0,10618.0,424.72,0.0,0.0
2025-12-20 17:00:00,62,20.0,10618.0,424.72,0.0,0.0
2025-12-20 17:15:00,64,22.0,10618.0,424.72,0.0,0.0
2025-12-20 17:30:00,67,24.0,10618.0,424.72,0.0,0.0
2025-12-20 17:45:00,75,31.0,10618.0,424.72,0.0,0.0
2025-12-20 18:00:00,61,21.0,10618.0,424.72,0.0,0.0
2025-12-20 18:15:00,62,22.0,10618.0,424.72,0.0,0.0
2025-12-20 18:30:00,60,20.0,10618.0,424.72,0.0,0.0
2025-12-20 18:45:00,58,18.0,10618.0,424.72,0.0,0.0
2025-12-20 19:00:00,57,17.0,10618.0,424.72,0.0,0.0
2025-12-20 19:15:00,62,22.0,10618.0,424.72,0.0,0.0
2025-12-20 19:30:00,61,21.0,10618.0,424.72,0.0,0.0
2025-12-20 19:45:00,60,20.0,10618.0,424.72,0.0,0.0
2025-12-20 20:00:00,59,19.0,10618.0,424.72,0.0,0.0
2025-12-20 20:15:00,63,23.0,10618.0,424.72,0.0,0.0
2025-12-20 20:30:00,61,21.0,10618.0,424.72,0.0,0.0
2025-12-20 20:45:00,64,24.0,10618.0,424.72,0.0,0.0
2025-12-20 21:00:00,63,23.0,10618.0,424.72,0.0,0.0
2025-12-20 21:15:00,62,22.0,10618.0,424.72,0.0,0.0
2025-12-20 21:30:00,63,22.0,10618.0,424.72,0.0,0.0
2025-12-20 21:45:00,62,22.0,10618.0,424.72,0.0,0.0
2025-12-20 22:00:00,61,21.0,10618.0,424.72,13.03355776267135,0.2172259627111891
2025-12-20 22:15:00,61,21.0,10618.0,424.72,13.273290961323491,0.2212215160220582
2025-12-20 22:30:00,62,22.0,10618.0,424.72,9.899341467815988,0.1649890244635997
2025-12-20 22:45:00,62,22.0,10618.0,424.72,12.030884017182132,0.2005147336197022
2025-12-20 23:00:00,62,22.0,10618.0,424.72,11.602599494812072,0.1933766582468678
2025-12-20 23:15:00,63,23.0,10618.0,424.72,15.684158658982383,0.261402644316373
2025-12-20 23:30:00,63,23.0,10618.0,424.72,15.18706935332128,0.2531178225553546
2025-12-20 23:45:00,64,24.0,10618.0,424.72,19.65991854216082,0.3276653090360136
2025-12-21 00:00:00,61,21.0,10618.0,424.72,10.939717029559638,0.1823286171593273
2025-12-21 00:15:00,63,23.0,10618.0,424.72,10.110355285943088,0.1685059214323848
2025-12-21 00:30:00,59,19.0,10618.0,424.72,17.49707769540278,0.2916179615900463
2025-12-21 00:45:00,65,25.0,10618.0,424.72,12.924194053358418,0.2154032342226403
2025-12-21 01:00:00,62,22.0,10618.0,424.72,13.568378285046707,0.2261396380841117
2025-12-21 01:15:00,61,21.0,10618.0,424.72,13.2038372513512,0.2200639541891866
2025-12-21 01:30:00,60,20.0,10618.0,424.72,11.89730532583688,0.1982884220972813
2025-12-21 01:45:00,62,22.0,10618.0,424.72,19.232766787144516,0.3205461131190752
2025-12-21 02:00:00,62,22.0,10618.0,424.72,17.822254120153872,0.2970375686692312
2025-12-21 02:15:00,61,21.0,10618.0,424.72,13.216587987430856,0.2202764664571809
2025-12-21 02:30:00,60,20.0,10618.0,424.72,14.207100283119836,0.2367850047186639
2025-12-21 02:45:00,63,20.0,10618.0,424.72,11.895585924006646,0.1982597654001107
2025-12-21 03:00:00,61,21.0,10618.0,424.72,12.191618299624018,0.2031936383270669
2025-12-21 03:15:00,61,21.0,10618.0,424.72,9.445325446292518,0.1574220907715419
2025-12-21 03:30:00,60,20.0,10618.0,424.72,14.19097990628214,0.236516331771369
2025-12-21 03:45:00,62,22.0,10618.0,424.72,16.563656831316607,0.2760609471886101
2025-12-21 04:00:00,61,21.0,10618.0,424.72,15.05204319413679,0.2508673865689464
2025-12-21 04:15:00,61,21.0,10618.0,424.72,15.784453400395613,0.2630742233399268
2025-12-21 04:30:00,62,22.0,10618.0,424.72,10.468554770138438,0.1744759128356406
2025-12-21 04:45:00,61,21.0,10618.0,424.72,15.664718264801364,0.2610786377466894
2025-12-21 05:00:00,60,20.0,10618.0,424.72,10.95029699149002,0.182504949858167
2025-12-21 05:15:00,60,20.0,10618.0,424.72,14.20777394212939,0.2367962323688231
2025-12-21 05:30:00,64,24.0,10618.0,424.72,13.587499871990971,0.2264583311998495
2025-12-21 05:45:00,60,20.0,10618.0,424.72,12.521783212239022,0.2086963868706503
2025-12-21 06:00:00,70,30.0,6933.0,277.32,0.0,0.0
2025-12-21 06:15:00,63,23.0,6933.0,277.32,0.0,0.0
2025-12-21 06:30:00,63,23.0,6933.0,277.32,0.0,0.0
2025-12-21 06:45:00,65,25.0,6933.0,277.32,0.0,0.0
2025-12-21 07:00:00,67,27.0,6933.0,277.32,0.0,0.0
2025-12-21 07:15:00,66,26.0,6933.0,277.32,0.0,0.0
2025-12-21 07:30:00,62,22.0,6933.0,277.32,0.0,0.0
2025-12-21 07:45:00,68,28.0,6933.0,277.32,0.0,0.0
2025-12-21 08:00:00,62,22.0,6933.0,277.32,0.0,0.0
2025-12-21 08:15:00,66,26.0,6933.0,277.32,0.0,0.0
2025-12-21 08:30:00,63,23.0,6933.0,277.32,0.0,0.0
2025-12-21 08:45:00,62,23.0,6933.0,277.32,0.0,0.0
2025-12-21 09:00:00,74,30.0,6933.0,277.32,0.0,0.0
2025-12-21 09:15:00,57,16.0,6933.0,277.32,0.0,0.0
2025-12-21 09:30:00,72,29.0,6933.0,277.32,0.0,0.0
2025-12-21 09:45:00,74,30.0,6933.0,277.32,0.0,0.0
2025-12-21 10:00:00,84,38.0,6933.0,277.32,0.0,0.0
2025-12-21 10:15:00,67,24.0,6933.0,277.32,0.0,0.0
2025-12-21 10:30:00,68,25.0,6933.0,277.32,0.0,0.0
2025-12-21 10:45:00,78,33.0,6933.0,277.32,0.0,0.0
2025-12-21 11:00:00,64,22.0,6933.0,277.32,0.0,0.0
2025-12-21 11:15:00,55,15.0,6933.0,277.32,0.0,0.0
2025-12-21 11:30:00,75,31.0,6933.0,277.32,0.0,0.0
2025-12-21 11:45:00,74,30.0,6933.0,277.32,0.0,0.0
2025-12-21 12:00:00,65,23.0,6933.0,277.32,0.0,0.0
2025-12-21 12:15:00,74,30.0,6933.0,277.32,0.0,0.0
2025-12-21 12:30:00,80,35.0,6933.0,277.32,0.0,0.0
2025-12-21 12:45:00,55,15.0,6933.0,277.32,0.0,0.0
2025-12-21 13:00:00,73,29.0,6933.0,277.32,0.0,0.0
2025-12-21 13:15:00,76,32.0,6933.0,277.32,0.0,0.0
2025-12-21 13:30:00,65,23.0,6933.0,277.32,0.0,0.0
2025-12-21 13:45:00,66,24.0,6933.0,277.32,0.0,0.0
2025-12-21 14:00:00,69,26.0,6933.0,277.32,0.0,0.0
2025-12-21 14:15:00,81,36.0,6933.0,277.32,0.0,0.0
2025-12-21 14:30:00,78,33.0,6933.0,277.32,0.0,0.0
2025-12-21 14:45:00,75,31.0,6933.0,277.32,0.0,0.0
2025-12-21 15:00:00,76,32.0,6933.0,277.32,0.0,0.0
2025-12-21 15:15:00,74,30.0,6933.0,277.32,0.0,0.0
2025-12-21 15:30:00,71,28.0,6933.0,277.32,0.0,0.0
2025-12-21 15:45:00,62,20.0,6933.0,277.32,0.0,0.0
2025-12-21 16:00:00,64,22.0,6933.0,277.32,0.0,0.0
2025-12-21 16:15:00,66,24.0,6933.0,277.32,0.0,0.0
2025-12-21 16:30:00,68,25.0,6933.0,277.32,0.0,0.0
2025-12-21 16:45:00,71,28.0,6933.0,277.32,0.0,0.0
2025-12-21 17:00:00,78,33.0,6933.0,277.32,0.0,0.0
2025-12-21 17:15:00,69,26.0,6933.0,277.32,0.0,0.0
2025-12-21 17:30:00,66,24.0,6933.0,277.32,0.0,0.0
2025-12-21 17:45:00,81,36.0,6933.0,277.32,0.0,0.0
2025-12-21 18:00:00,56,16.0,6933.0,277.32,0.0,0.0
2025-12-21 18:15:00,55,15.0,6933.0,277.32,0.0,0.0
2025-12-21 18:30:00,58,18.0,6933.0,277.32,0.0,0.0
2025-12-21 18:45:00,60,20.0,6933.0,277.32,0.0,0.0
2025-12-21 19:00:00,54,14.0,6933.0,277.32,0.0,0.0
2025-12-21 19:15:00,59,19.0,6933.0,277.32,0.0,0.0
2025-12-21 19:30:00,56,16.0,6933.0,277.32,0.0,0.0
2025-12-21 19:45:00,57,17.0,6933.0,277.32,0.0,0.0
2025-12-21 20:00:00,56,16.0,6933.0,277.32,0.0,0.0
2025-12-21 20:15:00,60,20.0,6933.0,277.32,0.0,0.0
2025-12-21 20:30:00,58,18.0,6933.0,277.32,0.0,0.0
2025-12-21 20:45:00,54,14.0,6933.0,277.32,0.0,0.0
2025-12-21 21:00:00,57,17.0,6933.0,277.32,0.0,0.0
2025-12-21 21:15:00,53,13.0,6933.0,277.32,0.0,0.0
2025-12-21 21:30:00,60,20.0,6933.0,277.32,0.0,0.0
2025-12-21 21:45:00,56,16.0,6933.0,277.32,0.0,0.0
2025-12-21 22:00:00,59,19.0,6933.0,277.32,13.22685223514281,0.2204475372523801
2025-12-21 22:15:00,58,18.0,6933.0,277.32,13.286873618138149,0.2214478936356358
2025-12-21 22:30:00,54,14.0,6933.0,277.32,15.348366214767536,0.2558061035794589
2025-12-21 22:45:00,57,17.0,6933.0,277.32,15.459921788097272,0.2576653631349545
2025-12-21 23:00:00,59,19.0,6933.0,277.32,16.02071027612341,0.2670118379353902
2025-12-21 23:15:00,60,20.0,6933.0,277.32,18.08926482320492,0.3014877470534153
2025-12-21 23:30:00,55,15.0,6933.0,277.32,17.96288286659722,0.2993813811099536
2025-12-21 23:45:00,60,20.0,6933.0,277.32,11.596678908911366,0.1932779818151894
2025-12-22 00:00:00,60,20.0,6933.0,277.32,14.08626344700678,0.234771057450113
2025-12-22 00:15:00,58,18.0,6933.0,277.32,16.467677689687072,0.2744612948281179
2025-12-22 00:30:00,55,15.0,6933.0,277.32,15.913474944770783,0.2652245824128464
2025-12-22 00:45:00,58,18.0,6933.0,277.32,14.824817227443038,0.2470802871240506
2025-12-22 01:00:00,55,15.0,6933.0,277.32,17.694909110996264,0.2949151518499377
2025-12-22 01:15:00,59,19.0,6933.0,277.32,19.205736521677803,0.32009560869463
2025-12-22 01:30:00,61,21.0,6933.0,277.32,13.311654814969344,0.2218609135828224
2025-12-22 01:45:00,55,15.0,6933.0,277.32,10.968930926169287,0.1828155154361548
2025-12-22 02:00:00,59,19.0,6933.0,277.32,15.508073714737929,0.2584678952456321
2025-12-22 02:15:00,56,16.0,6933.0,277.32,16.744247547945967,0.2790707924657661
2025-12-22 02:30:00,57,17.0,6933.0,277.32,11.310406268012922,0.1885067711335487
2025-12-22 02:45:00,57,17.0,6933.0,277.32,9.7349812706907,0.162249687844845
2025-12-22 03:00:00,59,19.0,6933.0,277.32,13.624762661562045,0.2270793776927007
2025-12-22 03:15:00,57,17.0,6933.0,277.32,12.220466744457012,0.2036744457409502
2025-12-22 03:30:00,59,19.0,6933.0,277.32,15.651421669207604,0.2608570278201267
2025-12-22 03:45:00,58,18.0,6933.0,277.32,17.2222316978034,0.28703719496339
2025-12-22 04:00:00,57,17.0,6933.0,277.32,14.817330674226092,0.2469555112371015
2025-12-22 04:15:00,58,18.0,6933.0,277.32,18.87159404383079,0.3145265673971798
2025-12-22 04:30:00,57,17.0,6933.0,277.32,13.25532752485459,0.2209221254142431
2025-12-22 04:45:00,58,18.0,6933.0,277.32,13.454569331462976,0.2242428221910496
2025-12-22 05:00:00,55,15.0,6933.0,277.32,13.68341844996363,0.2280569741660605
2025-12-22 05:15:00,59,19.0,6933.0,277.32,17.293027922429406,0.2882171320404901
2025-12-22 05:30:00,58,18.0,6933.0,277.32,14.467580380889563,0.2411263396814927
2025-12-22 05:45:00,58,18.0,6933.0,277.32,13.836024141808688,0.2306004023634781
2025-12-22 06:00:00,55,15.0,4210.0,168.4,0.0,0.0
2025-12-22 06:15:00,52,12.0,4210.0,168.4,0.0,0.0
2025-12-22 06:30:00,54,14.0,4210.0,168.4,0.0,0.0
2025-12-22 06:45:00,53,13.0,4210.0,168.4,0.0,0.0
2025-12-22 07:00:00,54,14.0,4210.0,168.4,0.0,0.0
2025-12-22 07:15:00,51,11.0,4210.0,168.4,0.0,0.0
2025-12-22 07:30:00,53,13.0,4210.0,168.4,0.0,0.0
2025-12-22 07:45:00,54,14.0,4210.0,168.4,0.0,0.0
2025-12-22 08:00:00,54,14.0,4210.0,168.4,0.0,0.0
2025-12-22 08:15:00,54,14.0,4210.0,168.4,0.0,0.0
2025-12-22 08:30:00,54,14.0,4210.0,168.4,0.0,0.0
2025-12-22 08:45:00,53,13.0,4210.0,168.4,0.0,0.0
2025-12-22 09:00:00,64,22.0,4210.0,168.4,0.0,0.0
2025-12-22 09:15:00,69,26.0,4210.0,168.4,0.0,0.0
2025-12-22 09:30:00,66,24.0,4210.0,168.4,0.0,0.0
2025-12-22 09:45:00,89,24.0,4210.0,168.4,0.0,0.0
2025-12-22 10:00:00,68,25.0,4210.0,168.4,0.0,0.0
2025-12-22 10:15:00,82,37.0,4210.0,168.4,0.0,0.0
2025-12-22 10:30:00,77,33.0,4210.0,168.4,0.0,0.0
2025-12-22 10:45:00,92,45.0,4210.0,168.4,0.0,0.0
2025-12-22 11:00:00,77,33.0,4210.0,168.4,0.0,0.0
2025-12-22 11:15:00,83,38.0,4210.0,168.4,0.0,0.0
2025-12-22 11:30:00,77,33.0,4210.0,168.4,0.0,0.0
2025-12-22 11:45:00,78,33.0,4210.0,168.4,0.0,0.0
2025-12-22 12:00:00,92,45.0,4210.0,168.4,0.0,0.0
2025-12-22 12:15:00,78,33.0,4210.0,168.4,0.0,0.0
2025-12-22 12:30:00,76,32.0,4210.0,168.4,0.0,0.0
2025-12-22 12:45:00,85,39.0,4210.0,168.4,0.0,0.0
2025-12-22 13:00:00,74,30.0,4210.0,168.4,0.0,0.0
2025-12-22 13:15:00,86,40.0,4210.0,168.4,0.0,0.0
2025-12-22 13:30:00,81,36.0,4210.0,168.4,0.0,0.0
2025-12-22 13:45:00,80,35.0,4210.0,168.4,0.0,0.0
2025-12-22 14:00:00,36,5.0,4210.0,168.4,0.0,0.0
2025-12-22 14:15:00,36,5.0,4210.0,168.4,0.0,0.0
2025-12-22 14:30:00,37,6.0,4210.0,168.4,0.0,0.0
2025-12-22 14:45:00,78,33.0,4210.0,168.4,0.0,0.0
2025-12-22 15:00:00,81,36.0,4210.0,168.4,0.0,0.0
2025-12-22 15:15:00,72,29.0,4210.0,168.4,0.0,0.0
2025-12-22 15:30:00,88,42.0,4210.0,168.4,0.0,0.0
2025-12-22 15:45:00,82,37.0,4210.0,168.4,0.0,0.0
2025-12-22 16:00:00,75,31.0,4210.0,168.4,0.0,0.0
2025-12-22 16:15:00,71,28.0,4210.0,168.4,0.0,0.0
2025-12-22 16:30:00,71,28.0,4210.0,168.4,0.0,0.0
2025-12-22 16:45:00,66,24.0,4210.0,168.4,0.0,0.0
2025-12-22 17:00:00,82,37.0,4210.0,168.4,0.0,0.0
2025-12-22 17:15:00,80,35.0,4210.0,168.4,0.0,0.0
2025-12-22 17:30:00,70,27.0,4210.0,168.4,0.0,0.0
2025-12-22 17:45:00,75,31.0,4210.0,168.4,0.0,0.0
2025-12-22 18:00:00,59,31.0,4210.0,168.4,0.0,0.0
2025-12-22 18:15:00,57,17.0,4210.0,168.4,0.0,0.0
2025-12-22 18:30:00,62,22.0,4210.0,168.4,0.0,0.0
2025-12-22 18:45:00,62,22.0,4210.0,168.4,0.0,0.0
2025-12-22 19:00:00,62,22.0,4210.0,168.4,0.0,0.0
2025-12-22 19:15:00,59,19.0,4210.0,168.4,0.0,0.0
2025-12-22 19:30:00,61,21.0,4210.0,168.4,0.0,0.0
2025-12-22 19:45:00,56,16.0,4210.0,168.4,0.0,0.0
2025-12-22 20:00:00,61,21.0,4210.0,168.4,0.0,0.0
2025-12-22 20:15:00,61,21.0,4210.0,168.4,0.0,0.0
2025-12-22 20:30:00,63,23.0,4210.0,168.4,0.0,0.0
2025-12-22 20:45:00,64,24.0,4210.0,168.4,0.0,0.0
2025-12-22 21:00:00,59,19.0,4210.0,168.4,0.0,0.0
2025-12-22 21:15:00,62,22.0,4210.0,168.4,0.0,0.0
2025-12-22 21:30:00,56,16.0,4210.0,168.4,0.0,0.0
2025-12-22 21:45:00,62,22.0,4210.0,168.4,0.0,0.0
2025-12-22 22:00:00,60,20.0,4210.0,168.4,15.436483133885297,0.2572747188980883
2025-12-22 22:15:00,64,24.0,4210.0,168.4,19.307983952040267,0.3217997325340044
2025-12-22 22:30:00,58,18.0,4210.0,168.4,17.780841759364723,0.2963473626560787
2025-12-22 22:45:00,63,23.0,4210.0,168.4,17.105002808665922,0.285083380144432
2025-12-22 23:00:00,58,18.0,4210.0,168.4,19.986200971596592,0.3331033495266098
2025-12-22 23:15:00,60,20.0,4210.0,168.4,17.299222694394302,0.288320378239905
2025-12-22 23:30:00,60,20.0,4210.0,168.4,20.229413231599608,0.3371568871933268
2025-12-22 23:45:00,60,20.0,4210.0,168.4,17.285833865371266,0.2880972310895211
2025-12-23 00:00:00,61,21.0,4210.0,168.4,17.86569521908197,0.2977615869846995
2025-12-23 00:15:00,61,21.0,4210.0,168.4,17.292258408701525,0.288204306811692
2025-12-23 00:30:00,59,19.0,4210.0,168.4,15.366826739909168,0.2561137789984861
2025-12-23 00:45:00,59,19.0,4210.0,168.4,14.850279410292847,0.2475046568382141
2025-12-23 01:00:00,58,18.0,4210.0,168.4,17.167227762769237,0.2861204627128206
2025-12-23 01:15:00,60,20.0,4210.0,168.4,15.37123562789327,0.2561872604648878
2025-12-23 01:30:00,62,22.0,4210.0,168.4,14.439444260434088,0.2406574043405681
2025-12-23 01:45:00,64,24.0,4210.0,168.4,15.06075519553061,0.2510125865921768
2025-12-23 02:00:00,62,22.0,4210.0,168.4,16.44595002512321,0.2740991670853868
2025-12-23 02:15:00,59,19.0,4210.0,168.4,13.04372477893776,0.217395412982296
2025-12-23 02:30:00,62,22.0,4210.0,168.4,18.556004275911757,0.3092667379318625
2025-12-23 02:45:00,59,19.0,4210.0,168.4,21.417407060898523,0.3569567843483087
2025-12-23 03:00:00,61,21.0,4210.0,168.4,13.845186336923636,0.2307531056153939
2025-12-23 03:15:00,59,19.0,4210.0,168.4,16.968777142278093,0.2828129523713015
2025-12-23 03:30:00,62,22.0,4210.0,168.4,13.688366863498931,0.2281394477249821
2025-12-23 03:45:00,60,20.0,4210.0,168.4,19.631537287317077,0.3271922881219512
2025-12-23 04:00:00,60,20.0,4210.0,168.4,13.897427302444218,0.2316237883740703
2025-12-23 04:15:00,61,21.0,4210.0,168.4,18.438060564245525,0.3073010094040921
2025-12-23 04:30:00,54,14.0,4210.0,168.4,21.32119781106862,0.3553532968511437
2025-12-23 04:45:00,60,20.0,4210.0,168.4,17.063129861961485,0.2843854976993581
2025-12-23 05:00:00,59,19.0,4210.0,168.4,22.93825183330182,0.382304197221697
2025-12-23 05:15:00,62,22.0,4210.0,168.4,16.502904155927958,0.2750484025987993
2025-12-23 05:30:00,59,19.0,4210.0,168.4,13.45549085944917,0.2242581809908195
2025-12-23 05:45:00,65,25.0,4210.0,168.4,16.67051189242999,0.2778418648738331
2025-12-23 06:00:00,59,19.0,5097.0,203.88,0.0,0.0
2025-12-23 06:15:00,63,23.0,5097.0,203.88,0.0,0.0
2025-12-23 06:30:00,58,18.0,5097.0,203.88,0.0,0.0
2025-12-23 06:45:00,63,23.0,5097.0,203.88,0.0,0.0
2025-12-23 07:00:00,59,19.0,5097.0,203.88,0.0,0.0
2025-12-23 07:15:00,58,18.0,5097.0,203.88,0.0,0.0
2025-12-23 07:30:00,64,24.0,5097.0,203.88,0.0,0.0
2025-12-23 07:45:00,59,19.0,5097.0,203.88,0.0,0.0
2025-12-23 08:00:00,59,19.0,5097.0,203.88,0.0,0.0
2025-12-23 08:15:00,64,24.0,5097.0,203.88,0.0,0.0
2025-12-23 08:30:00,60,20.0,5097.0,203.88,0.0,0.0
2025-12-23 08:45:00,59,19.0,5097.0,203.88,0.0,0.0
2025-12-23 09:00:00,79,34.0,5097.0,203.88,0.0,0.0
2025-12-23 09:15:00,68,25.0,5097.0,203.88,0.0,0.0
2025-12-23 09:30:00,87,41.0,5097.0,203.88,0.0,0.0
2025-12-23 09:45:00,90,43.0,5097.0,203.88,0.0,0.0
2025-12-23 10:00:00,80,35.0,5097.0,203.88,0.0,0.0
2025-12-23 10:15:00,82,37.0,5097.0,203.88,0.0,0.0
2025-12-23 10:30:00,87,41.0,5097.0,203.88,0.0,0.0
2025-12-23 10:45:00,93,46.0,5097.0,203.88,0.0,0.0
2025-12-23 11:00:00,76,32.0,5097.0,203.88,0.0,0.0
2025-12-23 11:15:00,94,47.0,5097.0,203.88,0.0,0.0
2025-12-23 11:30:00,80,35.0,5097.0,203.88,0.0,0.0
2025-12-23 11:45:00,89,43.0,5097.0,203.88,0.0,0.0
2025-12-23 12:00:00,88,42.0,5097.0,203.88,0.0,0.0
2025-12-23 12:15:00,81,36.0,5097.0,203.88,0.0,0.0
2025-12-23 12:30:00,88,42.0,5097.0,203.88,0.0,0.0
2025-12-23 12:45:00,89,43.0,5097.0,203.88,0.0,0.0
2025-12-23 13:00:00,94,47.0,5097.0,203.88,0.0,0.0
2025-12-23 13:15:00,73,29.0,5097.0,203.88,0.0,0.0
2025-12-23 13:30:00,69,26.0,5097.0,203.88,0.0,0.0
2025-12-23 13:45:00,98,50.0,5097.0,203.88,0.0,0.0
2025-12-23 14:00:00,85,39.0,5097.0,203.88,0.0,0.0
2025-12-23 14:15:00,82,37.0,5097.0,203.88,0.0,0.0
2025-12-23 14:30:00,85,39.0,5097.0,203.88,0.0,0.0
2025-12-23 14:45:00,85,39.0,5097.0,203.88,0.0,0.0
2025-12-23 15:00:00,77,33.0,5097.0,203.88,0.0,0.0
2025-12-23 15:15:00,68,25.0,5097.0,203.88,0.0,0.0
2025-12-23 15:30:00,74,30.0,5097.0,203.88,0.0,0.0
2025-12-23 15:45:00,83,38.0,5097.0,203.88,0.0,0.0
2025-12-23 16:00:00,84,38.0,5097.0,203.88,0.0,0.0
2025-12-23 16:15:00,82,37.0,5097.0,203.88,0.0,0.0
2025-12-23 16:30:00,84,38.0,5097.0,203.88,0.0,0.0
2025-12-23 16:45:00,87,41.0,5097.0,203.88,0.0,0.0
2025-12-23 17:00:00,86,41.0,5097.0,203.88,0.0,0.0
2025-12-23 17:15:00,90,43.0,5097.0,203.88,0.0,0.0
2025-12-23 17:30:00,79,34.0,5097.0,203.88,0.0,0.0
2025-12-23 17:45:00,92,45.0,5097.0,203.88,0.0,0.0
2025-12-23 18:00:00,58,18.0,5097.0,203.88,0.0,0.0
2025-12-23 18:15:00,59,19.0,5097.0,203.88,0.0,0.0
2025-12-23 18:30:00,58,18.0,5097.0,203.88,0.0,0.0
2025-12-23 18:45:00,60,20.0,5097.0,203.88,0.0,0.0
2025-12-23 19:00:00,61,21.0,5097.0,203.88,0.0,0.0
2025-12-23 19:15:00,62,22.0,5097.0,203.88,0.0,0.0
2025-12-23 19:30:00,55,15.0,5097.0,203.88,0.0,0.0
2025-12-23 19:45:00,58,18.0,5097.0,203.88,0.0,0.0
2025-12-23 20:00:00,56,16.0,5097.0,203.88,0.0,0.0
2025-12-23 20:15:00,55,15.0,5097.0,203.88,0.0,0.0
2025-12-23 20:30:00,61,21.0,5097.0,203.88,0.0,0.0
2025-12-23 20:45:00,59,19.0,5097.0,203.88,0.0,0.0
2025-12-23 21:00:00,55,15.0,5097.0,203.88,0.0,0.0
2025-12-23 21:15:00,58,18.0,5097.0,203.88,0.0,0.0
2025-12-23 21:30:00,62,22.0,5097.0,203.88,0.0,0.0
2025-12-23 21:45:00,56,16.0,5097.0,203.88,0.0,0.0
2025-12-23 22:00:00,59,19.0,5097.0,203.88,14.533615501669244,0.2422269250278207
2025-12-23 22:15:00,55,15.0,5097.0,203.88,12.558932372919177,0.2093155395486529
2025-12-23 22:30:00,57,17.0,5097.0,203.88,10.58424924416911,0.1764041540694851
2025-12-23 22:45:00,58,18.0,5097.0,203.88,15.19819179649231,0.2533031966082051
2025-12-23 23:00:00,55,15.0,5097.0,203.88,12.813319174561949,0.2135553195760325
2025-12-23 23:15:00,57,17.0,5097.0,203.88,10.894264372063976,0.1815710728677329
2025-12-23 23:30:00,58,18.0,5097.0,203.88,18.67906410801978,0.311317735133663
2025-12-23 23:45:00,55,15.0,5097.0,203.88,14.238818137635752,0.2373136356272625
2025-12-24 00:00:00,56,16.0,5097.0,203.88,9.291166062196478,0.1548527677032746
2025-12-24 00:15:00,59,19.0,5097.0,203.88,16.946293153333983,0.282438219222233
2025-12-24 00:30:00,56,16.0,5097.0,203.88,13.734433106151911,0.2289072184358652
2025-12-24 00:45:00,59,19.0,5097.0,203.88,10.205021379504856,0.1700836896584142
2025-12-24 01:00:00,57,17.0,5097.0,203.88,13.402736262038008,0.2233789377006334
2025-12-24 01:15:00,58,18.0,5097.0,203.88,17.509526276257745,0.2918254379376291
2025-12-24 01:30:00,60,20.0,5097.0,203.88,11.997938243765184,0.1999656373960864
2025-12-24 01:45:00,56,16.0,5097.0,203.88,10.087256732893511,0.1681209455482251
2025-12-24 02:00:00,57,17.0,5097.0,203.88,11.795694902406002,0.19659491504009996
2025-12-24 02:15:00,58,18.0,5097.0,203.88,13.504133071918492,0.2250688845319748
2025-12-24 02:30:00,58,18.0,5097.0,203.88,11.807044169243024,0.1967840694873837
2025-12-24 02:45:00,57,17.0,5097.0,203.88,13.89055743787307,0.2315092906312178
2025-12-24 03:00:00,55,15.0,5097.0,203.88,13.932699619842593,0.2322116603307099
2025-12-24 03:15:00,57,17.0,5097.0,203.88,10.883404456803603,0.18139007428006
2025-12-24 03:30:00,61,21.0,5097.0,203.88,13.350009658544916,0.2225001609757486
2025-12-24 03:45:00,60,20.0,5097.0,203.88,15.034842674534117,0.2505807112422352
2025-12-24 04:00:00,59,19.0,5097.0,203.88,14.74101184685033,0.2456835307808388
2025-12-24 04:15:00,60,20.0,5097.0,203.88,11.072422866534462,0.1845403811089077
2025-12-24 04:30:00,59,19.0,5097.0,203.88,10.975092811033814,0.1829182135172302
2025-12-24 04:45:00,60,20.0,5097.0,203.88,15.865520365293534,0.2644253394215589
2025-12-24 05:00:00,57,17.0,5097.0,203.88,15.022573046187265,0.2503762174364544
2025-12-24 05:15:00,60,20.0,5097.0,203.88,14.179625727080996,0.2363270954513499
2025-12-24 05:30:00,60,20.0,5097.0,203.88,13.863263875931544,0.2310543979321924
2025-12-24 05:45:00,58,18.0,5097.0,203.88,17.26930278603523,0.2878217131005872
2025-12-24 06:00:00,64,24.0,15343.0,613.72,0.0,0.0
2025-12-24 06:15:00,63,23.0,15343.0,613.72,0.0,0.0
2025-12-24 06:30:00,63,23.0,15343.0,613.72,0.0,0.0
2025-12-24 06:45:00,66,26.0,15343.0,613.72,0.0,0.0
2025-12-24 07:00:00,65,25.0,15343.0,613.72,0.0,0.0
2025-12-24 07:15:00,67,27.0,15343.0,613.72,0.0,0.0
2025-12-24 07:30:00,62,22.0,15343.0,613.72,0.0,0.0
2025-12-24 07:45:00,63,23.0,15343.0,613.72,0.0,0.0
2025-12-24 08:00:00,60,20.0,15343.0,613.72,0.0,0.0
2025-12-24 08:15:00,66,26.0,15343.0,613.72,0.0,0.0
2025-12-24 08:30:00,62,22.0,15343.0,613.72,0.0,0.0
2025-12-24 08:45:00,64,24.0,15343.0,613.72,0.0,0.0
2025-12-24 09:00:00,87,41.0,15343.0,613.72,0.0,0.0
2025-12-24 09:15:00,77,33.0,15343.0,613.72,0.0,0.0
2025-12-24 09:30:00,68,25.0,15343.0,613.72,0.0,0.0
2025-12-24 09:45:00,85,39.0,15343.0,613.72,0.0,0.0
2025-12-24 10:00:00,65,23.0,15343.0,613.72,0.0,0.0
2025-12-24 10:15:00,93,46.0,15343.0,613.72,0.0,0.0
2025-12-24 10:30:00,81,36.0,15343.0,613.72,0.0,0.0
2025-12-24 10:45:00,75,31.0,15343.0,613.72,0.0,0.0
2025-12-24 11:00:00,88,42.0,15343.0,613.72,0.0,0.0
2025-12-24 11:15:00,94,47.0,15343.0,613.72,0.0,0.0
2025-12-24 11:30:00,74,30.0,15343.0,613.72,0.0,0.0
2025-12-24 11:45:00,74,30.0,15343.0,613.72,0.0,0.0
2025-12-24 12:00:00,77,33.0,15343.0,613.72,0.0,0.0
2025-12-24 12:15:00,81,36.0,15343.0,613.72,0.0,0.0
2025-12-24 12:30:00,73,36.0,15343.0,613.72,0.0,0.0
2025-12-24 12:45:00,75,31.0,15343.0,613.72,0.0,0.0
2025-12-24 13:00:00,91,44.0,15343.0,613.72,0.0,0.0
2025-12-24 13:15:00,83,38.0,15343.0,613.72,0.0,0.0
2025-12-24 13:30:00,97,49.0,15343.0,613.72,0.0,0.0
2025-12-24 13:45:00,68,25.0,15343.0,613.72,0.0,0.0
2025-12-24 14:00:00,89,43.0,15343.0,613.72,0.0,0.0
2025-12-24 14:15:00,86,40.0,15343.0,613.72,0.0,0.0
2025-12-24 14:30:00,87,41.0,15343.0,613.72,0.0,0.0
2025-12-24 14:45:00,77,33.0,15343.0,613.72,0.0,0.0
2025-12-24 15:00:00,78,33.0,15343.0,613.72,0.0,0.0
2025-12-24 15:15:00,91,44.0,15343.0,613.72,0.0,0.0
2025-12-24 15:30:00,77,33.0,15343.0,613.72,0.0,0.0
2025-12-24 15:45:00,78,33.0,15343.0,613.72,0.0,0.0
2025-12-24 16:00:00,77,33.0,15343.0,613.72,0.0,0.0
2025-12-24 16:15:00,65,23.0,15343.0,613.72,0.0,0.0
2025-12-24 16:30:00,84,38.0,15343.0,613.72,0.0,0.0
2025-12-24 16:45:00,61,19.0,15343.0,613.72,0.0,0.0
2025-12-24 17:00:00,80,35.0,15343.0,613.72,0.0,0.0
2025-12-24 17:15:00,79,35.0,15343.0,613.72,0.0,0.0
2025-12-24 17:30:00,70,27.0,15343.0,613.72,0.0,0.0
2025-12-24 17:45:00,77,33.0,15343.0,613.72,0.0,0.0
2025-12-24 18:00:00,71,31.0,15343.0,613.72,0.0,0.0
2025-12-24 18:15:00,68,28.0,15343.0,613.72,0.0,0.0
2025-12-24 18:30:00,66,26.0,15343.0,613.72,0.0,0.0
2025-12-24 18:45:00,67,27.0,15343.0,613.72,0.0,0.0
2025-12-24 19:00:00,68,28.0,15343.0,613.72,0.0,0.0
2025-12-24 19:15:00,65,25.0,15343.0,613.72,0.0,0.0
2025-12-24 19:30:00,68,28.0,15343.0,613.72,0.0,0.0
2025-12-24 19:45:00,66,26.0,15343.0,613.72,0.0,0.0
2025-12-24 20:00:00,70,30.0,15343.0,613.72,0.0,0.0
2025-12-24 20:15:00,67,30.0,15343.0,613.72,0.0,0.0
2025-12-24 20:30:00,70,30.0,15343.0,613.72,0.0,0.0
2025-12-24 20:45:00,68,28.0,15343.0,613.72,0.0,0.0
2025-12-24 21:00:00,65,25.0,15343.0,613.72,0.0,0.0
2025-12-24 21:15:00,67,27.0,15343.0,613.72,0.0,0.0
2025-12-24 21:30:00,69,29.0,15343.0,613.72,0.0,0.0
2025-12-24 21:45:00,70,30.0,15343.0,613.72,0.0,0.0
2025-12-24 22:00:00,68,28.0,15343.0,613.72,18.83244485169456,0.313874080861576
2025-12-24 22:15:00,66,26.0,15343.0,613.72,13.844124217150508,0.2307354036191751
2025-12-24 22:30:00,70,30.0,15343.0,613.72,14.95256350243357,0.24920939170722614
2025-12-24 22:45:00,68,28.0,15343.0,613.72,16.06100278771663,0.2676833797952772
2025-12-24 23:00:00,68,28.0,15343.0,613.72,15.8187146669446,0.2636452444490766
2025-12-24 23:15:00,68,28.0,15343.0,613.72,13.499304947170955,0.2249884157861826
2025-12-24 23:30:00,68,28.0,15343.0,613.72,17.166166990189343,0.2861027831698223
2025-12-24 23:45:00,73,33.0,15343.0,613.72,14.486790417448647,0.2414465069574774
2025-12-25 00:00:00,66,26.0,15343.0,613.72,12.170394355339184,0.2028399059223197
2025-12-25 00:15:00,66,26.0,15343.0,613.72,14.31791538496332,0.238631923082722
2025-12-25 00:30:00,70,30.0,15343.0,613.72,14.9397309658671,0.248995516097785
2025-12-25 00:45:00,66,26.0,15343.0,613.72,16.10113008852096,0.268352168142016
2025-12-25 01:00:00,71,31.0,15343.0,613.72,17.52023147077331,0.29200385784622185
2025-12-25 01:15:00,70,30.0,15343.0,613.72,18.93933285302566,0.3156555475504277
2025-12-25 01:30:00,68,28.0,15343.0,613.72,15.921607835783968,0.2653601305963994
2025-12-25 01:45:00,69,29.0,15343.0,613.72,16.902820940046908,0.2817136823341151
2025-12-25 02:00:00,71,31.0,15343.0,613.72,16.68910180260638,0.2781516967101063
2025-12-25 02:15:00,72,32.0,15343.0,613.72,14.902572855462072,0.2483762142577012
2025-12-25 02:30:00,65,25.0,15343.0,613.72,17.346891249771872,0.28911485416286453
2025-12-25 02:45:00,68,28.0,15343.0,613.72,19.791209644081672,0.3298534940680279
2025-12-25 03:00:00,69,29.0,15343.0,613.72,15.059288572967164,0.2509881428827861
2025-12-25 03:15:00,69,29.0,15343.0,613.72,19.84193936194245,0.3306989893657075
2025-12-25 03:30:00,70,30.0,15343.0,613.72,11.073248605195028,0.1845541434199171
2025-12-25 03:45:00,65,25.0,15343.0,613.72,17.249437351647643,0.2874906225274607
2025-12-25 04:00:00,70,30.0,15343.0,613.72,15.647612154723433,0.2607935359120572
2025-12-25 04:15:00,69,29.0,15343.0,613.72,12.584669421636674,0.2097444903606112
2025-12-25 04:30:00,66,26.0,15343.0,613.72,16.311572639363618,0.2718595439893936
2025-12-25 04:45:00,67,27.0,15343.0,613.72,16.083499544307735,0.2680583257384622
2025-12-25 05:00:00,67,27.0,15343.0,613.72,13.924498913031687,0.2320749818838614
2025-12-25 05:15:00,69,29.0,15343.0,613.72,14.732381609257633,0.24553969348762714
2025-12-25 05:30:00,67,27.0,15343.0,613.72,15.540264305483577,0.2590044050913929
2025-12-25 05:45:00,69,29.0,15343.0,613.72,13.790206145012643,0.229836769083544
2025-12-25 06:00:00,69,29.0,6437.0,257.48,0.0,0.0
2025-12-25 06:15:00,68,28.0,6437.0,257.48,0.0,0.0
2025-12-25 06:30:00,69,29.0,6437.0,257.48,0.0,0.0
2025-12-25 06:45:00,65,25.0,6437.0,257.48,0.0,0.0
2025-12-25 07:00:00,65,25.0,6437.0,257.48,0.0,0.0
2025-12-25 07:15:00,64,24.0,6437.0,257.48,0.0,0.0
2025-12-25 07:30:00,66,26.0,6437.0,257.48,0.0,0.0
2025-12-25 07:45:00,68,28.0,6437.0,257.48,0.0,0.0
2025-12-25 08:00:00,67,27.0,6437.0,257.48,0.0,0.0
2025-12-25 08:15:00,66,26.0,6437.0,257.48,0.0,0.0
2025-12-25 08:30:00,62,22.0,6437.0,257.48,0.0,0.0
2025-12-25 08:45:00,65,22.0,6437.0,257.48,0.0,0.0
2025-12-25 09:00:00,71,28.0,6437.0,257.48,0.0,0.0
2025-12-25 09:15:00,83,38.0,6437.0,257.48,0.0,0.0
2025-12-25 09:30:00,88,42.0,6437.0,257.48,0.0,0.0
2025-12-25 09:45:00,66,24.0,6437.0,257.48,0.0,0.0
2025-12-25 10:00:00,82,37.0,6437.0,257.48,0.0,0.0
2025-12-25 10:15:00,86,40.0,6437.0,257.48,0.0,0.0
2025-12-25 10:30:00,75,31.0,6437.0,257.48,0.0,0.0
2025-12-25 10:45:00,65,23.0,6437.0,257.48,0.0,0.0
2025-12-25 11:00:00,82,37.0,6437.0,257.48,0.0,0.0
2025-12-25 11:15:00,79,34.0,6437.0,257.48,0.0,0.0
2025-12-25 11:30:00,85,39.0,6437.0,257.48,0.0,0.0
2025-12-25 11:45:00,77,33.0,6437.0,257.48,0.0,0.0
2025-12-25 12:00:00,66,24.0,6437.0,257.48,0.0,0.0
2025-12-25 12:15:00,83,38.0,6437.0,257.48,0.0,0.0
2025-12-25 12:30:00,82,37.0,6437.0,257.48,0.0,0.0
2025-12-25 12:45:00,87,41.0,6437.0,257.48,0.0,0.0
2025-12-25 13:00:00,76,32.0,6437.0,257.48,0.0,0.0
2025-12-25 13:15:00,94,47.0,6437.0,257.48,0.0,0.0
2025-12-25 13:30:00,67,24.0,6437.0,257.48,0.0,0.0
2025-12-25 13:45:00,74,30.0,6437.0,257.48,0.0,0.0
2025-12-25 14:00:00,94,47.0,6437.0,257.48,0.0,0.0
2025-12-25 14:15:00,88,42.0,6437.0,257.48,0.0,0.0
2025-12-25 14:30:00,70,27.0,6437.0,257.48,0.0,0.0
2025-12-25 14:45:00,74,30.0,6437.0,257.48,0.0,0.0
2025-12-25 15:00:00,85,39.0,6437.0,257.48,0.0,0.0
2025-12-25 15:15:00,71,28.0,6437.0,257.48,0.0,0.0
2025-12-25 15:30:00,70,27.0,6437.0,257.48,0.0,0.0
2025-12-25 15:45:00,86,40.0,6437.0,257.48,0.0,0.0
2025-12-25 16:00:00,66,24.0,6437.0,257.48,0.0,0.0
2025-12-25 16:15:00,85,39.0,6437.0,257.48,0.0,0.0
2025-12-25 16:30:00,82,37.0,6437.0,257.48,0.0,0.0
2025-12-25 16:45:00,70,27.0,6437.0,257.48,0.0,0.0
2025-12-25 17:00:00,76,32.0,6437.0,257.48,0.0,0.0
2025-12-25 17:15:00,80,35.0,6437.0,257.48,0.0,0.0
2025-12-25 17:30:00,79,34.0,6437.0,257.48,0.0,0.0
2025-12-25 17:45:00,65,23.0,6437.0,257.48,0.0,0.0
2025-12-25 18:00:00,54,14.0,6437.0,257.48,0.0,0.0
2025-12-25 18:15:00,56,16.0,6437.0,257.48,0.0,0.0
2025-12-25 18:30:00,55,15.0,6437.0,257.48,0.0,0.0
2025-12-25 18:45:00,54,14.0,6437.0,257.48,0.0,0.0
2025-12-25 19:00:00,56,16.0,6437.0,257.48,0.0,0.0
2025-12-25 19:15:00,54,14.0,6437.0,257.48,0.0,0.0
2025-12-25 19:30:00,54,14.0,6437.0,257.48,0.0,0.0
2025-12-25 19:45:00,51,11.0,6437.0,257.48,0.0,0.0
2025-12-25 20:00:00,53,13.0,6437.0,257.48,0.0,0.0
2025-12-25 20:15:00,53,13.0,6437.0,257.48,0.0,0.0
2025-12-25 20:30:00,53,13.0,6437.0,257.48,0.0,0.0
2025-12-25 20:45:00,56,16.0,6437.0,257.48,0.0,0.0
2025-12-25 21:00:00,50,10.0,6437.0,257.48,0.0,0.0
2025-12-25 21:15:00,52,12.0,6437.0,257.48,0.0,0.0
2025-12-25 21:30:00,52,12.0,6437.0,257.48,0.0,0.0
2025-12-25 21:45:00,58,18.0,6437.0,257.48,0.0,0.0
2025-12-25 22:00:00,54,18.0,6437.0,257.48,13.614229497873245,0.226903824964554
2025-12-25 22:15:00,53,13.0,6437.0,257.48,12.523084441158291,0.2087180740193048
2025-12-25 22:30:00,51,11.0,6437.0,257.48,11.372414955933138,0.1895402492655523
2025-12-25 22:45:00,56,16.0,6437.0,257.48,13.680564553864654,0.2280094092310775
2025-12-25 23:00:00,54,16.0,6437.0,257.48,16.24860177352148,0.2708100295586913
2025-12-25 23:15:00,56,16.0,6437.0,257.48,14.228564377522307,0.2371427396253717
2025-12-25 23:30:00,53,13.0,6437.0,257.48,15.47977552812225,0.2579962588020375
2025-12-25 23:45:00,54,14.0,6437.0,257.48,19.773289539535327,0.3295548256589221
2025-12-26 00:00:00,51,11.0,6437.0,257.48,14.870350961758138,0.2478391826959689
2025-12-26 00:15:00,55,15.0,6437.0,257.48,14.331009386283943,0.2388501564380657
2025-12-26 00:30:00,53,13.0,6437.0,257.48,16.830751340713835,0.2805125223452306
2025-12-26 00:45:00,55,15.0,6437.0,257.48,10.063478894073848,0.1677246482345641
2025-12-26 01:00:00,53,13.0,6437.0,257.48,14.611644993547856,0.2435274165591309
2025-12-26 01:15:00,55,15.0,6437.0,257.48,11.33374404267908,0.1888957340446513
2025-12-26 01:30:00,55,15.0,6437.0,257.48,11.668248723346172,0.1944708120557695
2025-12-26 01:45:00,54,14.0,6437.0,257.48,15.640286178765365,0.2606714363127561
2025-12-26 02:00:00,54,14.0,6437.0,257.48,13.573045453046277,0.2262174242174379
2025-12-26 02:15:00,53,13.0,6437.0,257.48,14.779402688968334,0.2463233781494722
2025-12-26 02:30:00,57,17.0,6437.0,257.48,16.71003208801538,0.2785005348002564
2025-12-26 02:45:00,56,16.0,6437.0,257.48,9.124708072470376,0.1520784678745062
2025-12-26 03:00:00,54,14.0,6437.0,257.48,17.046144380046556,0.2841024063341092
2025-12-26 03:15:00,53,13.0,6437.0,257.48,11.896355050441649,0.1982725841740274
2025-12-26 03:30:00,54,14.0,6437.0,257.48,15.142787089690838,0.2523797848281806
2025-12-26 03:45:00,57,17.0,6437.0,257.48,13.166262811876027,0.2194377135312671
2025-12-26 04:00:00,56,16.0,6437.0,257.48,13.081100339480276,0.2180183389913379
2025-12-26 04:15:00,56,16.0,6437.0,257.48,17.96206191724505,0.2993676986207508
2025-12-26 04:30:00,53,13.0,6437.0,257.48,17.107429134747676,0.2851238189124612
2025-12-26 04:45:00,54,14.0,6437.0,257.48,18.036419932005654,0.3006069988667609
2025-12-26 05:00:00,53,13.0,6437.0,257.48,15.185145754484903,0.2530857625747484
2025-12-26 05:15:00,51,11.0,6437.0,257.48,11.148327424905606,0.1858054570817601
2025-12-26 05:30:00,53,13.0,6437.0,257.48,13.768835008937115,0.2294805834822852
2025-12-26 05:45:00,52,12.0,6437.0,257.48,12.960252614696715,0.2160042102449452
2025-12-26 06:00:00,61,21.0,9548.0,381.92,0.0,0.0
2025-12-26 06:15:00,64,24.0,9548.0,381.92,0.0,0.0
2025-12-26 06:30:00,61,21.0,9548.0,381.92,0.0,0.0
2025-12-26 06:45:00,63,23.0,9548.0,381.92,0.0,0.0
2025-12-26 07:00:00,67,27.0,9548.0,381.92,0.0,0.0
2025-12-26 07:15:00,65,25.0,9548.0,381.92,0.0,0.0
2025-12-26 07:30:00,62,22.0,9548.0,381.92,0.0,0.0
2025-12-26 07:45:00,65,25.0,9548.0,381.92,0.0,0.0
2025-12-26 08:00:00,62,22.0,9548.0,381.92,0.0,0.0
2025-12-26 08:15:00,64,24.0,9548.0,381.92,0.0,0.0
2025-12-26 08:30:00,63,23.0,9548.0,381.92,0.0,0.0
2025-12-26 08:45:00,64,24.0,9548.0,381.92,0.0,0.0
2025-12-26 09:00:00,78,33.0,9548.0,381.92,0.0,0.0
2025-12-26 09:15:00,84,38.0,9548.0,381.92,0.0,0.0
2025-12-26 09:30:00,70,27.0,9548.0,381.92,0.0,0.0
2025-12-26 09:45:00,91,44.0,9548.0,381.92,0.0,0.0
2025-12-26 10:00:00,77,33.0,9548.0,381.92,0.0,0.0
2025-12-26 10:15:00,85,39.0,9548.0,381.92,0.0,0.0
2025-12-26 10:30:00,84,38.0,9548.0,381.92,0.0,0.0
2025-12-26 10:45:00,80,35.0,9548.0,381.92,0.0,0.0
2025-12-26 11:00:00,81,36.0,9548.0,381.92,0.0,0.0
2025-12-26 11:15:00,81,36.0,9548.0,381.92,0.0,0.0
2025-12-26 11:30:00,73,29.0,9548.0,381.92,0.0,0.0
2025-12-26 11:45:00,76,32.0,9548.0,381.92,0.0,0.0
2025-12-26 12:00:00,64,22.0,9548.0,381.92,0.0,0.0
2025-12-26 12:15:00,75,31.0,9548.0,381.92,0.0,0.0
2025-12-26 12:30:00,67,24.0,9548.0,381.92,0.0,0.0
2025-12-26 12:45:00,85,39.0,9548.0,381.92,0.0,0.0
2025-12-26 13:00:00,68,25.0,9548.0,381.92,0.0,0.0
2025-12-26 13:15:00,73,29.0,9548.0,381.92,0.0,0.0
2025-12-26 13:30:00,74,30.0,9548.0,381.92,0.0,0.0
2025-12-26 13:45:00,70,27.0,9548.0,381.92,0.0,0.0
2025-12-26 14:00:00,83,38.0,9548.0,381.92,0.0,0.0
2025-12-26 14:15:00,83,38.0,9548.0,381.92,0.0,0.0
2025-12-26 14:30:00,72,29.0,9548.0,381.92,0.0,0.0
2025-12-26 14:45:00,77,33.0,9548.0,381.92,0.0,0.0
2025-12-26 15:00:00,98,50.0,9548.0,381.92,0.0,0.0
2025-12-26 15:15:00,90,43.0,9548.0,381.92,0.0,0.0
2025-12-26 15:30:00,76,32.0,9548.0,381.92,0.0,0.0
2025-12-26 15:45:00,87,41.0,9548.0,381.92,0.0,0.0
2025-12-26 16:00:00,67,24.0,9548.0,381.92,0.0,0.0
2025-12-26 16:15:00,86,40.0,9548.0,381.92,0.0,0.0
2025-12-26 16:30:00,75,31.0,9548.0,381.92,0.0,0.0
2025-12-26 16:45:00,82,37.0,9548.0,381.92,0.0,0.0
2025-12-26 17:00:00,71,28.0,9548.0,381.92,0.0,0.0
2025-12-26 17:15:00,82,37.0,9548.0,381.92,0.0,0.0
2025-12-26 17:30:00,84,38.0,9548.0,381.92,0.0,0.0
2025-12-26 17:45:00,88,42.0,9548.0,381.92,0.0,0.0
2025-12-26 18:00:00,60,20.0,9548.0,381.92,0.0,0.0
2025-12-26 18:15:00,62,22.0,9548.0,381.92,0.0,0.0
2025-12-26 18:30:00,59,19.0,9548.0,381.92,0.0,0.0
2025-12-26 18:45:00,61,21.0,9548.0,381.92,0.0,0.0
2025-12-26 19:00:00,62,22.0,9548.0,381.92,0.0,0.0
2025-12-26 19:15:00,67,27.0,9548.0,381.92,0.0,0.0
2025-12-26 19:30:00,66,26.0,9548.0,381.92,0.0,0.0
2025-12-26 19:45:00,67,27.0,9548.0,381.92,0.0,0.0
2025-12-26 20:00:00,64,24.0,9548.0,381.92,0.0,0.0
2025-12-26 20:15:00,64,24.0,9548.0,381.92,0.0,0.0
2025-12-26 20:30:00,67,27.0,9548.0,381.92,0.0,0.0
2025-12-26 20:45:00,67,27.0,9548.0,381.92,0.0,0.0
2025-12-26 21:00:00,65,25.0,9548.0,381.92,0.0,0.0
2025-12-26 21:15:00,62,22.0,9548.0,381.92,0.0,0.0
2025-12-26 21:30:00,66,26.0,9548.0,381.92,0.0,0.0
2025-12-26 21:45:00,65,25.0,9548.0,381.92,0.0,0.0
2025-12-26 22:00:00,67,27.0,9548.0,381.92,10.400152884927197,0.1733358814154532
2025-12-26 22:15:00,65,25.0,9548.0,381.92,14.726099977310152,0.2454349996218358
2025-12-26 22:30:00,67,27.0,9548.0,381.92,15.694173530444012,0.2615695588407335
2025-12-26 22:45:00,63,23.0,9548.0,381.92,11.349517787140112,0.1891586297856685
2025-12-26 23:00:00,65,25.0,9548.0,381.92,16.804270366919308,0.2800711727819884
2025-12-26 23:15:00,65,25.0,9548.0,381.92,15.738974377435303,0.2623162396239217
2025-12-26 23:30:00,65,25.0,9548.0,381.92,10.603624906011191,0.1767270817668532
2025-12-26 23:45:00,66,26.0,9548.0,381.92,11.915261152992858,0.1985876858832143
2025-12-27 00:00:00,66,26.0,9548.0,381.92,14.540121159358264,0.242335352655971
2025-12-27 00:15:00,63,23.0,9548.0,381.92,10.628508085026226,0.1771418014171037
2025-12-27 00:30:00,68,28.0,9548.0,381.92,17.34080295456964,0.2890133825761606
2025-12-27 00:45:00,66,26.0,9548.0,381.92,17.30303207333994,0.288383867888999
2025-12-27 01:00:00,67,27.0,9548.0,381.92,14.095535540304958,0.2349255923384159
2025-12-27 01:15:00,64,24.0,9548.0,381.92,16.130272070269637,0.2688378678378272
2025-12-27 01:30:00,66,26.0,9548.0,381.92,14.271920581434005,0.2378653430239
2025-12-27 01:45:00,63,23.0,9548.0,381.92,12.969506247847416,0.2161584374641235
2025-12-27 02:00:00,62,22.0,9548.0,381.92,13.128870971780731,0.2188145161963455
2025-12-27 02:15:00,64,24.0,9548.0,381.92,14.68013151155176,0.2446688585258626
2025-12-27 02:30:00,64,24.0,9548.0,381.92,13.629809140227184,0.227163485670453
2025-12-27 02:45:00,66,26.0,9548.0,381.92,13.982274313415155,0.2330379052235859
2025-12-27 03:00:00,67,27.0,9548.0,381.92,11.91296996083156,0.1985494993471926
2025-12-27 03:15:00,64,24.0,9548.0,381.92,11.696731317887405,0.19494552196479004
2025-12-27 03:30:00,63,23.0,9548.0,381.92,11.480492674943251,0.1913415445823875
2025-12-27 03:45:00,66,26.0,9548.0,381.92,10.21647165973705,0.1702745276622841
2025-12-27 04:00:00,65,25.0,9548.0,381.92,14.602038389531955,0.2433673064921992
2025-12-27 04:15:00,65,25.0,9548.0,381.92,14.484899334868452,0.2414149889144742
2025-12-27 04:30:00,64,24.0,9548.0,381.92,11.728054439537935,0.1954675739922989
2025-12-27 04:45:00,64,24.0,9548.0,381.92,17.13306440854751,0.2855510734757918
2025-12-27 05:00:00,66,26.0,9548.0,381.92,11.329762602090929,0.1888293767015154
2025-12-27 05:15:00,66,26.0,9548.0,381.92,11.906026463620634,0.1984337743936772
2025-12-27 05:30:00,63,23.0,9548.0,381.92,16.28965000784573,0.2714941667974288
2025-12-27 05:45:00,65,25.0,9548.0,381.92,13.27730583286096,0.2212884305476826
2025-12-27 06:00:00,65,25.0,5532.0,221.28,0.0,0.0
2025-12-27 06:15:00,58,18.0,5532.0,221.28,0.0,0.0
2025-12-27 06:30:00,62,22.0,5532.0,221.28,0.0,0.0
2025-12-27 06:45:00,59,19.0,5532.0,221.28,0.0,0.0
2025-12-27 07:00:00,64,24.0,5532.0,221.28,0.0,0.0
2025-12-27 07:15:00,58,18.0,5532.0,221.28,0.0,0.0
2025-12-27 07:30:00,64,24.0,5532.0,221.28,0.0,0.0
2025-12-27 07:45:00,60,20.0,5532.0,221.28,0.0,0.0
2025-12-27 08:00:00,62,22.0,5532.0,221.28,0.0,0.0
2025-12-27 08:15:00,60,20.0,5532.0,221.28,0.0,0.0
2025-12-27 08:30:00,61,21.0,5532.0,221.28,0.0,0.0
2025-12-27 08:45:00,58,18.0,5532.0,221.28,0.0,0.0
2025-12-27 09:00:00,83,38.0,5532.0,221.28,0.0,0.0
2025-12-27 09:15:00,67,24.0,5532.0,221.28,0.0,0.0
2025-12-27 09:30:00,87,24.0,5532.0,221.28,0.0,0.0
2025-12-27 09:45:00,72,29.0,5532.0,221.28,0.0,0.0
2025-12-27 10:00:00,62,20.0,5532.0,221.28,0.0,0.0
2025-12-27 10:15:00,61,19.0,5532.0,221.28,0.0,0.0
2025-12-27 10:30:00,67,24.0,5532.0,221.28,0.0,0.0
2025-12-27 10:45:00,81,36.0,5532.0,221.28,0.0,0.0
2025-12-27 11:00:00,61,19.0,5532.0,221.28,0.0,0.0
2025-12-27 11:15:00,74,30.0,5532.0,221.28,0.0,0.0
2025-12-27 11:30:00,66,24.0,5532.0,221.28,0.0,0.0
2025-12-27 11:45:00,60,19.0,5532.0,221.28,0.0,0.0
2025-12-27 12:00:00,67,24.0,5532.0,221.28,0.0,0.0
2025-12-27 12:15:00,83,38.0,5532.0,221.28,0.0,0.0
2025-12-27 12:30:00,63,21.0,5532.0,221.28,0.0,0.0
2025-12-27 12:45:00,63,21.0,5532.0,221.28,0.0,0.0
2025-12-27 13:00:00,64,22.0,5532.0,221.28,0.0,0.0
2025-12-27 13:15:00,76,32.0,5532.0,221.28,0.0,0.0
2025-12-27 13:30:00,55,15.0,5532.0,221.28,0.0,0.0
2025-12-27 13:45:00,69,26.0,5532.0,221.28,0.0,0.0
2025-12-27 14:00:00,74,30.0,5532.0,221.28,0.0,0.0
2025-12-27 14:15:00,67,24.0,5532.0,221.28,0.0,0.0
2025-12-27 14:30:00,62,20.0,5532.0,221.28,0.0,0.0
2025-12-27 14:45:00,75,31.0,5532.0,221.28,0.0,0.0
2025-12-27 15:00:00,87,41.0,5532.0,221.28,0.0,0.0
2025-12-27 15:15:00,62,20.0,5532.0,221.28,0.0,0.0
2025-12-27 15:30:00,72,29.0,5532.0,221.28,0.0,0.0
2025-12-27 15:45:00,58,17.0,5532.0,221.28,0.0,0.0
2025-12-27 16:00:00,74,30.0,5532.0,221.28,0.0,0.0
2025-12-27 16:15:00,67,24.0,5532.0,221.28,0.0,0.0
2025-12-27 16:30:00,67,24.0,5532.0,221.28,0.0,0.0
2025-12-27 16:45:00,62,20.0,5532.0,221.28,0.0,0.0
2025-12-27 17:00:00,60,19.0,5532.0,221.28,0.0,0.0
2025-12-27 17:15:00,60,19.0,5532.0,221.28,0.0,0.0
2025-12-27 17:30:00,64,22.0,5532.0,221.28,0.0,0.0
2025-12-27 17:45:00,67,24.0,5532.0,221.28,0.0,0.0
2025-12-27 18:00:00,62,22.0,5532.0,221.28,0.0,0.0
2025-12-27 18:15:00,69,29.0,5532.0,221.28,0.0,0.0
2025-12-27 18:30:00,62,22.0,5532.0,221.28,0.0,0.0
2025-12-27 18:45:00,63,23.0,5532.0,221.28,0.0,0.0
2025-12-27 19:00:00,62,22.0,5532.0,221.28,0.0,0.0
2025-12-27 19:15:00,61,21.0,5532.0,221.28,0.0,0.0
2025-12-27 19:30:00,61,21.0,5532.0,221.28,0.0,0.0
2025-12-27 19:45:00,60,20.0,5532.0,221.28,0.0,0.0
2025-12-27 20:00:00,64,24.0,5532.0,221.28,0.0,0.0
2025-12-27 20:15:00,61,21.0,5532.0,221.28,0.0,0.0
2025-12-27 20:30:00,61,21.0,5532.0,221.28,0.0,0.0
2025-12-27 20:45:00,62,22.0,5532.0,221.28,0.0,0.0
2025-12-27 21:00:00,63,23.0,5532.0,221.28,0.0,0.0
2025-12-27 21:15:00,66,26.0,5532.0,221.28,0.0,0.0
2025-12-27 21:30:00,62,26.0,5532.0,221.28,0.0,0.0
2025-12-27 21:45:00,62,22.0,5532.0,221.28,0.0,0.0
2025-12-27 22:00:00,63,23.0,5532.0,221.28,10.718016893511724,0.178633614891862
2025-12-27 22:15:00,61,21.0,5532.0,221.28,13.131290677411192,0.2188548446235198
2025-12-27 22:30:00,59,19.0,5532.0,221.28,14.079961307874552,0.2346660217979091
2025-12-27 22:45:00,65,25.0,5532.0,221.28,14.200423354617854,0.2366737225769642
2025-12-27 23:00:00,63,23.0,5532.0,221.28,13.01907439954349,0.2169845733257248
2025-12-27 23:15:00,66,26.0,5532.0,221.28,18.293296396120496,0.3048882732686749
2025-12-27 23:30:00,65,25.0,5532.0,221.28,11.201157914754292,0.1866859652459048
2025-12-27 23:45:00,61,21.0,5532.0,221.28,14.127761441209964,0.2354626906868327
2025-12-28 00:00:00,65,25.0,5532.0,221.28,14.761742502275126,0.2460290417045854
2025-12-28 00:15:00,63,23.0,5532.0,221.28,15.39572356334029,0.2565953927223381
2025-12-28 00:30:00,59,19.0,5532.0,221.28,15.089704765229586,0.2514950794204931
2025-12-28 00:45:00,61,21.0,5532.0,221.28,11.53989755332396,0.1923316258887326
2025-12-28 01:00:00,64,24.0,5532.0,221.28,12.816983144147486,0.2136163857357914
2025-12-28 01:15:00,66,26.0,5532.0,221.28,11.920693246792633,0.1986782207798772
2025-12-28 01:30:00,61,21.0,5532.0,221.28,15.837152169555228,0.2639525361592538
2025-12-28 01:45:00,59,19.0,5532.0,221.28,15.23219675102885,0.2538699458504808
2025-12-28 02:00:00,61,21.0,5532.0,221.28,13.644014484428563,0.2274002414071427
2025-12-28 02:15:00,64,24.0,5532.0,221.28,11.51397840188488,0.1918996400314146
2025-12-28 02:30:00,64,24.0,5532.0,221.28,18.20103037187856,0.3033505061979759
2025-12-28 02:45:00,64,24.0,5532.0,221.28,11.983275688862747,0.1997212614810458
2025-12-28 03:00:00,62,22.0,5532.0,221.28,13.411811355846917,0.2235301892641152
2025-12-28 03:15:00,59,19.0,5532.0,221.28,13.104060308127648,0.2184010051354608
2025-12-28 03:30:00,66,26.0,5532.0,221.28,14.775046016391254,0.2462507669398542
2025-12-28 03:45:00,61,21.0,5532.0,221.28,13.68676466108633,0.2281127443514388
2025-12-28 04:00:00,66,26.0,5532.0,221.28,20.887636825850223,0.3481272804308371
2025-12-28 04:15:00,65,25.0,5532.0,221.28,13.987323122625554,0.2331220520437592
2025-12-28 04:30:00,62,22.0,5532.0,221.28,13.649548732206243,0.227492478870104
2025-12-28 04:45:00,62,22.0,5532.0,221.28,13.311774341786933,0.2218629056964488
2025-12-28 05:00:00,65,25.0,5532.0,221.28,13.136990634835424,0.2189498439139237
2025-12-28 05:15:00,65,25.0,5532.0,221.28,13.812069521301426,0.2302011586883571
2025-12-28 05:30:00,60,20.0,5532.0,221.28,14.705624653607476,0.2450937442267912
2025-12-28 05:45:00,62,22.0,5532.0,221.28,14.829131746757302,0.2471521957792883
2025-12-28 06:00:00,62,22.0,11155.0,446.2,0.0,0.0
2025-12-28 06:15:00,62,22.0,11155.0,446.2,0.0,0.0
2025-12-28 06:30:00,58,18.0,11155.0,446.2,0.0,0.0
2025-12-28 06:45:00,63,23.0,11155.0,446.2,0.0,0.0
2025-12-28 07:00:00,66,26.0,11155.0,446.2,0.0,0.0
2025-12-28 07:15:00,61,21.0,11155.0,446.2,0.0,0.0
2025-12-28 07:30:00,64,24.0,11155.0,446.2,0.0,0.0
2025-12-28 07:45:00,61,24.0,11155.0,446.2,0.0,0.0
2025-12-28 08:00:00,64,24.0,11155.0,446.2,0.0,0.0
2025-12-28 08:15:00,62,22.0,11155.0,446.2,0.0,0.0
2025-12-28 08:30:00,69,29.0,11155.0,446.2,0.0,0.0
2025-12-28 08:45:00,59,19.0,11155.0,446.2,0.0,0.0
2025-12-28 09:00:00,70,27.0,11155.0,446.2,0.0,0.0
2025-12-28 09:15:00,71,28.0,11155.0,446.2,0.0,0.0
2025-12-28 09:30:00,76,32.0,11155.0,446.2,0.0,0.0
2025-12-28 09:45:00,66,24.0,11155.0,446.2,0.0,0.0
2025-12-28 10:00:00,84,38.0,11155.0,446.2,0.0,0.0
2025-12-28 10:15:00,66,24.0,11155.0,446.2,0.0,0.0
2025-12-28 10:30:00,74,30.0,11155.0,446.2,0.0,0.0
2025-12-28 10:45:00,89,43.0,11155.0,446.2,0.0,0.0
2025-12-28 11:00:00,75,43.0,11155.0,446.2,0.0,0.0
2025-12-28 11:15:00,70,27.0,11155.0,446.2,0.0,0.0
2025-12-28 11:30:00,70,27.0,11155.0,446.2,0.0,0.0
2025-12-28 11:45:00,77,33.0,11155.0,446.2,0.0,0.0
2025-12-28 12:00:00,77,33.0,11155.0,446.2,0.0,0.0
2025-12-28 12:15:00,71,28.0,11155.0,446.2,0.0,0.0
2025-12-28 12:30:00,84,38.0,11155.0,446.2,0.0,0.0
2025-12-28 12:45:00,68,25.0,11155.0,446.2,0.0,0.0
2025-12-28 13:00:00,76,32.0,11155.0,446.2,0.0,0.0
2025-12-28 13:15:00,57,16.0,11155.0,446.2,0.0,0.0
2025-12-28 13:30:00,83,38.0,11155.0,446.2,0.0,0.0
2025-12-28 13:45:00,68,25.0,11155.0,446.2,0.0,0.0
2025-12-28 14:00:00,66,24.0,11155.0,446.2,0.0,0.0
2025-12-28 14:15:00,57,16.0,11155.0,446.2,0.0,0.0
2025-12-28 14:30:00,69,26.0,11155.0,446.2,0.0,0.0
2025-12-28 14:45:00,90,26.0,11155.0,446.2,0.0,0.0
2025-12-28 15:00:00,68,25.0,11155.0,446.2,0.0,0.0
2025-12-28 15:15:00,82,37.0,11155.0,446.2,0.0,0.0
2025-12-28 15:30:00,68,25.0,11155.0,446.2,0.0,0.0
2025-12-28 15:45:00,79,34.0,11155.0,446.2,0.0,0.0
2025-12-28 16:00:00,89,43.0,11155.0,446.2,0.0,0.0
2025-12-28 16:15:00,66,24.0,11155.0,446.2,0.0,0.0
2025-12-28 16:30:00,69,26.0,11155.0,446.2,0.0,0.0
2025-12-28 16:45:00,73,29.0,11155.0,446.2,0.0,0.0
2025-12-28 17:00:00,56,15.0,11155.0,446.2,0.0,0.0
2025-12-28 17:15:00,71,28.0,11155.0,446.2,0.0,0.0
2025-12-28 17:30:00,64,22.0,11155.0,446.2,0.0,0.0
2025-12-28 17:45:00,70,27.0,11155.0,446.2,0.0,0.0
2025-12-28 18:00:00,60,20.0,11155.0,446.2,0.0,0.0
2025-12-28 18:15:00,60,20.0,11155.0,446.2,0.0,0.0
2025-12-28 18:30:00,59,19.0,11155.0,446.2,0.0,0.0
2025-12-28 18:45:00,58,18.0,11155.0,446.2,0.0,0.0
2025-12-28 19:00:00,58,18.0,11155.0,446.2,0.0,0.0
2025-12-28 19:15:00,59,19.0,11155.0,446.2,0.0,0.0
2025-12-28 19:30:00,56,16.0,11155.0,446.2,0.0,0.0
2025-12-28 19:45:00,59,19.0,11155.0,446.2,0.0,0.0
2025-12-28 20:00:00,60,20.0,11155.0,446.2,0.0,0.0
2025-12-28 20:15:00,56,16.0,11155.0,446.2,0.0,0.0
2025-12-28 20:30:00,57,17.0,11155.0,446.2,0.0,0.0
2025-12-28 20:45:00,61,21.0,11155.0,446.2,0.0,0.0
2025-12-28 21:00:00,57,17.0,11155.0,446.2,0.0,0.0
2025-12-28 21:15:00,60,20.0,11155.0,446.2,0.0,0.0
2025-12-28 21:30:00,60,20.0,11155.0,446.2,0.0,0.0
2025-12-28 21:45:00,57,17.0,11155.0,446.2,0.0,0.0
2025-12-28 22:00:00,64,17.0,11155.0,446.2,14.23908184603231,0.2373180307672051
2025-12-28 22:15:00,58,18.0,11155.0,446.2,13.75895823742201,0.2293159706237001
2025-12-28 22:30:00,59,19.0,11155.0,446.2,16.15594184392086,0.269265697398681
2025-12-28 22:45:00,59,19.0,11155.0,446.2,12.632149501388206,0.2105358250231367
2025-12-28 23:00:00,55,15.0,11155.0,446.2,11.781396657524098,0.1963566109587349
2025-12-28 23:15:00,64,24.0,11155.0,446.2,15.939887908157782,0.2656647984692963
2025-12-28 23:30:00,58,18.0,11155.0,446.2,15.645579864770893,0.26075966441284815
2025-12-28 23:45:00,58,18.0,11155.0,446.2,15.351271821384003,0.2558545303564
2025-12-29 00:00:00,58,18.0,11155.0,446.2,17.496496226196765,0.2916082704366127
2025-12-29 00:15:00,59,19.0,11155.0,446.2,16.312879495446513,0.2718813249241085
2025-12-29 00:30:00,58,18.0,11155.0,446.2,15.01663818109401,0.2502773030182335
2025-12-29 00:45:00,57,17.0,11155.0,446.2,14.309143170959649,0.2384857195159941
2025-12-29 01:00:00,59,19.0,11155.0,446.2,13.896840691748102,0.231614011529135
2025-12-29 01:15:00,57,17.0,11155.0,446.2,10.373560130514862,0.1728926688419143
2025-12-29 01:30:00,59,19.0,11155.0,446.2,13.077805418357096,0.2179634236392849
2025-12-29 01:45:00,63,23.0,11155.0,446.2,13.747647460700392,0.2291274576783398
2025-12-29 02:00:00,60,20.0,11155.0,446.2,15.090576230717286,0.2515096038452881
2025-12-29 02:15:00,58,18.0,11155.0,446.2,14.601177601036888,0.2433529600172814
2025-12-29 02:30:00,61,21.0,11155.0,446.2,12.924418972054353,0.2154069828675725
2025-12-29 02:45:00,61,21.0,11155.0,446.2,13.63483807822807,0.2272473013038011
2025-12-29 03:00:00,56,16.0,11155.0,446.2,12.399672567289164,0.2066612094548194
2025-12-29 03:15:00,58,18.0,11155.0,446.2,15.458629990949872,0.2576438331824979
2025-12-29 03:30:00,59,19.0,11155.0,446.2,12.051823073110812,0.2008637178851802
2025-12-29 03:45:00,56,16.0,11155.0,446.2,16.146931488911555,0.2691155248151926
2025-12-29 04:00:00,59,19.0,11155.0,446.2,16.184842827195652,0.2697473804532608
2025-12-29 04:15:00,59,19.0,11155.0,446.2,13.668651182275063,0.2278108530379177
2025-12-29 04:30:00,59,19.0,11155.0,446.2,13.10070423308521,0.2183450705514201
2025-12-29 04:45:00,60,20.0,11155.0,446.2,11.651081842619078,0.1941846973769846
2025-12-29 05:00:00,59,19.0,11155.0,446.2,18.560662374618943,0.3093443729103157
2025-12-29 05:15:00,58,19.0,11155.0,446.2,15.249578825892844,0.254159647098214
2025-12-29 05:30:00,57,17.0,11155.0,446.2,14.280557815611786,0.2380092969268631
2025-12-29 05:45:00,60,20.0,11155.0,446.2,12.685065939634926,0.2114177656605821
2025-12-29 06:00:00,58,18.0,8526.0,341.04,0.0,0.0
2025-12-29 06:15:00,56,16.0,8526.0,341.04,0.0,0.0
2025-12-29 06:30:00,58,18.0,8526.0,341.04,0.0,0.0
2025-12-29 06:45:00,57,17.0,8526.0,341.04,0.0,0.0
2025-12-29 07:00:00,63,23.0,8526.0,341.04,0.0,0.0
2025-12-29 07:15:00,59,19.0,8526.0,341.04,0.0,0.0
2025-12-29 07:30:00,59,19.0,8526.0,341.04,0.0,0.0
2025-12-29 07:45:00,59,19.0,8526.0,341.04,0.0,0.0
2025-12-29 08:00:00,55,15.0,8526.0,341.04,0.0,0.0
2025-12-29 08:15:00,60,20.0,8526.0,341.04,0.0,0.0
2025-12-29 08:30:00,57,17.0,8526.0,341.04,0.0,0.0
2025-12-29 08:45:00,60,20.0,8526.0,341.04,0.0,0.0
2025-12-29 09:00:00,61,19.0,8526.0,341.04,0.0,0.0
2025-12-29 09:15:00,60,19.0,8526.0,341.04,0.0,0.0
2025-12-29 09:30:00,68,25.0,8526.0,341.04,0.0,0.0
2025-12-29 09:45:00,55,15.0,8526.0,341.04,0.0,0.0
2025-12-29 10:00:00,75,31.0,8526.0,341.04,0.0,0.0
2025-12-29 10:15:00,59,18.0,8526.0,341.04,0.0,0.0
2025-12-29 10:30:00,61,19.0,8526.0,341.04,0.0,0.0
2025-12-29 10:45:00,58,17.0,8526.0,341.04,0.0,0.0
2025-12-29 11:00:00,84,38.0,8526.0,341.04,0.0,0.0
2025-12-29 11:15:00,59,18.0,8526.0,341.04,0.0,0.0
2025-12-29 11:30:00,58,17.0,8526.0,341.04,0.0,0.0
2025-12-29 11:45:00,68,25.0,8526.0,341.04,0.0,0.0
2025-12-29 12:00:00,57,16.0,8526.0,341.04,0.0,0.0
2025-12-29 12:15:00,59,18.0,8526.0,341.04,0.0,0.0
2025-12-29 12:30:00,82,37.0,8526.0,341.04,0.0,0.0
2025-12-29 12:45:00,69,26.0,8526.0,341.04,0.0,0.0
2025-12-29 13:00:00,69,26.0,8526.0,341.04,0.0,0.0
2025-12-29 13:15:00,59,18.0,8526.0,341.04,0.0,0.0
2025-12-29 13:30:00,70,27.0,8526.0,341.04,0.0,0.0
2025-12-29 13:45:00,59,18.0,8526.0,341.04,0.0,0.0
2025-12-29 14:00:00,56,15.0,8526.0,341.04,0.0,0.0
2025-12-29 14:15:00,66,24.0,8526.0,341.04,0.0,0.0
2025-12-29 14:30:00,71,24.0,8526.0,341.04,0.0,0.0
2025-12-29 14:45:00,71,28.0,8526.0,341.04,0.0,0.0
2025-12-29 15:00:00,70,27.0,8526.0,341.04,0.0,0.0
2025-12-29 15:15:00,64,22.0,8526.0,341.04,0.0,0.0
2025-12-29 15:30:00,59,18.0,8526.0,341.04,0.0,0.0
2025-12-29 15:45:00,61,19.0,8526.0,341.04,0.0,0.0
2025-12-29 16:00:00,58,17.0,8526.0,341.04,0.0,0.0
2025-12-29 16:15:00,56,15.0,8526.0,341.04,0.0,0.0
2025-12-29 16:30:00,68,25.0,8526.0,341.04,0.0,0.0
2025-12-29 16:45:00,60,19.0,8526.0,341.04,0.0,0.0
2025-12-29 17:00:00,68,25.0,8526.0,341.04,0.0,0.0
2025-12-29 17:15:00,74,30.0,8526.0,341.04,0.0,0.0
2025-12-29 17:30:00,70,27.0,8526.0,341.04,0.0,0.0
2025-12-29 17:45:00,78,33.0,8526.0,341.04,0.0,0.0
2025-12-29 18:00:00,55,15.0,8526.0,341.04,0.0,0.0
2025-12-29 18:15:00,59,19.0,8526.0,341.04,0.0,0.0
2025-12-29 18:30:00,58,18.0,8526.0,341.04,0.0,0.0
2025-12-29 18:45:00,57,17.0,8526.0,341.04,0.0,0.0
2025-12-29 19:00:00,61,21.0,8526.0,341.04,0.0,0.0
2025-12-29 19:15:00,57,17.0,8526.0,341.04,0.0,0.0
2025-12-29 19:30:00,59,19.0,8526.0,341.04,0.0,0.0
2025-12-29 19:45:00,56,16.0,8526.0,341.04,0.0,0.0
2025-12-29 20:00:00,58,18.0,8526.0,341.04,0.0,0.0
2025-12-29 20:15:00,58,18.0,8526.0,341.04,0.0,0.0
2025-12-29 20:30:00,58,18.0,8526.0,341.04,0.0,0.0
2025-12-29 20:45:00,56,16.0,8526.0,341.04,0.0,0.0
2025-12-29 21:00:00,58,18.0,8526.0,341.04,0.0,0.0
2025-12-29 21:15:00,56,16.0,8526.0,341.04,0.0,0.0
2025-12-29 21:30:00,57,17.0,8526.0,341.04,0.0,0.0
2025-12-29 21:45:00,58,18.0,8526.0,341.04,0.0,0.0
2025-12-29 22:00:00,59,19.0,8526.0,341.04,17.38515064462478,0.2897525107437463
2025-12-29 22:15:00,55,15.0,8526.0,341.04,15.74707828231132,0.2624513047051887
2025-12-29 22:30:00,60,20.0,8526.0,341.04,18.655432470037223,0.3109238745006204
2025-12-29 22:45:00,60,20.0,8526.0,341.04,17.66198916029391,0.2943664860048985
2025-12-29 23:00:00,57,17.0,8526.0,341.04,15.108397382392685,0.251806623039878
2025-12-29 23:15:00,57,17.0,8526.0,341.04,19.96215500074117,0.3327025833456861
2025-12-29 23:30:00,60,20.0,8526.0,341.04,20.74928066047919,0.3458213443413198
2025-12-29 23:45:00,55,15.0,8526.0,341.04,13.737116760810686,0.2289519460135114
2025-12-30 00:00:00,60,20.0,8526.0,341.04,16.345627505788254,0.2724271250964709
2025-12-30 00:15:00,58,18.0,8526.0,341.04,16.182891095699595,0.2697148515949932
2025-12-30 00:30:00,56,16.0,8526.0,341.04,15.481611914646136,0.2580268652441023
2025-12-30 00:45:00,60,20.0,8526.0,341.04,18.4871217687911,0.3081186961465183
2025-12-30 01:00:00,58,18.0,8526.0,341.04,17.83461537791324,0.2972435896318873
2025-12-30 01:15:00,60,20.0,8526.0,341.04,16.915069790500976,0.2819178298416829
2025-12-30 01:30:00,59,19.0,8526.0,341.04,17.2801900080337,0.2880031668005616
2025-12-30 01:45:00,58,18.0,8526.0,341.04,17.988847915878576,0.2998141319313096
2025-12-30 02:00:00,61,21.0,8526.0,341.04,16.095444369406234,0.2682574061567706
2025-12-30 02:15:00,60,20.0,8526.0,341.04,15.61769421403114,0.2602949035671856
2025-12-30 02:30:00,57,17.0,8526.0,341.04,17.424905106943847,0.2904150851157308
2025-12-30 02:45:00,57,17.0,8526.0,341.04,16.20934068448204,0.2701556780747006
2025-12-30 03:00:00,58,18.0,8526.0,341.04,18.61285981184394,0.310214330197399
2025-12-30 03:15:00,60,20.0,8526.0,341.04,18.410977899775503,0.3068496316629251
2025-12-30 03:30:00,63,23.0,8526.0,341.04,15.445349006164726,0.2574224834360787
2025-12-30 03:45:00,62,22.0,8526.0,341.04,18.35529948369962,0.3059216580616603
2025-12-30 04:00:00,59,19.0,8526.0,341.04,17.25506876522081,0.2875844794203468
2025-12-30 04:15:00,55,15.0,8526.0,341.04,17.33591397565744,0.2889318995942906
2025-12-30 04:30:00,57,17.0,8526.0,341.04,16.745524592657556,0.2790920765442926
2025-12-30 04:45:00,58,18.0,8526.0,341.04,19.01499103452424,0.3169165172420706
2025-12-30 05:00:00,56,16.0,8526.0,341.04,17.59722705200967,0.29328711753349446
2025-12-30 05:15:00,58,18.0,8526.0,341.04,16.1794630694951,0.2696577178249183
2025-12-30 05:30:00,59,19.0,8526.0,341.04,14.990083600806262,0.2498347266801043
2025-12-30 05:45:00,59,19.0,8526.0,341.04,19.01840994531037,0.3169734990885062
2025-12-30 06:00:00,61,21.0,4689.0,187.56,0.0,0.0
2025-12-30 06:15:00,64,24.0,4689.0,187.56,0.0,0.0
2025-12-30 06:30:00,63,23.0,4689.0,187.56,0.0,0.0
2025-12-30 06:45:00,64,24.0,4689.0,187.56,0.0,0.0
2025-12-30 07:00:00,61,21.0,4689.0,187.56,0.0,0.0
2025-12-30 07:15:00,65,25.0,4689.0,187.56,0.0,0.0
2025-12-30 07:30:00,61,21.0,4689.0,187.56,0.0,0.0
2025-12-30 07:45:00,60,20.0,4689.0,187.56,0.0,0.0
2025-12-30 08:00:00,66,26.0,4689.0,187.56,0.0,0.0
2025-12-30 08:15:00,66,26.0,4689.0,187.56,0.0,0.0
2025-12-30 08:30:00,67,27.0,4689.0,187.56,0.0,0.0
2025-12-30 08:45:00,64,24.0,4689.0,187.56,0.0,0.0
2025-12-30 09:00:00,76,32.0,4689.0,187.56,0.0,0.0
2025-12-30 09:15:00,64,22.0,4689.0,187.56,0.0,0.0
2025-12-30 09:30:00,77,33.0,4689.0,187.56,0.0,0.0
2025-12-30 09:45:00,69,26.0,4689.0,187.56,0.0,0.0
2025-12-30 10:00:00,77,33.0,4689.0,187.56,0.0,0.0
2025-12-30 10:15:00,74,30.0,4689.0,187.56,0.0,0.0
2025-12-30 10:30:00,65,23.0,4689.0,187.56,0.0,0.0
2025-12-30 10:45:00,75,31.0,4689.0,187.56,0.0,0.0
2025-12-30 11:00:00,71,28.0,4689.0,187.56,0.0,0.0
2025-12-30 11:15:00,67,24.0,4689.0,187.56,0.0,0.0
2025-12-30 11:30:00,83,38.0,4689.0,187.56,0.0,0.0
2025-12-30 11:45:00,74,30.0,4689.0,187.56,0.0,0.0
2025-12-30 12:00:00,81,36.0,4689.0,187.56,0.0,0.0
2025-12-30 12:15:00,66,24.0,4689.0,187.56,0.0,0.0
2025-12-30 12:30:00,74,30.0,4689.0,187.56,0.0,0.0
2025-12-30 12:45:00,76,32.0,4689.0,187.56,0.0,0.0
2025-12-30 13:00:00,75,31.0,4689.0,187.56,0.0,0.0
2025-12-30 13:15:00,72,29.0,4689.0,187.56,0.0,0.0
2025-12-30 13:30:00,78,33.0,4689.0,187.56,0.0,0.0
2025-12-30 13:45:00,72,29.0,4689.0,187.56,0.0,0.0
2025-12-30 14:00:00,74,30.0,4689.0,187.56,0.0,0.0
2025-12-30 14:15:00,65,23.0,4689.0,187.56,0.0,0.0
2025-12-30 14:30:00,71,28.0,4689.0,187.56,0.0,0.0
2025-12-30 14:45:00,77,33.0,4689.0,187.56,0.0,0.0
2025-12-30 15:00:00,78,33.0,4689.0,187.56,0.0,0.0
2025-12-30 15:15:00,59,18.0,4689.0,187.56,0.0,0.0
2025-12-30 15:30:00,78,33.0,4689.0,187.56,0.0,0.0
2025-12-30 15:45:00,58,17.0,4689.0,187.56,0.0,0.0
2025-12-30 16:00:00,60,19.0,4689.0,187.56,0.0,0.0
2025-12-30 16:15:00,71,28.0,4689.0,187.56,0.0,0.0
2025-12-30 16:30:00,83,38.0,4689.0,187.56,0.0,0.0
2025-12-30 16:45:00,72,29.0,4689.0,187.56,0.0,0.0
2025-12-30 17:00:00,67,24.0,4689.0,187.56,0.0,0.0
2025-12-30 17:15:00,62,20.0,4689.0,187.56,0.0,0.0
2025-12-30 17:30:00,63,21.0,4689.0,187.56,0.0,0.0
2025-12-30 17:45:00,92,45.0,4689.0,187.56,0.0,0.0
2025-12-30 18:00:00,60,20.0,4689.0,187.56,0.0,0.0
2025-12-30 18:15:00,63,23.0,4689.0,187.56,0.0,0.0
2025-12-30 18:30:00,68,28.0,4689.0,187.56,0.0,0.0
2025-12-30 18:45:00,69,29.0,4689.0,187.56,0.0,0.0
2025-12-30 19:00:00,69,29.0,4689.0,187.56,0.0,0.0
2025-12-30 19:15:00,66,26.0,4689.0,187.56,0.0,0.0
2025-12-30 19:30:00,63,26.0,4689.0,187.56,0.0,0.0
2025-12-30 19:45:00,66,26.0,4689.0,187.56,0.0,0.0
2025-12-30 20:00:00,66,26.0,4689.0,187.56,0.0,0.0
2025-12-30 20:15:00,66,26.0,4689.0,187.56,0.0,0.0
2025-12-30 20:30:00,65,25.0,4689.0,187.56,0.0,0.0
2025-12-30 20:45:00,64,24.0,4689.0,187.56,0.0,0.0
2025-12-30 21:00:00,62,22.0,4689.0,187.56,0.0,0.0
2025-12-30 21:15:00,64,24.0,4689.0,187.56,0.0,0.0
2025-12-30 21:30:00,65,25.0,4689.0,187.56,0.0,0.0
2025-12-30 21:45:00,62,22.0,4689.0,187.56,3.7752214541074904,0.06292035756845815
2025-12-30 22:00:00,65,25.0,4689.0,187.56,7.550442908214981,0.1258407151369163
2025-12-30 22:15:00,64,24.0,4689.0,187.56,16.53364710971716,0.2755607851619526
2025-12-30 22:30:00,60,20.0,4689.0,187.56,12.251168660182278,0.2041861443363713
2025-12-30 22:45:00,66,26.0,4689.0,187.56,14.683536853802106,0.2447256142300351
2025-12-30 23:00:00,66,26.0,4689.0,187.56,14.275503159642788,0.2379250526607131
2025-12-30 23:15:00,70,30.0,4689.0,187.56,16.08669475725305,0.2681115792875508
2025-12-30 23:30:00,66,26.0,4689.0,187.56,13.244605839631504,0.220743430660525
2025-12-30 23:45:00,64,24.0,4689.0,187.56,13.973590698867982,0.2328931783144663
2025-12-31 00:00:00,65,25.0,4689.0,187.56,13.457788883603168,0.2242964813933861
2025-12-31 00:15:00,63,23.0,4689.0,187.56,17.46851550808108,0.2911419251346847
2025-12-31 00:30:00,65,25.0,4689.0,187.56,12.298130815712792,0.2049688469285465
2025-12-31 00:45:00,68,28.0,4689.0,187.56,13.95422526962255,0.2325704211603758
2025-12-31 01:00:00,66,26.0,4689.0,187.56,13.21447901504498,0.2202413169174163
2025-12-31 01:15:00,66,26.0,4689.0,187.56,12.434252912781988,0.2072375485463664
2025-12-31 01:30:00,64,24.0,4689.0,187.56,13.504457387209188,0.2250742897868198
2025-12-31 01:45:00,66,26.0,4689.0,187.56,10.615449629174272,0.1769241604862378
2025-12-31 02:00:00,65,25.0,4689.0,187.56,15.66224692943122,0.2610374488238537
2025-12-31 02:15:00,64,24.0,4689.0,187.56,10.43687512471134,0.173947918745189
2025-12-31 02:30:00,67,24.0,4689.0,187.56,15.727013253020004,0.2621168875503333
2025-12-31 02:45:00,65,25.0,4689.0,187.56,14.03665084525777,0.2339441807542961
2025-12-31 03:00:00,66,26.0,4689.0,187.56,11.577095167510564,0.192951586125176
2025-12-31 03:15:00,68,28.0,4689.0,187.56,11.61136763012981,0.1935227938354968
2025-12-31 03:30:00,66,26.0,4689.0,187.56,13.099775712797728,0.2183295952132954
2025-12-31 03:45:00,65,25.0,4689.0,187.56,14.085725179049003,0.2347620863174834
2025-12-31 04:00:00,66,26.0,4689.0,187.56,12.557502992313658,0.2092917165385609
2025-12-31 04:15:00,64,24.0,4689.0,187.56,12.517107009258394,0.2086184501543065
2025-12-31 04:30:00,65,25.0,4689.0,187.56,15.075718665879489,0.2512619777646581
2025-12-31 04:45:00,62,22.0,4689.0,187.56,14.347632574819936,0.2391272095803322
2025-12-31 05:00:00,68,28.0,4689.0,187.56,12.897072007822654,0.2149512001303775
2025-12-31 05:15:00,68,28.0,4689.0,187.56,15.434217131568094,0.2572369521928015
2025-12-31 05:30:00,68,28.0,4689.0,187.56,12.356680536490384,0.2059446756081731
2025-12-31 05:45:00,62,22.0,7093.5,187.56,13.908271569827589,0.2318045261637931
2025-12-31 06:00:00,64,24.0,9498.0,379.92,0.0,0.0
2025-12-31 06:15:00,62,22.0,9498.0,379.92,0.0,0.0
2025-12-31 06:30:00,66,26.0,9498.0,379.92,0.0,0.0
2025-12-31 06:45:00,65,25.0,9498.0,379.92,0.0,0.0
2025-12-31 07:00:00,61,21.0,9498.0,379.92,0.0,0.0
2025-12-31 07:15:00,66,26.0,9498.0,379.92,0.0,0.0
2025-12-31 07:30:00,64,24.0,9498.0,379.92,0.0,0.0
2025-12-31 07:45:00,64,24.0,9498.0,379.92,0.0,0.0
2025-12-31 08:00:00,65,25.0,9498.0,379.92,0.0,0.0
2025-12-31 08:15:00,62,22.0,9498.0,379.92,0.0,0.0
2025-12-31 08:30:00,65,25.0,9498.0,379.92,0.0,0.0
2025-12-31 08:45:00,63,23.0,9498.0,379.92,0.0,0.0
2025-12-31 09:00:00,88,42.0,9498.0,379.92,0.0,0.0
2025-12-31 09:15:00,72,29.0,9498.0,379.92,0.0,0.0
2025-12-31 09:30:00,83,38.0,9498.0,379.92,0.0,0.0
2025-12-31 09:45:00,85,39.0,9498.0,379.92,0.0,0.0
2025-12-31 10:00:00,80,35.0,9498.0,379.92,0.0,0.0
2025-12-31 10:15:00,78,33.0,9498.0,379.92,0.0,0.0
2025-12-31 10:30:00,95,47.0,9498.0,379.92,0.0,0.0
2025-12-31 10:45:00,77,33.0,9498.0,379.92,0.0,0.0
2025-12-31 11:00:00,73,29.0,9498.0,379.92,0.0,0.0
2025-12-31 11:15:00,78,33.0,9498.0,379.92,0.0,0.0
2025-12-31 11:30:00,70,27.0,9498.0,379.92,0.0,0.0
2025-12-31 11:45:00,75,31.0,9498.0,379.92,0.0,0.0
2025-12-31 12:00:00,85,39.0,9498.0,379.92,0.0,0.0
2025-12-31 12:15:00,95,47.0,9498.0,379.92,0.0,0.0
2025-12-31 12:30:00,85,39.0,9498.0,379.92,0.0,0.0
2025-12-31 12:45:00,76,32.0,9498.0,379.92,0.0,0.0
2025-12-31 13:00:00,84,38.0,9498.0,379.92,0.0,0.0
2025-12-31 13:15:00,75,31.0,9498.0,379.92,0.0,0.0
2025-12-31 13:30:00,93,46.0,9498.0,379.92,0.0,0.0
2025-12-31 13:45:00,67,24.0,9498.0,379.92,0.0,0.0
2025-12-31 14:00:00,98,50.0,9498.0,379.92,0.0,0.0
2025-12-31 14:15:00,76,32.0,9498.0,379.92,0.0,0.0
2025-12-31 14:30:00,80,35.0,9498.0,379.92,0.0,0.0
2025-12-31 14:45:00,77,33.0,9498.0,379.92,0.0,0.0
2025-12-31 15:00:00,83,38.0,9498.0,379.92,0.0,0.0
2025-12-31 15:15:00,87,41.0,9498.0,379.92,0.0,0.0
2025-12-31 15:30:00,71,28.0,9498.0,379.92,0.0,0.0
2025-12-31 15:45:00,81,36.0,9498.0,379.92,0.0,0.0
2025-12-31 16:00:00,79,34.0,9498.0,379.92,0.0,0.0
2025-12-31 16:15:00,88,42.0,9498.0,379.92,0.0,0.0
2025-12-31 16:30:00,92,45.0,9498.0,379.92,0.0,0.0
2025-12-31 16:45:00,80,35.0,9498.0,379.92,0.0,0.0
2025-12-31 17:00:00,80,35.0,9498.0,379.92,0.0,0.0
2025-12-31 17:15:00,83,38.0,9498.0,379.92,0.0,0.0
2025-12-31 17:30:00,74,30.0,9498.0,379.92,0.0,0.0
2025-12-31 17:45:00,83,38.0,9498.0,379.92,0.0,0.0
2025-12-31 18:00:00,57,17.0,9498.0,379.92,0.0,0.0
2025-12-31 18:15:00,57,17.0,9498.0,379.92,0.0,0.0
2025-12-31 18:30:00,54,14.0,9498.0,379.92,0.0,0.0
2025-12-31 18:45:00,62,22.0,9498.0,379.92,0.0,0.0
2025-12-31 19:00:00,56,16.0,9498.0,379.92,0.0,0.0
2025-12-31 19:15:00,57,17.0,9498.0,379.92,0.0,0.0
2025-12-31 19:30:00,58,18.0,9498.0,379.92,0.0,0.0
2025-12-31 19:45:00,58,18.0,9498.0,379.92,0.0,0.0
2025-12-31 20:00:00,59,19.0,9498.0,379.92,0.0,0.0
2025-12-31 20:15:00,60,19.0,9498.0,379.92,0.0,0.0
2025-12-31 20:30:00,57,19.0,9498.0,379.92,0.0,0.0
2025-12-31 20:45:00,58,18.0,9498.0,379.92,0.0,0.0
2025-12-31 21:00:00,60,20.0,9498.0,379.92,0.0,0.0
2025-12-31 21:15:00,56,16.0,9498.0,379.92,0.0,0.0
2025-12-31 21:30:00,57,17.0,9498.0,379.92,0.0,0.0
2025-12-31 21:45:00,58,18.0,9498.0,379.92,0.0,0.0
2025-12-31 22:00:00,56,16.0,9498.0,379.92,14.47086009586943,0.2411810015978238
2025-12-31 22:15:00,62,22.0,9498.0,379.92,17.043259543358296,0.2840543257226383
2025-12-31 22:30:00,57,17.0,9498.0,379.92,15.769833121897308,0.2628305520316217
2025-12-31 22:45:00,56,16.0,9498.0,379.92,12.249178798105223,0.2041529799684204
2025-12-31 23:00:00,56,16.0,9498.0,379.92,16.5772786640188,0.2762879777336466
2025-12-31 23:15:00,61,21.0,9498.0,379.92,11.782743145914946,0.1963790524319157
2025-12-31 23:30:00,61,21.0,9498.0,379.92,12.97713079317796,0.2162855132196326
2025-12-31 23:45:00,57,17.0,9498.0,379.92,16.2007411871694,0.2700123531194899
2026-01-01 00:00:00,59,19.0,9498.0,379.92,13.671526227595423,0.2278587704599237
2026-01-01 00:15:00,60,20.0,9498.0,379.92,14.68632048723735,0.2447720081206225
2026-01-01 00:30:00,59,19.0,9498.0,379.92,11.26577245264361,0.1877628742107268
2026-01-01 00:45:00,52,12.0,9498.0,379.92,15.51485204363309,0.2585808673938848
2026-01-01 01:00:00,57,17.0,9498.0,379.92,17.67156019408949,0.2945260032348248
2026-01-01 01:15:00,56,16.0,9498.0,379.92,12.41698627456961,0.2069497712428268
2026-01-01 01:30:00,55,15.0,9498.0,379.92,13.4415283488203,0.2240254724803383
2026-01-01 01:45:00,56,16.0,9498.0,379.92,15.992331502433045,0.2665388583738841
2026-01-01 02:00:00,59,19.0,9498.0,379.92,13.383542252524103,0.2230590375420683
2026-01-01 02:15:00,59,19.0,9498.0,379.92,13.9528774939197,0.2325479582319949
2026-01-01 02:30:00,59,19.0,9498.0,379.92,15.70652194657551,0.2617753657762585
2026-01-01 02:45:00,60,20.0,9498.0,379.92,14.37577507152172,0.2395962511920286
2026-01-01 03:00:00,57,17.0,9498.0,379.92,10.16161217949097,0.1693602029915161
2026-01-01 03:15:00,59,19.0,9498.0,379.92,15.108221669208609,0.2518036944868101
2026-01-01 03:30:00,63,23.0,9498.0,379.92,15.52772472923517,0.25879541215391944
2026-01-01 03:45:00,60,20.0,9498.0,379.92,15.94722778926173,0.2657871298210288
2026-01-01 04:00:00,58,18.0,9498.0,379.92,13.847528566266224,0.2307921427711037
2026-01-01 04:15:00,56,16.0,9498.0,379.92,11.6348950549697,0.1939149175828283
2026-01-01 04:30:00,60,20.0,9498.0,379.92,15.103936719903109,0.2517322786650517
2026-01-01 04:45:00,59,19.0,9498.0,379.92,14.6500649193164,0.2441677486552733
2026-01-01 05:00:00,59,19.0,9498.0,379.92,17.823003776567678,0.2970500629427946
2026-01-01 05:15:00,58,18.0,9498.0,379.92,13.871964353183555,0.2311994058863926
2026-01-01 05:30:00,58,18.0,9498.0,379.92,12.017514861035604,0.2002919143505934
2026-01-01 05:45:00,58,18.0,9498.0,379.92,14.799917989779908,0.2466652998296651
2026-01-01 06:00:00,63,23.0,13115.0,524.6,0.0,0.0
2026-01-01 06:15:00,57,17.0,13115.0,524.6,0.0,0.0
2026-01-01 06:30:00,62,22.0,13115.0,524.6,0.0,0.0
2026-01-01 06:45:00,64,22.0,13115.0,524.6,0.0,0.0
2026-01-01 07:00:00,65,25.0,13115.0,524.6,0.0,0.0
2026-01-01 07:15:00,65,25.0,13115.0,524.6,0.0,0.0
2026-01-01 07:30:00,63,23.0,13115.0,524.6,0.0,0.0
2026-01-01 07:45:00,66,26.0,13115.0,524.6,0.0,0.0
2026-01-01 08:00:00,59,19.0,13115.0,524.6,0.0,0.0
2026-01-01 08:15:00,61,21.0,13115.0,524.6,0.0,0.0
2026-01-01 08:30:00,63,23.0,13115.0,524.6,0.0,0.0
2026-01-01 08:45:00,59,19.0,13115.0,524.6,0.0,0.0
2026-01-01 09:00:00,82,37.0,13115.0,524.6,0.0,0.0
2026-01-01 09:15:00,78,33.0,13115.0,524.6,0.0,0.0
2026-01-01 09:30:00,77,33.0,13115.0,524.6,0.0,0.0
2026-01-01 09:45:00,69,26.0,13115.0,524.6,0.0,0.0
2026-01-01 10:00:00,82,37.0,13115.0,524.6,0.0,0.0
2026-01-01 10:15:00,82,37.0,13115.0,524.6,0.0,0.0
2026-01-01 10:30:00,75,31.0,13115.0,524.6,0.0,0.0
2026-01-01 10:45:00,75,31.0,13115.0,524.6,0.0,0.0
2026-01-01 11:00:00,74,30.0,13115.0,524.6,0.0,0.0
2026-01-01 11:15:00,76,32.0,13115.0,524.6,0.0,0.0
2026-01-01 11:30:00,78,33.0,13115.0,524.6,0.0,0.0
2026-01-01 11:45:00,69,26.0,13115.0,524.6,0.0,0.0
2026-01-01 12:00:00,70,27.0,13115.0,524.6,0.0,0.0
2026-01-01 12:15:00,76,32.0,13115.0,524.6,0.0,0.0
2026-01-01 12:30:00,62,20.0,13115.0,524.6,0.0,0.0
2026-01-01 12:45:00,73,29.0,13115.0,524.6,0.0,0.0
2026-01-01 13:00:00,79,34.0,13115.0,524.6,0.0,0.0
2026-01-01 13:15:00,84,38.0,13115.0,524.6,0.0,0.0
2026-01-01 13:30:00,80,35.0,13115.0,524.6,0.0,0.0
2026-01-01 13:45:00,71,28.0,13115.0,524.6,0.0,0.0
2026-01-01 14:00:00,78,33.0,13115.0,524.6,0.0,0.0
2026-01-01 14:15:00,89,43.0,13115.0,524.6,0.0,0.0
2026-01-01 14:30:00,89,43.0,13115.0,524.6,0.0,0.0
2026-01-01 14:45:00,80,35.0,13115.0,524.6,0.0,0.0
2026-01-01 15:00:00,79,34.0,13115.0,524.6,0.0,0.0
2026-01-01 15:15:00,68,25.0,13115.0,524.6,0.0,0.0
2026-01-01 15:30:00,81,36.0,13115.0,524.6,0.0,0.0
2026-01-01 15:45:00,69,26.0,13115.0,524.6,0.0,0.0
2026-01-01 16:00:00,141,81.0,13115.0,524.6,0.0,0.0
2026-01-01 16:15:00,154,90.0,13115.0,524.6,0.0,0.0
2026-01-01 16:30:00,152,89.0,13115.0,524.6,0.0,0.0
2026-01-01 16:45:00,89,43.0,13115.0,524.6,0.0,0.0
2026-01-01 17:00:00,79,34.0,13115.0,524.6,0.0,0.0
2026-01-01 17:15:00,84,38.0,13115.0,524.6,0.0,0.0
2026-01-01 17:30:00,81,36.0,13115.0,524.6,0.0,0.0
2026-01-01 17:45:00,71,28.0,13115.0,524.6,0.0,0.0
2026-01-01 18:00:00,63,23.0,13115.0,524.6,0.0,0.0
2026-01-01 18:15:00,62,22.0,13115.0,524.6,0.0,0.0
2026-01-01 18:30:00,60,20.0,13115.0,524.6,0.0,0.0
2026-01-01 18:45:00,59,19.0,13115.0,524.6,0.0,0.0
2026-01-01 19:00:00,62,22.0,13115.0,524.6,0.0,0.0
2026-01-01 19:15:00,62,22.0,13115.0,524.6,0.0,0.0
2026-01-01 19:30:00,64,24.0,13115.0,524.6,0.0,0.0
2026-01-01 19:45:00,59,19.0,13115.0,524.6,0.0,0.0
2026-01-01 20:00:00,59,19.0,13115.0,524.6,0.0,0.0
2026-01-01 20:15:00,59,19.0,13115.0,524.6,0.0,0.0
2026-01-01 20:30:00,61,21.0,13115.0,524.6,0.0,0.0
2026-01-01 20:45:00,64,24.0,13115.0,524.6,0.0,0.0
2026-01-01 21:00:00,63,23.0,13115.0,524.6,0.0,0.0
2026-01-01 21:15:00,58,18.0,13115.0,524.6,0.0,0.0
2026-01-01 21:30:00,62,22.0,13115.0,524.6,0.0,0.0
2026-01-01 21:45:00,63,23.0,13115.0,524.6,0.0,0.0
2026-01-01 22:00:00,64,24.0,13115.0,524.6,14.067727807189229,0.2344621301198204
2026-01-01 22:15:00,62,22.0,13115.0,524.6,16.762055615425133,0.2793675935904189
2026-01-01 22:30:00,62,22.0,13115.0,524.6,14.951066770676723,0.2491844461779453
2026-01-01 22:45:00,58,18.0,13115.0,524.6,16.578595916963792,0.2763099319493965
2026-01-01 23:00:00,59,19.0,13115.0,524.6,18.187232211461204,0.3031205368576867
2026-01-01 23:15:00,59,19.0,13115.0,524.6,17.815424015524602,0.2969237335920767
2026-01-01 23:30:00,64,24.0,13115.0,524.6,16.74161236520734,0.2790268727534557
2026-01-01 23:45:00,65,25.0,13115.0,524.6,15.667800714890083,0.2611300119148347
2026-01-02 00:00:00,60,20.0,13115.0,524.6,14.593989064572824,0.2432331510762137
2026-01-02 00:15:00,64,24.0,13115.0,524.6,14.934511454407165,0.2489085242401194
2026-01-02 00:30:00,61,21.0,13115.0,524.6,14.6286135981285,0.243810226635475
2026-01-02 00:45:00,61,21.0,13115.0,524.6,11.899027509481412,0.1983171251580235
2026-01-02 01:00:00,59,19.0,13115.0,524.6,15.83153243955975,0.2638588739926625
2026-01-02 01:15:00,62,22.0,13115.0,524.6,13.703596785069628,0.2283932797511604
2026-01-02 01:30:00,60,20.0,13115.0,524.6,20.332363727144973,0.3388727287857495
2026-01-02 01:45:00,64,24.0,13115.0,524.6,17.94176223213494,0.2990293705355824
2026-01-02 02:00:00,62,24.0,13115.0,524.6,17.98730991321629,0.2997884985536048
2026-01-02 02:15:00,63,24.0,13115.0,524.6,17.632330156674147,0.2938721692779024
2026-01-02 02:30:00,64,24.0,13115.0,524.6,18.500268768710317,0.3083378128118385
2026-01-02 02:45:00,63,23.0,13115.0,524.6,16.29713382867971,0.2716188971446618
2026-01-02 03:00:00,64,24.0,13115.0,524.6,16.775754949378168,0.2795959158229694
2026-01-02 03:15:00,61,21.0,13115.0,524.6,16.209236930786787,0.2701539488464464
2026-01-02 03:30:00,60,20.0,13115.0,524.6,16.307522008774654,0.2717920334795776
2026-01-02 03:45:00,63,23.0,13115.0,524.6,16.44636769868011,0.2741061283113352
2026-01-02 04:00:00,63,23.0,13115.0,524.6,16.26753811448329,0.2711256352413881
2026-01-02 04:15:00,57,17.0,13115.0,524.6,15.15404550951,0.2525674251585
2026-01-02 04:30:00,64,24.0,13115.0,524.6,18.987534693064514,0.3164589115510752
2026-01-02 04:45:00,60,20.0,13115.0,524.6,12.81394028758001,0.2135656714596668
2026-01-02 05:00:00,58,18.0,13115.0,524.6,19.811882623683985,0.3301980437280664
2026-01-02 05:15:00,60,20.0,13115.0,524.6,15.332792084685284,0.2555465347447547
2026-01-02 05:30:00,61,21.0,13115.0,524.6,16.14190578759787,0.2690317631266312
2026-01-02 05:45:00,60,20.0,13115.0,524.6,15.10023139397966,0.2516705232329943
2026-01-02 06:00:00,64,24.0,10329.0,413.16,0.0,0.0
2026-01-02 06:15:00,66,26.0,10329.0,413.16,0.0,0.0
2026-01-02 06:30:00,64,24.0,10329.0,413.16,0.0,0.0
2026-01-02 06:45:00,62,22.0,10329.0,413.16,0.0,0.0
2026-01-02 07:00:00,65,25.0,10329.0,413.16,0.0,0.0
2026-01-02 07:15:00,64,24.0,10329.0,413.16,0.0,0.0
2026-01-02 07:30:00,70,30.0,10329.0,413.16,0.0,0.0
2026-01-02 07:45:00,68,28.0,10329.0,413.16,0.0,0.0
2026-01-02 08:00:00,65,25.0,10329.0,413.16,0.0,0.0
2026-01-02 08:15:00,63,23.0,10329.0,413.16,0.0,0.0
2026-01-02 08:30:00,62,22.0,10329.0,413.16,0.0,0.0
2026-01-02 08:45:00,65,25.0,10329.0,413.16,0.0,0.0
2026-01-02 09:00:00,79,34.0,10329.0,413.16,0.0,0.0
2026-01-02 09:15:00,64,22.0,10329.0,413.16,0.0,0.0
2026-01-02 09:30:00,71,28.0,10329.0,413.16,0.0,0.0
2026-01-02 09:45:00,72,28.0,10329.0,413.16,0.0,0.0
2026-01-02 10:00:00,57,16.0,10329.0,413.16,0.0,0.0
2026-01-02 10:15:00,90,43.0,10329.0,413.16,0.0,0.0
2026-01-02 10:30:00,72,29.0,10329.0,413.16,0.0,0.0
2026-01-02 10:45:00,80,35.0,10329.0,413.16,0.0,0.0
2026-01-02 11:00:00,65,23.0,10329.0,413.16,0.0,0.0
2026-01-02 11:15:00,59,18.0,10329.0,413.16,0.0,0.0
2026-01-02 11:30:00,79,34.0,10329.0,413.16,0.0,0.0
2026-01-02 11:45:00,80,35.0,10329.0,413.16,0.0,0.0
2026-01-02 12:00:00,72,29.0,10329.0,413.16,0.0,0.0
2026-01-02 12:15:00,75,31.0,10329.0,413.16,0.0,0.0
2026-01-02 12:30:00,75,31.0,10329.0,413.16,0.0,0.0
2026-01-02 12:45:00,79,34.0,10329.0,413.16,0.0,0.0
2026-01-02 13:00:00,73,29.0,10329.0,413.16,0.0,0.0
2026-01-02 13:15:00,67,24.0,10329.0,413.16,0.0,0.0
2026-01-02 13:30:00,73,29.0,10329.0,413.16,0.0,0.0
2026-01-02 13:45:00,69,26.0,10329.0,413.16,0.0,0.0
2026-01-02 14:00:00,73,29.0,10329.0,413.16,0.0,0.0
2026-01-02 14:15:00,78,33.0,10329.0,413.16,0.0,0.0
2026-01-02 14:30:00,85,39.0,10329.0,413.16,0.0,0.0
2026-01-02 14:45:00,68,25.0,10329.0,413.16,0.0,0.0
2026-01-02 15:00:00,81,36.0,10329.0,413.16,0.0,0.0
2026-01-02 15:15:00,69,26.0,10329.0,413.16,0.0,0.0
2026-01-02 15:30:00,69,26.0,10329.0,413.16,0.0,0.0
2026-01-02 15:45:00,76,32.0,10329.0,413.16,0.0,0.0
2026-01-02 16:00:00,85,39.0,10329.0,413.16,0.0,0.0
2026-01-02 16:15:00,73,29.0,10329.0,413.16,0.0,0.0
2026-01-02 16:30:00,83,38.0,10329.0,413.16,0.0,0.0
2026-01-02 16:45:00,74,30.0,10329.0,413.16,0.0,0.0
2026-01-02 17:00:00,65,23.0,10329.0,413.16,0.0,0.0
2026-01-02 17:15:00,69,26.0,10329.0,413.16,0.0,0.0
2026-01-02 17:30:00,62,20.0,10329.0,413.16,0.0,0.0
2026-01-02 17:45:00,74,30.0,10329.0,413.16,0.0,0.0
2026-01-02 18:00:00,54,14.0,10329.0,413.16,0.0,0.0
2026-01-02 18:15:00,54,14.0,10329.0,413.16,0.0,0.0
2026-01-02 18:30:00,57,17.0,10329.0,413.16,0.0,0.0
2026-01-02 18:45:00,57,17.0,10329.0,413.16,0.0,0.0
2026-01-02 19:00:00,54,14.0,10329.0,413.16,0.0,0.0
2026-01-02 19:15:00,59,19.0,10329.0,413.16,0.0,0.0
2026-01-02 19:30:00,59,19.0,10329.0,413.16,0.0,0.0
2026-01-02 19:45:00,55,15.0,10329.0,413.16,0.0,0.0
2026-01-02 20:00:00,53,13.0,10329.0,413.16,0.0,0.0
2026-01-02 20:15:00,55,15.0,10329.0,413.16,0.0,0.0
2026-01-02 20:30:00,60,20.0,10329.0,413.16,0.0,0.0
2026-01-02 20:45:00,55,15.0,10329.0,413.16,0.0,0.0
2026-01-02 21:00:00,57,17.0,10329.0,413.16,0.0,0.0
2026-01-02 21:15:00,55,15.0,10329.0,413.16,0.0,0.0
2026-01-02 21:30:00,53,13.0,10329.0,413.16,0.0,0.0
2026-01-02 21:45:00,59,19.0,10329.0,413.16,0.0,0.0
2026-01-02 22:00:00,56,16.0,10329.0,413.16,14.111844852609895,0.2351974142101649
2026-01-02 22:15:00,55,15.0,10329.0,413.16,15.044890204278476,0.2507481700713079
2026-01-02 22:30:00,55,15.0,10329.0,413.16,15.330512978392315,0.2555085496398719
2026-01-02 22:45:00,54,14.0,10329.0,413.16,12.304481087674276,0.2050746847945712
2026-01-02 23:00:00,56,16.0,10329.0,413.16,12.443213410697496,0.2073868901782916
2026-01-02 23:15:00,56,16.0,10329.0,413.16,12.317428951214737,0.2052904825202456
2026-01-02 23:30:00,55,15.0,10329.0,413.16,13.826287553826546,0.2304381258971091
2026-01-02 23:45:00,59,19.0,10329.0,413.16,16.593907250653775,0.2765651208442296
2026-01-03 00:00:00,56,16.0,10329.0,413.16,14.135146304286325,0.2355857717381053
2026-01-03 00:15:00,59,19.0,10329.0,413.16,14.919528202513966,0.2486588033752327
2026-01-03 00:30:00,58,18.0,10329.0,413.16,15.743384146299862,0.2623897357716643
2026-01-03 00:45:00,54,14.0,10329.0,413.16,12.806942687029416,0.2134490447838236
2026-01-03 01:00:00,52,12.0,10329.0,413.16,18.041428672780015,0.3006904778796669
2026-01-03 01:15:00,53,13.0,10329.0,413.16,14.652278034510603,0.24420463390851
2026-01-03 01:30:00,58,18.0,10329.0,413.16,14.817467399961672,0.2469577899993612
2026-01-03 01:45:00,54,14.0,10329.0,413.16,15.23406559160932,0.2539010931934887
2026-01-03 02:00:00,60,20.0,10329.0,413.16,15.909951052279157,0.2651658508713192
2026-01-03 02:15:00,56,16.0,10329.0,413.16,13.662402619992754,0.2277067103332125
2026-01-03 02:30:00,57,17.0,10329.0,413.16,13.229017372048036,0.2204836228674672
2026-01-03 02:45:00,58,18.0,10329.0,413.16,15.299692999940088,0.2549948833323348
2026-01-03 03:00:00,58,18.0,10329.0,413.16,14.016234340215703,0.2336039056702617
2026-01-03 03:15:00,54,14.0,10329.0,413.16,12.608809344397631,0.2101468224066272
2026-01-03 03:30:00,57,17.0,10329.0,413.16,12.65164739014086,0.210860789835681
2026-01-03 03:45:00,58,18.0,10329.0,413.16,16.114815954364115,0.2685802659060686
2026-01-03 04:00:00,53,13.0,10329.0,413.16,14.518233366479832,0.2419705561079972
2026-01-03 04:15:00,55,15.0,10329.0,413.16,14.15181246631928,0.2358635411053213
2026-01-03 04:30:00,56,16.0,10329.0,413.16,13.048288220987924,0.2174714703497987
2026-01-03 04:45:00,56,16.0,10329.0,413.16,11.661007321826457,0.1943501220304409
2026-01-03 05:00:00,53,13.0,10329.0,413.16,14.054424322489345,0.2342404053748223
2026-01-03 05:15:00,55,15.0,10329.0,413.16,17.059139703479904,0.2843189950579984
2026-01-03 05:30:00,55,15.0,10329.0,413.16,14.816313284606068,0.2469385547434344
2026-01-03 05:45:00,57,17.0,10329.0,413.16,13.557277884197,0.2259546314032833
2026-01-03 06:00:00,64,24.0,11527.0,461.08,0.0,0.0
2026-01-03 06:15:00,65,25.0,11527.0,461.08,0.0,0.0
2026-01-03 06:30:00,63,23.0,11527.0,461.08,0.0,0.0
2026-01-03 06:45:00,60,20.0,11527.0,461.08,0.0,0.0
2026-01-03 07:00:00,63,23.0,11527.0,461.08,0.0,0.0
2026-01-03 07:15:00,66,26.0,11527.0,461.08,0.0,0.0
2026-01-03 07:30:00,59,19.0,11527.0,461.08,0.0,0.0
2026-01-03 07:45:00,62,22.0,11527.0,461.08,0.0,0.0
2026-01-03 08:00:00,61,21.0,11527.0,461.08,0.0,0.0
2026-01-03 08:15:00,65,25.0,11527.0,461.08,0.0,0.0
2026-01-03 08:30:00,64,24.0,11527.0,461.08,0.0,0.0
2026-01-03 08:45:00,64,24.0,11527.0,461.08,0.0,0.0
2026-01-03 09:00:00,74,30.0,11527.0,461.08,0.0,0.0
2026-01-03 09:15:00,71,30.0,11527.0,461.08,0.0,0.0
2026-01-03 09:30:00,66,24.0,11527.0,461.08,0.0,0.0
2026-01-03 09:45:00,79,34.0,11527.0,461.08,0.0,0.0
2026-01-03 10:00:00,82,37.0,11527.0,461.08,0.0,0.0
2026-01-03 10:15:00,65,23.0,11527.0,461.08,0.0,0.0
2026-01-03 10:30:00,73,23.0,11527.0,461.08,0.0,0.0
2026-01-03 10:45:00,76,32.0,11527.0,461.08,0.0,0.0
2026-01-03 11:00:00,69,26.0,11527.0,461.08,0.0,0.0
2026-01-03 11:15:00,75,31.0,11527.0,461.08,0.0,0.0
2026-01-03 11:30:00,76,32.0,11527.0,461.08,0.0,0.0
2026-01-03 11:45:00,70,27.0,11527.0,461.08,0.0,0.0
2026-01-03 12:00:00,67,24.0,11527.0,461.08,0.0,0.0
2026-01-03 12:15:00,63,21.0,11527.0,461.08,0.0,0.0
2026-01-03 12:30:00,67,24.0,11527.0,461.08,0.0,0.0
2026-01-03 12:45:00,89,43.0,11527.0,461.08,0.0,0.0
2026-01-03 13:00:00,71,28.0,11527.0,461.08,0.0,0.0
2026-01-03 13:15:00,73,29.0,11527.0,461.08,0.0,0.0
2026-01-03 13:30:00,56,15.0,11527.0,461.08,0.0,0.0
2026-01-03 13:45:00,84,38.0,11527.0,461.08,0.0,0.0
2026-01-03 14:00:00,78,33.0,11527.0,461.08,0.0,0.0
2026-01-03 14:15:00,64,22.0,11527.0,461.08,0.0,0.0
2026-01-03 14:30:00,85,39.0,11527.0,461.08,0.0,0.0
2026-01-03 14:45:00,74,30.0,11527.0,461.08,0.0,0.0
2026-01-03 15:00:00,86,40.0,11527.0,461.08,0.0,0.0
2026-01-03 15:15:00,73,29.0,11527.0,461.08,0.0,0.0
2026-01-03 15:30:00,82,37.0,11527.0,461.08,0.0,0.0
2026-01-03 15:45:00,85,39.0,11527.0,461.08,0.0,0.0
2026-01-03 16:00:00,62,20.0,11527.0,461.08,0.0,0.0
2026-01-03 16:15:00,74,30.0,11527.0,461.08,0.0,0.0
2026-01-03 16:30:00,80,35.0,11527.0,461.08,0.0,0.0
2026-01-03 16:45:00,70,27.0,11527.0,461.08,0.0,0.0
2026-01-03 17:00:00,82,37.0,11527.0,461.08,0.0,0.0
2026-01-03 17:15:00,67,24.0,11527.0,461.08,0.0,0.0
2026-01-03 17:30:00,78,33.0,11527.0,461.08,0.0,0.0
2026-01-03 17:45:00,59,18.0,11527.0,461.08,0.0,0.0
2026-01-03 18:00:00,60,20.0,11527.0,461.08,0.0,0.0
2026-01-03 18:15:00,63,23.0,11527.0,461.08,0.0,0.0
2026-01-03 18:30:00,59,19.0,11527.0,461.08,0.0,0.0
2026-01-03 18:45:00,60,20.0,11527.0,461.08,0.0,0.0
2026-01-03 19:00:00,59,19.0,11527.0,461.08,0.0,0.0
2026-01-03 19:15:00,62,22.0,11527.0,461.08,0.0,0.0
2026-01-03 19:30:00,60,20.0,11527.0,461.08,0.0,0.0
2026-01-03 19:45:00,61,21.0,11527.0,461.08,0.0,0.0
2026-01-03 20:00:00,60,20.0,11527.0,461.08,0.0,0.0
2026-01-03 20:15:00,59,19.0,11527.0,461.08,0.0,0.0
2026-01-03 20:30:00,56,16.0,11527.0,461.08,0.0,0.0
2026-01-03 20:45:00,57,17.0,11527.0,461.08,0.0,0.0
2026-01-03 21:00:00,56,16.0,11527.0,461.08,0.0,0.0
2026-01-03 21:15:00,57,17.0,11527.0,461.08,0.0,0.0
2026-01-03 21:30:00,58,18.0,11527.0,461.08,0.0,0.0
2026-01-03 21:45:00,55,15.0,11527.0,461.08,0.0,0.0
2026-01-03 22:00:00,59,19.0,11527.0,461.08,11.140220766785845,0.1856703461130974
2026-01-03 22:15:00,59,19.0,11527.0,461.08,12.56314540562206,0.2093857567603677
2026-01-03 22:30:00,56,16.0,11527.0,461.08,11.526392937388964,0.1921065489564827
2026-01-03 22:45:00,55,15.0,11527.0,461.08,11.605056285748,0.1934176047624666
2026-01-03 23:00:00,55,15.0,11527.0,461.08,12.143550106522571,0.2023925017753761
2026-01-03 23:15:00,56,16.0,11527.0,461.08,14.403082025175996,0.2400513670862666
2026-01-03 23:30:00,59,19.0,11527.0,461.08,12.760970220816816,0.2126828370136136
2026-01-03 23:45:00,60,20.0,11527.0,461.08,9.51703097938299,0.1586171829897165
2026-01-04 00:00:00,57,17.0,11527.0,461.08,11.453159339592531,0.1908859889932088
2026-01-04 00:15:00,61,21.0,11527.0,461.08,15.280215546874002,0.2546702591145667
2026-01-04 00:30:00,59,19.0,11527.0,461.08,11.645490849683132,0.1940915141613855
2026-01-04 00:45:00,58,18.0,11527.0,461.08,8.159646520762934,0.1359941086793822
2026-01-04 01:00:00,59,19.0,11527.0,461.08,12.418317208948045,0.2069719534824674
2026-01-04 01:15:00,58,18.0,11527.0,461.08,11.103308408382272,0.1850551401397045
2026-01-04 01:30:00,58,18.0,11527.0,461.08,13.486023106959088,0.2247670517826514
2026-01-04 01:45:00,58,18.0,11527.0,461.08,11.711431159825144,0.195190519330419
2026-01-04 02:00:00,58,18.0,11527.0,461.08,13.734013926054326,0.2289002321009054
2026-01-04 02:15:00,56,18.0,11527.0,461.08,10.709213029938098,0.1784868838323016
2026-01-04 02:30:00,59,19.0,11527.0,461.08,12.355516042275994,0.2059252673712665
2026-01-04 02:45:00,58,18.0,11527.0,461.08,13.285367937555762,0.2214227989592627
2026-01-04 03:00:00,57,17.0,11527.0,461.08,13.347023353843868,0.2224503892307311
2026-01-04 03:15:00,59,19.0,11527.0,461.08,12.42621644852387,0.2071036074753978
2026-01-04 03:30:00,61,21.0,11527.0,461.08,14.480414371911175,0.2413402395318529
2026-01-04 03:45:00,58,18.0,11527.0,461.08,11.938906642299274,0.1989817773716545
2026-01-04 04:00:00,60,20.0,11527.0,461.08,12.341431432264717,0.2056905238710785
2026-01-04 04:15:00,58,18.0,11527.0,461.08,10.751451500418344,0.1791908583403057
2026-01-04 04:30:00,62,18.0,11527.0,461.08,9.38256495384555,0.1563760825640925
2026-01-04 04:45:00,58,18.0,11527.0,461.08,11.318448095764492,0.1886408015960748
2026-01-04 05:00:00,61,21.0,11527.0,461.08,11.32522061781972,0.188753676963662
2026-01-04 05:15:00,60,20.0,11527.0,461.08,14.711355523390488,0.2451892587231748
2026-01-04 05:30:00,59,19.0,11527.0,461.08,13.354987473050432,0.2225831245508405
2026-01-04 05:45:00,61,21.0,11527.0,461.08,9.905633675591302,0.1650938945931883
2026-01-04 06:00:00,59,19.0,4705.0,188.2,0.0,0.0
2026-01-04 06:15:00,58,18.0,4705.0,188.2,0.0,0.0
2026-01-04 06:30:00,57,17.0,4705.0,188.2,0.0,0.0
2026-01-04 06:45:00,57,17.0,4705.0,188.2,0.0,0.0
2026-01-04 07:00:00,60,20.0,4705.0,188.2,0.0,0.0
2026-01-04 07:15:00,55,15.0,4705.0,188.2,0.0,0.0
2026-01-04 07:30:00,59,19.0,4705.0,188.2,0.0,0.0
2026-01-04 07:45:00,55,15.0,4705.0,188.2,0.0,0.0
2026-01-04 08:00:00,55,15.0,4705.0,188.2,0.0,0.0
2026-01-04 08:15:00,56,16.0,4705.0,188.2,0.0,0.0
2026-01-04 08:30:00,59,19.0,4705.0,188.2,0.0,0.0
2026-01-04 08:45:00,53,13.0,4705.0,188.2,0.0,0.0
2026-01-04 09:00:00,71,28.0,4705.0,188.2,0.0,0.0
2026-01-04 09:15:00,56,15.0,4705.0,188.2,0.0,0.0
2026-01-04 09:30:00,62,20.0,4705.0,188.2,0.0,0.0
2026-01-04 09:45:00,61,19.0,4705.0,188.2,0.0,0.0
2026-01-04 10:00:00,80,35.0,4705.0,188.2,0.0,0.0
2026-01-04 10:15:00,79,34.0,4705.0,188.2,0.0,0.0
2026-01-04 10:30:00,63,21.0,4705.0,188.2,0.0,0.0
2026-01-04 10:45:00,76,32.0,4705.0,188.2,0.0,0.0
2026-01-04 11:00:00,66,24.0,4705.0,188.2,0.0,0.0
2026-01-04 11:15:00,76,32.0,4705.0,188.2,0.0,0.0
2026-01-04 11:30:00,76,32.0,4705.0,188.2,0.0,0.0
2026-01-04 11:45:00,83,38.0,4705.0,188.2,0.0,0.0
2026-01-04 12:00:00,82,37.0,4705.0,188.2,0.0,0.0
2026-01-04 12:15:00,78,33.0,4705.0,188.2,0.0,0.0
2026-01-04 12:30:00,75,31.0,4705.0,188.2,0.0,0.0
2026-01-04 12:45:00,69,26.0,4705.0,188.2,0.0,0.0
2026-01-04 13:00:00,55,15.0,4705.0,188.2,0.0,0.0
2026-01-04 13:15:00,64,22.0,4705.0,188.2,0.0,0.0
2026-01-04 13:30:00,74,30.0,4705.0,188.2,0.0,0.0
2026-01-04 13:45:00,68,25.0,4705.0,188.2,0.0,0.0
2026-01-04 14:00:00,65,23.0,4705.0,188.2,0.0,0.0
2026-01-04 14:15:00,77,23.0,4705.0,188.2,0.0,0.0
2026-01-04 14:30:00,82,37.0,4705.0,188.2,0.0,0.0
2026-01-04 14:45:00,55,15.0,4705.0,188.2,0.0,0.0
2026-01-04 15:00:00,68,25.0,4705.0,188.2,0.0,0.0
2026-01-04 15:15:00,76,25.0,4705.0,188.2,0.0,0.0
2026-01-04 15:30:00,66,24.0,4705.0,188.2,0.0,0.0
2026-01-04 15:45:00,69,26.0,4705.0,188.2,0.0,0.0
2026-01-04 16:00:00,81,36.0,4705.0,188.2,0.0,0.0
2026-01-04 16:15:00,63,21.0,4705.0,188.2,0.0,0.0
2026-01-04 16:30:00,73,29.0,4705.0,188.2,0.0,0.0
2026-01-04 16:45:00,75,31.0,4705.0,188.2,0.0,0.0
2026-01-04 17:00:00,81,36.0,4705.0,188.2,0.0,0.0
2026-01-04 17:15:00,70,27.0,4705.0,188.2,0.0,0.0
2026-01-04 17:30:00,72,29.0,4705.0,188.2,0.0,0.0
2026-01-04 17:45:00,85,39.0,4705.0,188.2,0.0,0.0
2026-01-04 18:00:00,57,17.0,4705.0,188.2,0.0,0.0
2026-01-04 18:15:00,57,17.0,4705.0,188.2,0.0,0.0
2026-01-04 18:30:00,61,21.0,4705.0,188.2,0.0,0.0
2026-01-04 18:45:00,60,20.0,4705.0,188.2,0.0,0.0
2026-01-04 19:00:00,59,19.0,4705.0,188.2,0.0,0.0
2026-01-04 19:15:00,58,18.0,4705.0,188.2,0.0,0.0
2026-01-04 19:30:00,56,16.0,4705.0,188.2,0.0,0.0
2026-01-04 19:45:00,58,18.0,4705.0,188.2,0.0,0.0
2026-01-04 20:00:00,62,22.0,4705.0,188.2,0.0,0.0
2026-01-04 20:15:00,60,20.0,4705.0,188.2,0.0,0.0
2026-01-04 20:30:00,59,19.0,4705.0,188.2,0.0,0.0
2026-01-04 20:45:00,59,19.0,4705.0,188.2,0.0,0.0
2026-01-04 21:00:00,57,17.0,4705.0,188.2,0.0,0.0
2026-01-04 21:15:00,61,21.0,4705.0,188.2,0.0,0.0
2026-01-04 21:30:00,59,19.0,4705.0,188.2,0.0,0.0
2026-01-04 21:45:00,61,21.0,4705.0,188.2,0.0,0.0
2026-01-04 22:00:00,58,18.0,4705.0,188.2,13.805395853319638,0.2300899308886606
2026-01-04 22:15:00,59,19.0,4705.0,188.2,9.611781496449131,0.1601963582741521
2026-01-04 22:30:00,56,16.0,4705.0,188.2,12.946686669994175,0.2157781111665695
2026-01-04 22:45:00,58,18.0,4705.0,188.2,7.6827704518059265,0.1280461741967654
2026-01-04 23:00:00,61,21.0,4705.0,188.2,10.950008165372155,0.1825001360895359
2026-01-04 23:15:00,57,17.0,4705.0,188.2,7.943423183819178,0.1323903863969863
2026-01-04 23:30:00,57,17.0,4705.0,188.2,9.044349432030623,0.1507391572005104
2026-01-04 23:45:00,56,16.0,4705.0,188.2,10.836194518197436,0.1806032419699572
2026-01-05 00:00:00,59,19.0,4705.0,188.2,11.747471996871,0.19579119994785
2026-01-05 00:15:00,57,17.0,4705.0,188.2,16.27527121250445,0.2712545202084075
2026-01-05 00:30:00,57,17.0,4705.0,188.2,11.461058218806956,0.1910176369801159
2026-01-05 00:45:00,61,21.0,4705.0,188.2,11.755779463860966,0.1959296577310161
2026-01-05 01:00:00,59,19.0,4705.0,188.2,12.815785936955333,0.2135964322825888
2026-01-05 01:15:00,61,21.0,4705.0,188.2,14.07797336207276,0.2346328893678793
2026-01-05 01:30:00,61,21.0,4705.0,188.2,13.162162916886643,0.2193693819481107
2026-01-05 01:45:00,59,19.0,4705.0,188.2,8.905760181221291,0.1484293363536881
2026-01-05 02:00:00,57,17.0,4705.0,188.2,9.692437601966365,0.1615406266994394
2026-01-05 02:15:00,56,16.0,4705.0,188.2,7.451603089759665,0.1241933848293277
2026-01-05 02:30:00,59,19.0,4705.0,188.2,12.382502207139323,0.2063750367856553
2026-01-05 02:45:00,59,19.0,4705.0,188.2,9.908072078278218,0.1651345346379703
2026-01-05 03:00:00,59,19.0,4705.0,188.2,12.161342426894771,0.2026890404482462
2026-01-05 03:15:00,60,20.0,4705.0,188.2,12.400652681372856,0.2066775446895476
2026-01-05 03:30:00,58,18.0,4705.0,188.2,12.92684315174902,0.2154473858624836
2026-01-05 03:45:00,61,21.0,4705.0,188.2,11.930087290713196,0.1988347881785532
2026-01-05 04:00:00,57,17.0,4705.0,188.2,11.92806654985304,0.1988011091642173
2026-01-05 04:15:00,59,19.0,4705.0,188.2,10.001761546530926,0.1666960257755154
2026-01-05 04:30:00,61,21.0,4705.0,188.2,13.198419741759574,0.2199736623626595
2026-01-05 04:45:00,58,18.0,4705.0,188.2,12.01435842047674,0.2002393070079456
2026-01-05 05:00:00,61,21.0,4705.0,188.2,14.327543966911588,0.2387923994485264
2026-01-05 05:15:00,59,19.0,4705.0,188.2,9.399266009752402,0.1566544334958733
2026-01-05 05:30:00,57,17.0,4705.0,188.2,11.435050727248044,0.1905841787874674
2026-01-05 05:45:00,60,20.0,4705.0,188.2,12.145063687100873,0.2024177281183478
2026-01-05 06:00:00,60,20.0,9287.0,371.48,0.0,0.0
2026-01-05 06:15:00,61,21.0,9287.0,371.48,0.0,0.0
2026-01-05 06:30:00,62,22.0,9287.0,371.48,0.0,0.0
2026-01-05 06:45:00,61,21.0,9287.0,371.48,0.0,0.0
2026-01-05 07:00:00,58,18.0,9287.0,371.48,0.0,0.0
2026-01-05 07:15:00,60,20.0,9287.0,371.48,0.0,0.0
2026-01-05 07:30:00,61,21.0,9287.0,371.48,0.0,0.0
2026-01-05 07:45:00,57,17.0,9287.0,371.48,0.0,0.0
2026-01-05 08:00:00,61,17.0,9287.0,371.48,0.0,0.0
2026-01-05 08:15:00,61,21.0,9287.0,371.48,0.0,0.0
2026-01-05 08:30:00,57,17.0,9287.0,371.48,0.0,0.0
2026-01-05 08:45:00,58,18.0,9287.0,371.48,0.0,0.0
2026-01-05 09:00:00,79,34.0,9287.0,371.48,0.0,0.0
2026-01-05 09:15:00,84,38.0,9287.0,371.48,0.0,0.0
2026-01-05 09:30:00,77,33.0,9287.0,371.48,0.0,0.0
2026-01-05 09:45:00,79,34.0,9287.0,371.48,0.0,0.0
2026-01-05 10:00:00,79,34.0,9287.0,371.48,0.0,0.0
2026-01-05 10:15:00,80,35.0,9287.0,371.48,0.0,0.0
2026-01-05 10:30:00,85,39.0,9287.0,371.48,0.0,0.0
2026-01-05 10:45:00,88,42.0,9287.0,371.48,0.0,0.0
2026-01-05 11:00:00,83,38.0,9287.0,371.48,0.0,0.0
2026-01-05 11:15:00,85,39.0,9287.0,371.48,0.0,0.0
2026-01-05 11:30:00,77,33.0,9287.0,371.48,0.0,0.0
2026-01-05 11:45:00,85,39.0,9287.0,371.48,0.0,0.0
2026-01-05 12:00:00,72,29.0,9287.0,371.48,0.0,0.0
2026-01-05 12:15:00,78,33.0,9287.0,371.48,0.0,0.0
2026-01-05 12:30:00,79,34.0,9287.0,371.48,0.0,0.0
2026-01-05 12:45:00,73,29.0,9287.0,371.48,0.0,0.0
2026-01-05 13:00:00,80,35.0,9287.0,371.48,0.0,0.0
2026-01-05 13:15:00,95,47.0,9287.0,371.48,0.0,0.0
2026-01-05 13:30:00,78,33.0,9287.0,371.48,0.0,0.0
2026-01-05 13:45:00,69,26.0,9287.0,371.48,0.0,0.0
2026-01-05 14:00:00,91,44.0,9287.0,371.48,0.0,0.0
2026-01-05 14:15:00,98,50.0,9287.0,371.48,0.0,0.0
2026-01-05 14:30:00,83,38.0,9287.0,371.48,0.0,0.0
2026-01-05 14:45:00,91,44.0,9287.0,371.48,0.0,0.0
2026-01-05 15:00:00,73,29.0,9287.0,371.48,0.0,0.0
2026-01-05 15:15:00,79,34.0,9287.0,371.48,0.0,0.0
2026-01-05 15:30:00,84,38.0,9287.0,371.48,0.0,0.0
2026-01-05 15:45:00,85,39.0,9287.0,371.48,0.0,0.0
2026-01-05 16:00:00,96,48.0,9287.0,371.48,0.0,0.0
2026-01-05 16:15:00,88,42.0,9287.0,371.48,0.0,0.0
2026-01-05 16:30:00,83,38.0,9287.0,371.48,0.0,0.0
2026-01-05 16:45:00,88,42.0,9287.0,371.48,0.0,0.0
2026-01-05 17:00:00,75,31.0,9287.0,371.48,0.0,0.0
2026-01-05 17:15:00,72,29.0,9287.0,371.48,0.0,0.0
2026-01-05 17:30:00,83,38.0,9287.0,371.48,0.0,0.0
2026-01-05 17:45:00,83,38.0,9287.0,371.48,0.0,0.0
2026-01-05 18:00:00,53,13.0,9287.0,371.48,0.0,0.0
2026-01-05 18:15:00,54,14.0,9287.0,371.48,0.0,0.0
2026-01-05 18:30:00,54,14.0,9287.0,371.48,0.0,0.0
2026-01-05 18:45:00,57,14.0,9287.0,371.48,0.0,0.0
2026-01-05 19:00:00,58,18.0,9287.0,371.48,0.0,0.0
2026-01-05 19:15:00,55,15.0,9287.0,371.48,0.0,0.0
2026-01-05 19:30:00,55,15.0,9287.0,371.48,0.0,0.0
2026-01-05 19:45:00,56,15.0,9287.0,371.48,0.0,0.0
2026-01-05 20:00:00,53,13.0,9287.0,371.48,0.0,0.0
2026-01-05 20:15:00,56,16.0,9287.0,371.48,0.0,0.0
2026-01-05 20:30:00,53,13.0,9287.0,371.48,0.0,0.0
2026-01-05 20:45:00,58,18.0,9287.0,371.48,0.0,0.0
2026-01-05 21:00:00,57,17.0,9287.0,371.48,0.0,0.0
2026-01-05 21:15:00,58,18.0,9287.0,371.48,0.0,0.0
2026-01-05 21:30:00,54,14.0,9287.0,371.48,0.0,0.0
2026-01-05 21:45:00,53,13.0,9287.0,371.48,0.0,0.0
2026-01-05 22:00:00,56,16.0,9287.0,371.48,13.268917557924278,0.2211486259654046
2026-01-05 22:15:00,54,14.0,9287.0,371.48,15.646197543490402,0.2607699590581733
2026-01-05 22:30:00,54,14.0,9287.0,371.48,14.520089622452,0.2420014937075333
2026-01-05 22:45:00,53,14.0,9287.0,371.48,12.082087587266264,0.2013681264544377
2026-01-05 23:00:00,57,17.0,9287.0,371.48,16.3877326066964,0.2731288767782733
2026-01-05 23:15:00,57,17.0,9287.0,371.48,10.880503476335694,0.1813417246055949
2026-01-05 23:30:00,56,16.0,9287.0,371.48,11.745319934295566,0.1957553322382594
2026-01-05 23:45:00,52,12.0,9287.0,371.48,10.83052592675038,0.1805087654458396
2026-01-06 00:00:00,57,17.0,9287.0,371.48,12.219297418413651,0.2036549569735608
2026-01-06 00:15:00,54,14.0,9287.0,371.48,10.058615443928453,0.1676435907321408
2026-01-06 00:30:00,54,14.0,9287.0,371.48,12.335258973023972,0.2055876495503995
2026-01-06 00:45:00,56,16.0,9287.0,371.48,14.158877136709208,0.2359812856118201
2026-01-06 01:00:00,56,16.0,9287.0,371.48,14.671152908222773,0.2445192151370462
2026-01-06 01:15:00,56,16.0,9287.0,371.48,13.699966250942634,0.2283327708490438
2026-01-06 01:30:00,54,14.0,9287.0,371.48,11.885886363978662,0.198098106066311
2026-01-06 01:45:00,56,16.0,9287.0,371.48,10.32670831879231,0.1721118053132051
2026-01-06 02:00:00,56,16.0,9287.0,371.48,13.062009060812407,0.2177001510135401
2026-01-06 02:15:00,51,11.0,9287.0,371.48,12.093845473032252,0.2015640912172042
2026-01-06 02:30:00,57,17.0,9287.0,371.48,8.981209380146897,0.1496868230024483
2026-01-06 02:45:00,56,16.0,9287.0,371.48,14.67803806226109,0.2446339677043515
2026-01-06 03:00:00,54,14.0,9287.0,371.48,11.473585327992302,0.191226422133205
2026-01-06 03:15:00,56,16.0,9287.0,371.48,12.44497656808162,0.2074162761346936
2026-01-06 03:30:00,55,15.0,9287.0,371.48,15.03564654118933,0.2505941090198221
2026-01-06 03:45:00,53,13.0,9287.0,371.48,11.320122287750396,0.1886687047958399
2026-01-06 04:00:00,54,14.0,9287.0,371.48,13.004624251555793,0.2167437375259298
2026-01-06 04:15:00,58,18.0,9287.0,371.48,11.177771625012838,0.1862961937502139
2026-01-06 04:30:00,59,19.0,9287.0,371.48,11.99323245874235,0.1998872076457058
2026-01-06 04:45:00,57,17.0,9287.0,371.48,11.315455494103668,0.1885909249017278
2026-01-06 05:00:00,55,15.0,9287.0,371.48,15.31785929111727,0.2552976548519545
2026-01-06 05:15:00,55,15.0,9287.0,371.48,9.296527438113523,0.1549421239685587
2026-01-06 05:30:00,55,15.0,9287.0,371.48,11.525896046756705,0.192098267445945
2026-01-06 05:45:00,55,15.0,9287.0,371.48,11.09850700224173,0.1849751167040288
