timestamp,heart_rate,stress_level,steps,calories_burned,sleep_minutes,sleep_hours
2025-12-07 06:00:00,61,21.0,13129.0,525.16,0.0,0.0
2025-12-07 06:15:00,58,18.0,13129.0,525.16,0.0,0.0
2025-12-07 06:30:00,59,19.0,13129.0,525.16,0.0,0.0
2025-12-07 06:45:00,61,21.0,13129.0,525.16,0.0,0.0
2025-12-07 07:00:00,60,20.0,13129.0,525.16,0.0,0.0
2025-12-07 07:15:00,61,21.0,13129.0,525.16,0.0,0.0
2025-12-07 07:30:00,63,23.0,13129.0,525.16,0.0,0.0
2025-12-07 07:45:00,59,19.0,13129.0,525.16,0.0,0.0
2025-12-07 08:00:00,60,20.0,13129.0,525.16,0.0,0.0
2025-12-07 08:15:00,62,22.0,13129.0,525.16,0.0,0.0
2025-12-07 08:30:00,57,17.0,13129.0,525.16,0.0,0.0
2025-12-07 08:45:00,59,19.0,13129.0,525.16,,
2025-12-07 09:00:00,67,24.0,13129.0,525.16,0.0,0.0
2025-12-07 09:15:00,63,21.0,13129.0,525.16,0.0,0.0
2025-12-07 09:30:00,94,47.0,13129.0,525.16,0.0,0.0
2025-12-07 09:45:00,86,40.0,13129.0,525.16,0.0,0.0
2025-12-07 10:00:00,83,,13129.0,525.16,0.0,0.0
2025-12-07 10:15:00,76,32.0,13129.0,525.16,0.0,0.0
2025-12-07 10:30:00,68,25.0,13129.0,525.16,0.0,0.0
2025-12-07 10:45:00,74,30.0,13129.0,525.16,0.0,0.0
2025-12-07 11:00:00,65,23.0,13129.0,525.16,0.0,0.0
2025-12-07 11:15:00,73,29.0,13129.0,525.16,0.0,0.0
2025-12-07 11:30:00,77,33.0,13129.0,525.16,0.0,0.0
2025-12-07 11:45:00,92,45.0,13129.0,525.16,0.0,0.0
2025-12-07 12:00:00,84,38.0,13129.0,525.16,0.0,0.0
2025-12-07 12:15:00,85,39.0,13129.0,525.16,0.0,0.0
2025-12-07 12:30:00,70,27.0,13129.0,,0.0,0.0
2025-12-07 12:45:00,85,39.0,13129.0,525.16,0.0,0.0
2025-12-07 13:00:00,70,27.0,13129.0,525.16,0.0,0.0
2025-12-07 13:15:00,72,29.0,13129.0,525.16,0.0,0.0
2025-12-07 13:30:00,71,28.0,13129.0,525.16,0.0,0.0
2025-12-07 13:45:00,71,,13129.0,525.16,0.0,0.0
2025-12-07 14:00:00,90,43.0,13129.0,525.16,0.0,0.0
2025-12-07 14:15:00,70,27.0,13129.0,525.16,0.0,0.0
2025-12-07 14:30:00,64,,13129.0,525.16,0.0,0.0
2025-12-07 14:45:00,81,36.0,13129.0,525.16,0.0,0.0
2025-12-07 15:00:00,81,36.0,13129.0,525.16,0.0,0.0
2025-12-07 15:15:00,81,36.0,13129.0,525.16,0.0,0.0
2025-12-07 15:30:00,88,42.0,13129.0,525.16,0.0,0.0
2025-12-07 15:45:00,86,40.0,13129.0,525.16,0.0,0.0
2025-12-07 16:00:00,73,29.0,13129.0,525.16,0.0,0.0
2025-12-07 16:15:00,73,,13129.0,525.16,0.0,0.0
2025-12-07 16:30:00,72,29.0,13129.0,525.16,0.0,0.0
2025-12-07 16:45:00,69,26.0,13129.0,525.16,0.0,0.0
2025-12-07 17:00:00,69,26.0,13129.0,525.16,0.0,0.0
2025-12-07 17:15:00,79,34.0,13129.0,525.16,0.0,0.0
2025-12-07 17:30:00,68,25.0,13129.0,525.16,0.0,0.0
2025-12-07 17:45:00,70,27.0,13129.0,525.16,0.0,0.0
2025-12-07 18:00:00,58,18.0,13129.0,525.16,0.0,0.0
2025-12-07 18:15:00,63,23.0,13129.0,525.16,0.0,0.0
2025-12-07 18:30:00,60,20.0,13129.0,525.16,0.0,0.0
2025-12-07 18:45:00,61,21.0,13129.0,525.16,0.0,0.0
2025-12-07 19:00:00,56,16.0,13129.0,525.16,0.0,0.0
2025-12-07 19:15:00,61,,13129.0,525.16,0.0,0.0
2025-12-07 19:30:00,60,20.0,13129.0,525.16,0.0,0.0
2025-12-07 19:45:00,59,19.0,13129.0,525.16,0.0,0.0
2025-12-07 20:00:00,62,22.0,13129.0,525.16,0.0,0.0
2025-12-07 20:15:00,59,19.0,13129.0,525.16,0.0,0.0
2025-12-07 20:30:00,57,17.0,13129.0,525.16,0.0,0.0
2025-12-07 20:45:00,55,15.0,13129.0,525.16,0.0,0.0
2025-12-07 21:00:00,55,15.0,13129.0,525.16,0.0,0.0
2025-12-07 21:15:00,59,19.0,13129.0,525.16,0.0,0.0
2025-12-07 21:30:00,56,16.0,13129.0,525.16,0.0,0.0
2025-12-07 21:45:00,61,21.0,13129.0,525.16,0.0,0.0
2025-12-07 22:00:00,58,18.0,13129.0,525.16,14.281988783633873,0.2380331463938979
2025-12-07 22:15:00,57,17.0,13129.0,525.16,13.870337505251118,0.2311722917541853
2025-12-07 22:30:00,60,20.0,13129.0,525.16,11.3160512849394,0.18860085474899
2025-12-07 22:45:00,63,23.0,13129.0,525.16,15.59479993124006,0.2599133321873343
2025-12-07 23:00:00,56,16.0,13129.0,525.16,15.034405788039404,0.2505734298006567
2025-12-07 23:15:00,59,19.0,13129.0,525.16,11.735645121260196,0.19559408535433662
2025-12-07 23:30:00,58,18.0,13129.0,525.16,15.462121820665418,0.2577020303444236
2025-12-07 23:45:00,59,19.0,13129.0,525.16,14.54575723119937,0.24242928718665618
2025-12-08 00:00:00,59,19.0,13129.0,525.16,13.252337645194851,0.22087229408658085
2025-12-08 00:15:00,61,21.0,13129.0,525.16,14.014153164821268,0.2335692194136878
2025-12-08 00:30:00,56,16.0,13129.0,525.16,15.72368237179689,0.2620613728632815
2025-12-08 00:45:00,58,18.0,13129.0,525.16,17.80078253172794,0.29667970886213235
2025-12-08 01:00:00,59,19.0,13129.0,525.16,13.463809553442191,0.22439682589070317
2025-12-08 01:15:00,61,21.0,13129.0,525.16,15.48864579025722,0.258144096504287
2025-12-08 01:30:00,61,21.0,13129.0,525.16,14.08205964685983,0.2347009941143305
2025-12-08 01:45:00,60,20.0,13129.0,525.16,13.054890314379096,0.21758150523965158
2025-12-08 02:00:00,58,18.0,13129.0,525.16,13.716440928223657,0.2286073488037276
2025-12-08 02:15:00,62,22.0,13129.0,525.16,14.76103915477001,0.24601731924616685
2025-12-08 02:30:00,56,16.0,13129.0,525.16,12.784747852247843,0.21307913087079738
2025-12-08 02:45:00,59,19.0,13129.0,525.16,14.10654270604203,0.2351090451007005
2025-12-08 03:00:00,56,16.0,13129.0,525.16,15.177732624604422,0.2529622104100737
2025-12-08 03:15:00,60,20.0,13129.0,525.16,14.860631871268762,0.24767719785447936
2025-12-08 03:30:00,61,21.0,13129.0,525.16,16.871258936325713,0.28118764893876186
2025-12-08 03:45:00,57,17.0,13129.0,525.16,16.50211748010161,0.27503529133502685
2025-12-08 04:00:00,55,15.0,13129.0,,12.219450148260579,0.20365750247100964
2025-12-08 04:15:00,60,20.0,13129.0,525.16,11.706062651749868,0.19510104419583113
2025-12-08 04:30:00,58,18.0,13129.0,525.16,,
2025-12-08 04:45:00,57,17.0,13129.0,525.16,11.905810623376633,0.19843017705627722
2025-12-08 05:00:00,62,22.0,13129.0,525.16,11.444210064072333,0.19073683440120556
2025-12-08 05:15:00,60,20.0,13129.0,525.16,11.703946010554487,0.1950657668425748
2025-12-08 05:30:00,60,20.0,13129.0,525.16,16.13423864605139,0.2689039774341898
2025-12-08 05:45:00,58,18.0,13129.0,525.16,15.074442127310487,0.25124070212184146
2025-12-08 06:00:00,55,15.0,4209.0,168.36,0.0,0.0
2025-12-08 06:15:00,56,16.0,4209.0,168.36,0.0,0.0
2025-12-08 06:30:00,55,15.0,4209.0,168.36,0.0,0.0
2025-12-08 06:45:00,54,14.0,4209.0,168.36,0.0,0.0
2025-12-08 07:00:00,55,15.0,4209.0,168.36,0.0,0.0
2025-12-08 07:15:00,60,20.0,4209.0,168.36,0.0,0.0
2025-12-08 07:30:00,63,23.0,4209.0,168.36,0.0,0.0
2025-12-08 07:45:00,56,16.0,4209.0,168.36,0.0,0.0
2025-12-08 08:00:00,59,19.0,4209.0,168.36,0.0,0.0
2025-12-08 08:15:00,58,18.0,,168.36,0.0,0.0
2025-12-08 08:30:00,60,20.0,4209.0,168.36,0.0,0.0
2025-12-08 08:45:00,54,14.0,4209.0,168.36,0.0,0.0
2025-12-08 09:00:00,70,27.0,4209.0,168.36,0.0,0.0
2025-12-08 09:15:00,72,29.0,4209.0,168.36,0.0,0.0
2025-12-08 09:30:00,70,27.0,4209.0,168.36,0.0,0.0
2025-12-08 09:45:00,82,37.0,4209.0,168.36,0.0,0.0
2025-12-08 10:00:00,70,27.0,4209.0,168.36,0.0,0.0
2025-12-08 10:15:00,64,22.0,4209.0,168.36,0.0,0.0
2025-12-08 10:30:00,72,29.0,4209.0,168.36,0.0,0.0
2025-12-08 10:45:00,81,36.0,4209.0,,0.0,0.0
2025-12-08 11:00:00,76,32.0,4209.0,168.36,0.0,0.0
2025-12-08 11:15:00,64,22.0,4209.0,168.36,0.0,0.0
2025-12-08 11:30:00,66,24.0,4209.0,168.36,0.0,0.0
2025-12-08 11:45:00,77,33.0,4209.0,168.36,0.0,0.0
2025-12-08 12:00:00,64,22.0,4209.0,168.36,0.0,0.0
2025-12-08 12:15:00,58,17.0,4209.0,168.36,0.0,0.0
2025-12-08 12:30:00,73,29.0,4209.0,168.36,0.0,0.0
2025-12-08 12:45:00,66,24.0,4209.0,168.36,0.0,0.0
2025-12-08 13:00:00,57,16.0,4209.0,168.36,0.0,0.0
2025-12-08 13:15:00,72,29.0,4209.0,168.36,,
2025-12-08 13:30:00,75,31.0,4209.0,168.36,0.0,0.0
2025-12-08 13:45:00,69,26.0,4209.0,168.36,0.0,0.0
2025-12-08 14:00:00,90,43.0,4209.0,168.36,0.0,0.0
2025-12-08 14:15:00,78,33.0,4209.0,168.36,0.0,0.0
2025-12-08 14:30:00,71,28.0,4209.0,168.36,0.0,0.0
2025-12-08 14:45:00,74,30.0,4209.0,168.36,0.0,0.0
2025-12-08 15:00:00,74,30.0,4209.0,168.36,0.0,0.0
2025-12-08 15:15:00,67,24.0,4209.0,168.36,0.0,0.0
2025-12-08 15:30:00,72,29.0,4209.0,168.36,0.0,0.0
2025-12-08 15:45:00,68,25.0,4209.0,168.36,,
2025-12-08 16:00:00,80,35.0,4209.0,168.36,0.0,0.0
2025-12-08 16:15:00,76,32.0,4209.0,168.36,0.0,0.0
2025-12-08 16:30:00,85,39.0,4209.0,168.36,0.0,0.0
2025-12-08 16:45:00,80,35.0,4209.0,,0.0,0.0
2025-12-08 17:00:00,69,26.0,4209.0,168.36,0.0,0.0
2025-12-08 17:15:00,65,23.0,4209.0,168.36,0.0,0.0
2025-12-08 17:30:00,70,27.0,4209.0,168.36,0.0,0.0
2025-12-08 17:45:00,59,18.0,4209.0,168.36,0.0,0.0
2025-12-08 18:00:00,60,20.0,4209.0,168.36,0.0,0.0
2025-12-08 18:15:00,57,17.0,4209.0,168.36,0.0,0.0
2025-12-08 18:30:00,58,18.0,4209.0,168.36,0.0,0.0
2025-12-08 18:45:00,60,20.0,4209.0,168.36,0.0,0.0
2025-12-08 19:00:00,60,20.0,4209.0,168.36,0.0,0.0
2025-12-08 19:15:00,63,23.0,4209.0,168.36,0.0,0.0
2025-12-08 19:30:00,56,16.0,4209.0,168.36,0.0,0.0
2025-12-08 19:45:00,61,21.0,4209.0,168.36,0.0,0.0
2025-12-08 20:00:00,58,18.0,4209.0,168.36,0.0,0.0
2025-12-08 20:15:00,57,17.0,4209.0,168.36,0.0,0.0
2025-12-08 20:30:00,58,18.0,4209.0,168.36,0.0,0.0
2025-12-08 20:45:00,54,14.0,4209.0,168.36,0.0,0.0
2025-12-08 21:00:00,57,17.0,4209.0,168.36,0.0,0.0
2025-12-08 21:15:00,61,21.0,4209.0,168.36,0.0,0.0
2025-12-08 21:30:00,57,17.0,4209.0,168.36,0.0,0.0
2025-12-08 21:45:00,58,18.0,4209.0,168.36,0.0,0.0
2025-12-08 22:00:00,59,19.0,4209.0,168.36,,
2025-12-08 22:15:00,57,17.0,4209.0,168.36,14.594530886480776,0.24324218144134627
2025-12-08 22:30:00,59,19.0,4209.0,168.36,13.78419372998351,0.22973656216639185
2025-12-08 22:45:00,59,19.0,4209.0,168.36,14.035455882905184,0.2339242647150864
2025-12-08 23:00:00,56,16.0,4209.0,168.36,14.3909603340694,0.23984933890115664
2025-12-08 23:15:00,55,15.0,4209.0,168.36,13.107224219997414,0.2184537369999569
2025-12-08 23:30:00,55,15.0,4209.0,168.36,14.62753711722169,0.24379228528702818
2025-12-08 23:45:00,57,17.0,4209.0,168.36,13.46811901157032,0.22446865019283865
2025-12-09 00:00:00,55,15.0,4209.0,,13.151148607102316,0.21918581011837193
2025-12-09 00:15:00,56,16.0,4209.0,168.36,15.613520200908434,0.26022533668180725
2025-12-09 00:30:00,57,17.0,4209.0,168.36,13.071160518824394,0.2178526753137399
2025-12-09 00:45:00,60,20.0,4209.0,168.36,15.315158074304305,0.2552526345717384
2025-12-09 01:00:00,59,19.0,4209.0,168.36,14.692675782368378,0.2448779297061396
2025-12-09 01:15:00,56,16.0,4209.0,168.36,14.107521624659713,0.23512536041099522
2025-12-09 01:30:00,58,18.0,4209.0,168.36,14.190498153931532,0.23650830256552555
2025-12-09 01:45:00,57,17.0,4209.0,168.36,15.386233770240342,0.2564372295040057
2025-12-09 02:00:00,62,22.0,4209.0,168.36,12.708082772450894,0.21180137954084824
2025-12-09 02:15:00,58,18.0,4209.0,168.36,14.457883520115216,0.2409647253352536
2025-12-09 02:30:00,57,17.0,4209.0,168.36,15.66419362472566,0.26106989374542766
2025-12-09 02:45:00,60,20.0,4209.0,,12.531170614622631,0.20885284357704387
2025-12-09 03:00:00,62,22.0,4209.0,168.36,15.31696876534372,0.25528281275572867
2025-12-09 03:15:00,60,20.0,4209.0,168.36,15.015656094293503,0.2502609349048917
2025-12-09 03:30:00,56,16.0,4209.0,168.36,13.892376263755187,0.23153960439591978
2025-12-09 03:45:00,57,17.0,4209.0,168.36,15.019737271678776,0.2503289545279796
2025-12-09 04:00:00,61,21.0,4209.0,168.36,16.52170805170709,0.27536180086178486
2025-12-09 04:15:00,56,16.0,4209.0,168.36,11.733204983942862,0.1955534163990477
2025-12-09 04:30:00,55,15.0,4209.0,168.36,13.50019364148605,0.22500322735810083
2025-12-09 04:45:00,57,17.0,4209.0,168.36,13.290640353386214,0.22151067255643692
2025-12-09 05:00:00,60,20.0,4209.0,168.36,12.716404785946123,0.21194007976576873
2025-12-09 05:15:00,61,21.0,4209.0,168.36,17.066543887251907,0.28444239812086514
2025-12-09 05:30:00,58,18.0,4209.0,168.36,11.391032516115859,0.18985054193526432
2025-12-09 05:45:00,61,21.0,4209.0,168.36,17.58919004019354,0.293153167336559
2025-12-09 06:00:00,63,23.0,8100.0,324.0,0.0,0.0
2025-12-09 06:15:00,66,26.0,8100.0,324.0,0.0,0.0
2025-12-09 06:30:00,63,23.0,8100.0,324.0,0.0,0.0
2025-12-09 06:45:00,63,23.0,8100.0,324.0,0.0,0.0
2025-12-09 07:00:00,61,21.0,8100.0,324.0,0.0,0.0
2025-12-09 07:15:00,62,22.0,8100.0,324.0,0.0,0.0
2025-12-09 07:30:00,65,25.0,8100.0,324.0,0.0,0.0
2025-12-09 07:45:00,66,,8100.0,324.0,0.0,0.0
2025-12-09 08:00:00,63,23.0,8100.0,324.0,0.0,0.0
2025-12-09 08:15:00,63,23.0,8100.0,324.0,0.0,0.0
2025-12-09 08:30:00,65,25.0,8100.0,324.0,0.0,0.0
2025-12-09 08:45:00,65,25.0,8100.0,324.0,0.0,0.0
2025-12-09 09:00:00,73,29.0,8100.0,324.0,0.0,0.0
2025-12-09 09:15:00,70,27.0,8100.0,324.0,0.0,0.0
2025-12-09 09:30:00,66,24.0,8100.0,324.0,0.0,0.0
2025-12-09 09:45:00,74,30.0,8100.0,324.0,0.0,0.0
2025-12-09 10:00:00,73,29.0,8100.0,324.0,0.0,0.0
2025-12-09 10:15:00,70,27.0,8100.0,324.0,0.0,0.0
2025-12-09 10:30:00,69,26.0,8100.0,,0.0,0.0
2025-12-09 10:45:00,75,31.0,8100.0,324.0,0.0,0.0
2025-12-09 11:00:00,85,39.0,8100.0,324.0,0.0,0.0
2025-12-09 11:15:00,73,29.0,8100.0,324.0,0.0,0.0
2025-12-09 11:30:00,81,36.0,8100.0,324.0,0.0,0.0
2025-12-09 11:45:00,73,29.0,8100.0,324.0,0.0,0.0
2025-12-09 12:00:00,84,38.0,8100.0,324.0,0.0,0.0
2025-12-09 12:15:00,77,33.0,8100.0,324.0,0.0,0.0
2025-12-09 12:30:00,74,30.0,8100.0,324.0,0.0,0.0
2025-12-09 12:45:00,86,40.0,8100.0,324.0,0.0,0.0
2025-12-09 13:00:00,76,32.0,8100.0,324.0,0.0,0.0
2025-12-09 13:15:00,87,41.0,8100.0,324.0,0.0,0.0
2025-12-09 13:30:00,60,19.0,8100.0,324.0,0.0,0.0
2025-12-09 13:45:00,83,38.0,8100.0,324.0,0.0,0.0
2025-12-09 14:00:00,67,24.0,8100.0,324.0,0.0,0.0
2025-12-09 14:15:00,70,27.0,8100.0,324.0,0.0,0.0
2025-12-09 14:30:00,73,29.0,8100.0,324.0,0.0,0.0
2025-12-09 14:45:00,70,27.0,8100.0,324.0,0.0,0.0
2025-12-09 15:00:00,80,35.0,8100.0,324.0,0.0,0.0
2025-12-09 15:15:00,74,30.0,8100.0,324.0,0.0,0.0
2025-12-09 15:30:00,73,29.0,8100.0,324.0,0.0,0.0
2025-12-09 15:45:00,84,38.0,8100.0,324.0,0.0,0.0
2025-12-09 16:00:00,73,29.0,8100.0,324.0,0.0,0.0
2025-12-09 16:15:00,71,28.0,8100.0,324.0,0.0,0.0
2025-12-09 16:30:00,56,15.0,8100.0,324.0,0.0,0.0
2025-12-09 16:45:00,71,28.0,8100.0,324.0,0.0,0.0
2025-12-09 17:00:00,79,34.0,8100.0,324.0,0.0,0.0
2025-12-09 17:15:00,86,40.0,8100.0,324.0,0.0,0.0
2025-12-09 17:30:00,78,33.0,8100.0,324.0,0.0,0.0
2025-12-09 17:45:00,78,33.0,8100.0,,0.0,0.0
2025-12-09 18:00:00,65,25.0,8100.0,324.0,0.0,0.0
2025-12-09 18:15:00,59,19.0,8100.0,324.0,0.0,0.0
2025-12-09 18:30:00,66,26.0,8100.0,324.0,0.0,0.0
2025-12-09 18:45:00,68,28.0,8100.0,324.0,0.0,0.0
2025-12-09 19:00:00,65,25.0,8100.0,324.0,0.0,0.0
2025-12-09 19:15:00,63,23.0,8100.0,324.0,0.0,0.0
2025-12-09 19:30:00,67,27.0,8100.0,324.0,0.0,0.0
2025-12-09 19:45:00,65,25.0,8100.0,324.0,0.0,0.0
2025-12-09 20:00:00,64,24.0,8100.0,324.0,0.0,0.0
2025-12-09 20:15:00,63,23.0,8100.0,324.0,0.0,0.0
2025-12-09 20:30:00,62,22.0,8100.0,324.0,0.0,0.0
2025-12-09 20:45:00,66,26.0,,,0.0,0.0
2025-12-09 21:00:00,66,26.0,8100.0,324.0,0.0,0.0
2025-12-09 21:15:00,63,23.0,8100.0,324.0,0.0,0.0
2025-12-09 21:30:00,64,24.0,8100.0,324.0,0.0,0.0
2025-12-09 21:45:00,66,26.0,8100.0,324.0,0.0,0.0
2025-12-09 22:00:00,63,23.0,,324.0,12.567327392799365,0.2094554565466561
2025-12-09 22:15:00,63,23.0,8100.0,324.0,9.711538892990013,0.16185898154983355
2025-12-09 22:30:00,65,25.0,8100.0,324.0,11.63483100262651,0.19391385004377518
2025-12-09 22:45:00,66,26.0,8100.0,324.0,6.152187551220315,0.10253645918700525
2025-12-09 23:00:00,63,23.0,8100.0,324.0,11.394361319355394,0.18990602198925657
2025-12-09 23:15:00,63,23.0,8100.0,324.0,10.89633670700814,0.181605611783469
2025-12-09 23:30:00,62,22.0,8100.0,324.0,12.453425064033187,0.20755708440055312
2025-12-09 23:45:00,65,25.0,8100.0,324.0,10.401453887622527,0.17335756479370878
2025-12-10 00:00:00,62,22.0,8100.0,324.0,10.258249120687653,0.17097081867812755
2025-12-10 00:15:00,63,23.0,8100.0,324.0,14.131220114978749,0.23552033524964583
2025-12-10 00:30:00,66,26.0,8100.0,324.0,10.788151934171646,0.1798025322361941
2025-12-10 00:45:00,62,22.0,8100.0,324.0,11.290761226290005,0.18817935377150008
2025-12-10 01:00:00,64,24.0,8100.0,324.0,10.345303843719725,0.17242173072866207
2025-12-10 01:15:00,66,26.0,8100.0,,7.280063523608899,0.12133439206014832
2025-12-10 01:30:00,66,26.0,8100.0,324.0,11.250081731196932,0.18750136218661553
2025-12-10 01:45:00,67,27.0,8100.0,324.0,,
2025-12-10 02:00:00,66,26.0,8100.0,324.0,7.314803859642331,0.12191339766070551
2025-12-10 02:15:00,67,27.0,,324.0,8.361564019965698,0.13935940033276165
2025-12-10 02:30:00,68,28.0,8100.0,324.0,13.778675851117777,0.22964459751862962
2025-12-10 02:45:00,65,25.0,8100.0,324.0,11.082468394291,0.18470780657151667
2025-12-10 03:00:00,65,25.0,8100.0,324.0,9.254528346796622,0.15424213911327703
2025-12-10 03:15:00,63,23.0,8100.0,324.0,11.823042971224796,0.19705071618707992
2025-12-10 03:30:00,66,26.0,8100.0,324.0,14.223213314791746,0.2370535552465291
2025-12-10 03:45:00,65,25.0,8100.0,324.0,9.212068549216951,0.1535344758202825
2025-12-10 04:00:00,64,24.0,8100.0,324.0,7.5009484574988825,0.12501580762498138
2025-12-10 04:15:00,64,24.0,8100.0,324.0,10.721779036065607,0.1786963172677601
2025-12-10 04:30:00,63,23.0,8100.0,324.0,10.745075171287317,0.17908458618812195
2025-12-10 04:45:00,64,,8100.0,324.0,,
2025-12-10 05:00:00,62,22.0,8100.0,324.0,10.543653976495676,0.17572756627492794
2025-12-10 05:15:00,68,28.0,8100.0,324.0,10.677155194654848,0.17795258657758078
2025-12-10 05:30:00,66,26.0,8100.0,324.0,15.441655040691359,0.257360917344856
2025-12-10 05:45:00,65,25.0,8100.0,324.0,11.646891295237365,0.19411485492062275
2025-12-10 06:00:00,67,27.0,6368.0,254.72,0.0,0.0
2025-12-10 06:15:00,68,28.0,6368.0,254.72,0.0,0.0
2025-12-10 06:30:00,63,23.0,6368.0,254.72,0.0,0.0
2025-12-10 06:45:00,63,23.0,6368.0,254.72,0.0,0.0
2025-12-10 07:00:00,66,26.0,6368.0,254.72,0.0,0.0
2025-12-10 07:15:00,64,24.0,6368.0,254.72,,
2025-12-10 07:30:00,64,24.0,6368.0,,0.0,0.0
2025-12-10 07:45:00,62,22.0,6368.0,254.72,0.0,0.0
2025-12-10 08:00:00,63,23.0,6368.0,254.72,0.0,0.0
2025-12-10 08:15:00,66,26.0,6368.0,254.72,0.0,0.0
2025-12-10 08:30:00,62,22.0,6368.0,254.72,0.0,0.0
2025-12-10 08:45:00,63,23.0,6368.0,254.72,0.0,0.0
2025-12-10 09:00:00,60,19.0,6368.0,254.72,0.0,0.0
2025-12-10 09:15:00,68,25.0,6368.0,254.72,0.0,0.0
2025-12-10 09:30:00,55,15.0,6368.0,254.72,0.0,0.0
2025-12-10 09:45:00,80,35.0,6368.0,254.72,0.0,0.0
2025-12-10 10:00:00,55,15.0,6368.0,254.72,0.0,0.0
2025-12-10 10:15:00,79,34.0,6368.0,254.72,0.0,0.0
2025-12-10 10:30:00,68,25.0,6368.0,254.72,0.0,0.0
2025-12-10 10:45:00,83,38.0,6368.0,254.72,0.0,0.0
2025-12-10 11:00:00,68,25.0,6368.0,254.72,0.0,0.0
2025-12-10 11:15:00,68,25.0,6368.0,254.72,0.0,0.0
2025-12-10 11:30:00,82,37.0,6368.0,254.72,0.0,0.0
2025-12-10 11:45:00,69,,6368.0,254.72,0.0,0.0
2025-12-10 12:00:00,68,25.0,6368.0,254.72,0.0,0.0
2025-12-10 12:15:00,82,37.0,6368.0,254.72,0.0,0.0
2025-12-10 12:30:00,59,18.0,6368.0,254.72,0.0,0.0
2025-12-10 12:45:00,78,33.0,6368.0,254.72,0.0,0.0
2025-12-10 13:00:00,83,38.0,6368.0,254.72,0.0,0.0
2025-12-10 13:15:00,69,26.0,6368.0,254.72,0.0,0.0
2025-12-10 13:30:00,82,37.0,6368.0,254.72,0.0,0.0
2025-12-10 13:45:00,72,29.0,6368.0,254.72,0.0,0.0
2025-12-10 14:00:00,83,38.0,6368.0,254.72,0.0,0.0
2025-12-10 14:15:00,65,23.0,6368.0,254.72,0.0,0.0
2025-12-10 14:30:00,84,38.0,6368.0,254.72,0.0,0.0
2025-12-10 14:45:00,80,35.0,6368.0,254.72,0.0,0.0
2025-12-10 15:00:00,74,30.0,6368.0,254.72,0.0,0.0
2025-12-10 15:15:00,80,35.0,6368.0,254.72,0.0,0.0
2025-12-10 15:30:00,82,37.0,6368.0,254.72,0.0,0.0
2025-12-10 15:45:00,55,15.0,6368.0,254.72,0.0,0.0
2025-12-10 16:00:00,83,38.0,6368.0,254.72,0.0,0.0
2025-12-10 16:15:00,90,43.0,6368.0,254.72,0.0,0.0
2025-12-10 16:30:00,58,17.0,6368.0,254.72,0.0,0.0
2025-12-10 16:45:00,82,37.0,6368.0,254.72,0.0,0.0
2025-12-10 17:00:00,71,28.0,6368.0,254.72,0.0,0.0
2025-12-10 17:15:00,72,29.0,6368.0,254.72,0.0,0.0
2025-12-10 17:30:00,89,43.0,6368.0,254.72,0.0,0.0
2025-12-10 17:45:00,55,15.0,,254.72,0.0,0.0
2025-12-10 18:00:00,60,20.0,6368.0,254.72,0.0,0.0
2025-12-10 18:15:00,57,17.0,6368.0,254.72,0.0,0.0
2025-12-10 18:30:00,54,14.0,6368.0,254.72,0.0,0.0
2025-12-10 18:45:00,56,16.0,6368.0,254.72,0.0,0.0
2025-12-10 19:00:00,59,19.0,6368.0,254.72,0.0,0.0
2025-12-10 19:15:00,57,17.0,6368.0,254.72,0.0,0.0
2025-12-10 19:30:00,57,17.0,6368.0,254.72,0.0,0.0
2025-12-10 19:45:00,59,19.0,6368.0,254.72,0.0,0.0
2025-12-10 20:00:00,55,15.0,6368.0,254.72,0.0,0.0
2025-12-10 20:15:00,59,19.0,6368.0,254.72,0.0,0.0
2025-12-10 20:30:00,54,14.0,6368.0,254.72,0.0,0.0
2025-12-10 20:45:00,58,18.0,6368.0,254.72,0.0,0.0
2025-12-10 21:00:00,61,21.0,6368.0,254.72,0.0,0.0
2025-12-10 21:15:00,58,18.0,6368.0,254.72,0.0,0.0
2025-12-10 21:30:00,61,21.0,6368.0,254.72,0.0,0.0
2025-12-10 21:45:00,55,15.0,6368.0,254.72,0.0,0.0
2025-12-10 22:00:00,59,19.0,6368.0,254.72,14.89699099376896,0.24828318322948265
2025-12-10 22:15:00,55,15.0,6368.0,254.72,14.520446947844402,0.24200744913074004
2025-12-10 22:30:00,58,18.0,6368.0,254.72,14.646263390993258,0.24410438984988764
2025-12-10 22:45:00,56,16.0,6368.0,254.72,15.314911909951414,0.25524853183252355
2025-12-10 23:00:00,58,18.0,6368.0,254.72,15.199096942815268,0.2533182823802545
2025-12-10 23:15:00,57,17.0,6368.0,254.72,16.880956486135222,0.28134927476892035
2025-12-10 23:30:00,56,16.0,6368.0,254.72,16.025337436267648,0.26708895727112747
2025-12-10 23:45:00,59,19.0,6368.0,254.72,15.24937511708383,0.2541562519513972
2025-12-11 00:00:00,55,15.0,6368.0,254.72,9.270089223626094,0.1545014870604349
2025-12-11 00:15:00,58,18.0,6368.0,254.72,12.43716521264272,0.20728608687737865
2025-12-11 00:30:00,58,18.0,6368.0,254.72,13.680040191776964,0.2280006698629494
2025-12-11 00:45:00,60,20.0,6368.0,254.72,14.343812164688709,0.23906353607814515
2025-12-11 01:00:00,58,18.0,,254.72,14.832910589777862,0.2472151764962977
2025-12-11 01:15:00,57,17.0,6368.0,254.72,16.730031098587233,0.2788338516431205
2025-12-11 01:30:00,59,19.0,,254.72,12.202904182930105,0.20338173638216842
2025-12-11 01:45:00,57,17.0,6368.0,254.72,14.452850755706114,0.24088084592843523
2025-12-11 02:00:00,62,22.0,6368.0,254.72,15.953783558997776,0.26589639264996295
2025-12-11 02:15:00,60,20.0,6368.0,254.72,12.669700500035905,0.2111616750005984
2025-12-11 02:30:00,59,19.0,6368.0,254.72,10.992993052461832,0.18321655087436386
2025-12-11 02:45:00,57,17.0,6368.0,254.72,16.341898346922303,0.27236497244870506
2025-12-11 03:00:00,55,15.0,6368.0,254.72,15.47721967243681,0.2579536612072802
2025-12-11 03:15:00,57,17.0,6368.0,254.72,12.725644355141263,0.21209407258568772
2025-12-11 03:30:00,59,19.0,6368.0,254.72,14.74407512343011,0.24573458539050183
2025-12-11 03:45:00,55,15.0,6368.0,254.72,13.856312254442424,0.2309385375740404
2025-12-11 04:00:00,58,18.0,6368.0,254.72,9.975934768189415,0.1662655794698236
2025-12-11 04:15:00,58,18.0,6368.0,254.72,14.06067868645452,0.234344644774242
2025-12-11 04:30:00,56,16.0,6368.0,254.72,,
2025-12-11 04:45:00,57,17.0,6368.0,254.72,16.31239113551066,0.2718731855918443
2025-12-11 05:00:00,56,,6368.0,254.72,14.87815488026028,0.24796924800433798
2025-12-11 05:15:00,57,17.0,6368.0,254.72,13.604978589736177,0.22674964316226962
2025-12-11 05:30:00,56,16.0,6368.0,254.72,15.48632217817224,0.258105369636204
2025-12-11 05:45:00,60,20.0,6368.0,254.72,14.987955803040911,0.2497992633840152
2025-12-11 06:00:00,60,20.0,9754.0,390.16,0.0,0.0
2025-12-11 06:15:00,55,15.0,9754.0,390.16,0.0,0.0
2025-12-11 06:30:00,59,19.0,9754.0,390.16,0.0,0.0
2025-12-11 06:45:00,61,,9754.0,390.16,0.0,0.0
2025-12-11 07:00:00,59,19.0,9754.0,390.16,0.0,0.0
2025-12-11 07:15:00,65,25.0,9754.0,390.16,0.0,0.0
2025-12-11 07:30:00,58,18.0,9754.0,390.16,0.0,0.0
2025-12-11 07:45:00,61,21.0,9754.0,390.16,,
2025-12-11 08:00:00,61,21.0,9754.0,390.16,0.0,0.0
2025-12-11 08:15:00,61,21.0,9754.0,390.16,0.0,0.0
2025-12-11 08:30:00,60,20.0,9754.0,390.16,0.0,0.0
2025-12-11 08:45:00,60,20.0,,390.16,0.0,0.0
2025-12-11 09:00:00,75,31.0,9754.0,390.16,0.0,0.0
2025-12-11 09:15:00,81,36.0,,390.16,0.0,0.0
2025-12-11 09:30:00,80,35.0,9754.0,390.16,0.0,0.0
2025-12-11 09:45:00,85,39.0,9754.0,390.16,0.0,0.0
2025-12-11 10:00:00,74,30.0,9754.0,390.16,0.0,0.0
2025-12-11 10:15:00,76,32.0,9754.0,390.16,0.0,0.0
2025-12-11 10:30:00,76,32.0,9754.0,390.16,0.0,0.0
2025-12-11 10:45:00,76,32.0,9754.0,390.16,0.0,0.0
2025-12-11 11:00:00,73,29.0,9754.0,390.16,0.0,0.0
2025-12-11 11:15:00,78,33.0,9754.0,390.16,0.0,0.0
2025-12-11 11:30:00,74,30.0,9754.0,390.16,0.0,0.0
2025-12-11 11:45:00,85,39.0,9754.0,390.16,0.0,0.0
2025-12-11 12:00:00,80,35.0,9754.0,390.16,0.0,0.0
2025-12-11 12:15:00,81,36.0,9754.0,390.16,0.0,0.0
2025-12-11 12:30:00,88,42.0,,390.16,0.0,0.0
2025-12-11 12:45:00,59,18.0,,390.16,0.0,0.0
2025-12-11 13:00:00,72,29.0,9754.0,390.16,0.0,0.0
2025-12-11 13:15:00,79,34.0,9754.0,390.16,0.0,0.0
2025-12-11 13:30:00,90,43.0,9754.0,390.16,0.0,0.0
2025-12-11 13:45:00,82,37.0,9754.0,390.16,0.0,0.0
2025-12-11 14:00:00,90,,9754.0,390.16,0.0,0.0
2025-12-11 14:15:00,87,41.0,,390.16,0.0,0.0
2025-12-11 14:30:00,77,33.0,9754.0,390.16,0.0,0.0
2025-12-11 14:45:00,77,33.0,9754.0,390.16,0.0,0.0
2025-12-11 15:00:00,67,,9754.0,390.16,0.0,0.0
2025-12-11 15:15:00,69,26.0,9754.0,390.16,0.0,0.0
2025-12-11 15:30:00,87,41.0,9754.0,390.16,0.0,0.0
2025-12-11 15:45:00,72,29.0,9754.0,390.16,0.0,0.0
2025-12-11 16:00:00,77,33.0,9754.0,390.16,0.0,0.0
2025-12-11 16:15:00,88,42.0,9754.0,390.16,0.0,0.0
2025-12-11 16:30:00,72,29.0,9754.0,390.16,0.0,0.0
2025-12-11 16:45:00,69,,9754.0,390.16,0.0,0.0
2025-12-11 17:00:00,76,32.0,9754.0,390.16,0.0,0.0
2025-12-11 17:15:00,82,37.0,9754.0,390.16,0.0,0.0
2025-12-11 17:30:00,72,29.0,9754.0,390.16,0.0,0.0
2025-12-11 17:45:00,78,33.0,9754.0,390.16,0.0,0.0
2025-12-11 18:00:00,56,16.0,9754.0,390.16,0.0,0.0
2025-12-11 18:15:00,56,16.0,9754.0,390.16,0.0,0.0
2025-12-11 18:30:00,52,12.0,9754.0,390.16,0.0,0.0
2025-12-11 18:45:00,60,20.0,9754.0,390.16,0.0,0.0
2025-12-11 19:00:00,56,16.0,9754.0,390.16,0.0,0.0
2025-12-11 19:15:00,52,12.0,9754.0,390.16,0.0,0.0
2025-12-11 19:30:00,59,19.0,9754.0,390.16,0.0,0.0
2025-12-11 19:45:00,55,15.0,9754.0,390.16,0.0,0.0
2025-12-11 20:00:00,55,15.0,9754.0,390.16,0.0,0.0
2025-12-11 20:15:00,54,14.0,9754.0,390.16,0.0,0.0
2025-12-11 20:30:00,56,16.0,9754.0,390.16,0.0,0.0
2025-12-11 20:45:00,55,15.0,9754.0,390.16,0.0,0.0
2025-12-11 21:00:00,54,14.0,9754.0,390.16,0.0,0.0
2025-12-11 21:15:00,56,16.0,,390.16,0.0,0.0
2025-12-11 21:30:00,55,15.0,9754.0,390.16,0.0,0.0
2025-12-11 21:45:00,54,14.0,9754.0,390.16,0.0,0.0
2025-12-11 22:00:00,56,16.0,9754.0,390.16,10.366763247619849,0.1727793874603308
2025-12-11 22:15:00,58,18.0,9754.0,390.16,10.48157196103611,0.1746928660172685
2025-12-11 22:30:00,53,13.0,9754.0,390.16,12.977690206809068,0.21629483678015113
2025-12-11 22:45:00,57,17.0,9754.0,390.16,7.948446118122204,0.1324741019687034
2025-12-11 23:00:00,52,12.0,9754.0,390.16,11.958779219492733,0.19931298699154557
2025-12-11 23:15:00,57,17.0,9754.0,390.16,10.417504753500719,0.17362507922501197
2025-12-11 23:30:00,57,17.0,9754.0,390.16,12.643116219962048,0.21071860366603412
2025-12-11 23:45:00,56,16.0,9754.0,390.16,11.598967545686252,0.19331612576143753
2025-12-12 00:00:00,55,15.0,9754.0,,8.552434766882325,0.14254057944803875
2025-12-12 00:15:00,56,16.0,,390.16,9.076410708502337,0.15127351180837229
2025-12-12 00:30:00,51,11.0,9754.0,390.16,11.536423005013589,0.19227371675022648
2025-12-12 00:45:00,52,12.0,9754.0,390.16,9.944028628569786,0.1657338104761631
2025-12-12 01:00:00,60,20.0,9754.0,390.16,10.550187746685847,0.1758364624447641
2025-12-12 01:15:00,57,17.0,9754.0,390.16,9.473549835380524,0.15789249725634208
2025-12-12 01:30:00,57,17.0,9754.0,390.16,16.177154415875012,0.26961924026458356
2025-12-12 01:45:00,60,20.0,9754.0,390.16,9.52452076333931,0.15874201272232186
2025-12-12 02:00:00,54,14.0,9754.0,390.16,11.15464269407881,0.18591071156798017
2025-12-12 02:15:00,59,19.0,9754.0,390.16,9.542410927352229,0.15904018212253715
2025-12-12 02:30:00,57,17.0,9754.0,390.16,9.227633311085302,0.15379388851808837
2025-12-12 02:45:00,57,17.0,9754.0,390.16,13.095192401404214,0.21825320669007023
2025-12-12 03:00:00,55,15.0,9754.0,390.16,12.59223953184735,0.20987065886412248
2025-12-12 03:15:00,54,14.0,9754.0,390.16,8.87598663428943,0.14793311057149047
2025-12-12 03:30:00,54,14.0,9754.0,390.16,9.261503483450948,0.15435839139084914
2025-12-12 03:45:00,55,15.0,9754.0,390.16,11.437889122158163,0.19063148536930272
2025-12-12 04:00:00,58,18.0,9754.0,390.16,11.840606896177725,0.19734344826962874
2025-12-12 04:15:00,55,15.0,9754.0,390.16,12.882376682188351,0.21470627803647252
2025-12-12 04:30:00,57,17.0,9754.0,390.16,9.543183797218308,0.1590530632869718
2025-12-12 04:45:00,55,15.0,9754.0,390.16,14.470975613473392,0.2411829268912232
2025-12-12 05:00:00,55,15.0,9754.0,390.16,10.187307836810632,0.16978846394684385
2025-12-12 05:15:00,59,19.0,9754.0,390.16,9.861312239341963,0.16435520398903272
2025-12-12 05:30:00,57,17.0,9754.0,390.16,,
2025-12-12 05:45:00,55,15.0,9754.0,390.16,11.381302018886897,0.18968836698144828
2025-12-12 06:00:00,60,20.0,8556.0,342.24,0.0,0.0
2025-12-12 06:15:00,60,20.0,8556.0,342.24,0.0,0.0
2025-12-12 06:30:00,58,18.0,8556.0,342.24,0.0,0.0
2025-12-12 06:45:00,62,22.0,8556.0,342.24,0.0,0.0
2025-12-12 07:00:00,61,21.0,8556.0,342.24,0.0,0.0
2025-12-12 07:15:00,59,19.0,8556.0,342.24,0.0,0.0
2025-12-12 07:30:00,61,21.0,8556.0,342.24,0.0,0.0
2025-12-12 07:45:00,57,17.0,8556.0,342.24,0.0,0.0
2025-12-12 08:00:00,59,19.0,8556.0,342.24,0.0,0.0
2025-12-12 08:15:00,62,22.0,8556.0,342.24,0.0,0.0
2025-12-12 08:30:00,57,17.0,8556.0,342.24,0.0,0.0
2025-12-12 08:45:00,61,21.0,8556.0,342.24,0.0,0.0
2025-12-12 09:00:00,74,30.0,8556.0,342.24,0.0,0.0
2025-12-12 09:15:00,67,24.0,8556.0,342.24,0.0,0.0
2025-12-12 09:30:00,77,33.0,8556.0,342.24,0.0,0.0
2025-12-12 09:45:00,71,28.0,8556.0,342.24,0.0,0.0
2025-12-12 10:00:00,79,34.0,8556.0,342.24,0.0,0.0
2025-12-12 10:15:00,75,31.0,8556.0,342.24,0.0,0.0
2025-12-12 10:30:00,81,36.0,8556.0,342.24,0.0,0.0
2025-12-12 10:45:00,70,27.0,8556.0,342.24,0.0,0.0
2025-12-12 11:00:00,66,24.0,,342.24,0.0,0.0
2025-12-12 11:15:00,68,25.0,8556.0,342.24,0.0,0.0
2025-12-12 11:30:00,70,27.0,8556.0,342.24,0.0,0.0
2025-12-12 11:45:00,69,26.0,8556.0,342.24,0.0,0.0
2025-12-12 12:00:00,152,89.0,8556.0,342.24,0.0,0.0
2025-12-12 12:15:00,154,90.0,8556.0,342.24,0.0,0.0
2025-12-12 12:30:00,153,89.0,8556.0,342.24,0.0,0.0
2025-12-12 12:45:00,80,35.0,8556.0,342.24,0.0,0.0
2025-12-12 13:00:00,75,31.0,8556.0,342.24,0.0,0.0
2025-12-12 13:15:00,66,24.0,8556.0,342.24,0.0,0.0
2025-12-12 13:30:00,69,26.0,8556.0,342.24,0.0,0.0
2025-12-12 13:45:00,73,29.0,8556.0,342.24,0.0,0.0
2025-12-12 14:00:00,69,26.0,8556.0,342.24,0.0,0.0
2025-12-12 14:15:00,76,32.0,8556.0,342.24,0.0,0.0
2025-12-12 14:30:00,75,31.0,8556.0,342.24,0.0,0.0
2025-12-12 14:45:00,73,29.0,8556.0,342.24,0.0,0.0
2025-12-12 15:00:00,73,29.0,8556.0,342.24,0.0,0.0
2025-12-12 15:15:00,73,29.0,8556.0,,0.0,0.0
2025-12-12 15:30:00,65,23.0,8556.0,342.24,0.0,0.0
2025-12-12 15:45:00,63,21.0,8556.0,342.24,0.0,0.0
2025-12-12 16:00:00,70,27.0,8556.0,342.24,0.0,0.0
2025-12-12 16:15:00,68,25.0,8556.0,342.24,0.0,0.0
2025-12-12 16:30:00,59,18.0,,342.24,0.0,0.0
2025-12-12 16:45:00,71,28.0,8556.0,342.24,0.0,0.0
2025-12-12 17:00:00,77,33.0,8556.0,342.24,0.0,0.0
2025-12-12 17:15:00,67,24.0,8556.0,342.24,0.0,0.0
2025-12-12 17:30:00,74,30.0,8556.0,342.24,0.0,0.0
2025-12-12 17:45:00,75,31.0,8556.0,342.24,0.0,0.0
2025-12-12 18:00:00,57,17.0,8556.0,342.24,0.0,0.0
2025-12-12 18:15:00,56,16.0,8556.0,342.24,0.0,0.0
2025-12-12 18:30:00,56,16.0,8556.0,342.24,0.0,0.0
2025-12-12 18:45:00,56,16.0,8556.0,342.24,0.0,0.0
2025-12-12 19:00:00,56,16.0,8556.0,342.24,0.0,0.0
2025-12-12 19:15:00,56,16.0,8556.0,342.24,0.0,0.0
2025-12-12 19:30:00,57,17.0,8556.0,342.24,0.0,0.0
2025-12-12 19:45:00,59,19.0,8556.0,342.24,0.0,0.0
2025-12-12 20:00:00,61,21.0,8556.0,342.24,0.0,0.0
2025-12-12 20:15:00,58,18.0,8556.0,342.24,0.0,0.0
2025-12-12 20:30:00,61,21.0,8556.0,342.24,0.0,0.0
2025-12-12 20:45:00,56,16.0,8556.0,342.24,0.0,0.0
2025-12-12 21:00:00,58,18.0,8556.0,342.24,0.0,0.0
2025-12-12 21:15:00,59,19.0,,342.24,0.0,0.0
2025-12-12 21:30:00,57,17.0,,342.24,0.0,0.0
2025-12-12 21:45:00,56,16.0,8556.0,342.24,0.0,0.0
2025-12-12 22:00:00,57,17.0,8556.0,342.24,14.59605434354112,0.243267572392352
2025-12-12 22:15:00,57,17.0,8556.0,342.24,14.047757078083993,0.23412928463473323
2025-12-12 22:30:00,60,20.0,8556.0,342.24,14.749829649809351,0.24583049416348918
2025-12-12 22:45:00,56,16.0,8556.0,342.24,13.20819914334774,0.220136652389129
2025-12-12 23:00:00,61,21.0,8556.0,342.24,14.413952895780342,0.24023254826300572
2025-12-12 23:15:00,57,17.0,8556.0,342.24,14.434690924673573,0.2405781820778929
2025-12-12 23:30:00,57,17.0,8556.0,342.24,13.466909631356451,0.22444849385594084
2025-12-12 23:45:00,56,16.0,8556.0,342.24,14.653068386759678,0.24421780644599464
2025-12-13 00:00:00,57,17.0,8556.0,342.24,19.090241730567676,0.31817069550946125
2025-12-13 00:15:00,58,18.0,8556.0,342.24,18.32919936891441,0.3054866561485735
2025-12-13 00:30:00,56,16.0,8556.0,342.24,13.136636720427425,0.21894394534045708
2025-12-13 00:45:00,56,16.0,8556.0,342.24,13.586271754070427,0.22643786256784046
2025-12-13 01:00:00,56,16.0,8556.0,342.24,10.603070706844887,0.17671784511408145
2025-12-13 01:15:00,58,18.0,8556.0,342.24,15.768028277183921,0.26280047128639866
2025-12-13 01:30:00,59,19.0,8556.0,342.24,11.790199337456762,0.19650332229094605
2025-12-13 01:45:00,57,17.0,8556.0,342.24,13.886165794684214,0.23143609657807024
2025-12-13 02:00:00,58,18.0,8556.0,342.24,13.067899271234413,0.2177983211872402
2025-12-13 02:15:00,55,15.0,8556.0,342.24,16.413409650714122,0.273556827511902
2025-12-13 02:30:00,59,19.0,8556.0,342.24,17.190290239951015,0.2865048373325169
2025-12-13 02:45:00,59,19.0,8556.0,342.24,13.678240548963297,0.22797067581605496
2025-12-13 03:00:00,56,16.0,8556.0,342.24,14.917403208685759,0.24862338681142931
2025-12-13 03:15:00,56,16.0,8556.0,342.24,14.889753159032571,0.24816255265054285
2025-12-13 03:30:00,56,16.0,8556.0,342.24,12.142880255660334,0.2023813375943389
2025-12-13 03:45:00,56,16.0,8556.0,342.24,18.797727138995768,0.3132954523165961
2025-12-13 04:00:00,60,20.0,8556.0,342.24,14.854901997595837,0.24758169995993062
2025-12-13 04:15:00,58,18.0,8556.0,342.24,14.115497113659504,0.2352582852276584
2025-12-13 04:30:00,57,17.0,8556.0,342.24,16.696239797590096,0.27827066329316824
2025-12-13 04:45:00,56,16.0,8556.0,342.24,17.30070722212174,0.2883451203686957
2025-12-13 05:00:00,59,19.0,8556.0,342.24,14.054906056439986,0.23424843427399977
2025-12-13 05:15:00,55,15.0,8556.0,342.24,14.112083569155054,0.2352013928192509
2025-12-13 05:30:00,58,18.0,8556.0,342.24,15.249406171617693,0.25415676952696153
2025-12-13 05:45:00,63,23.0,8556.0,342.24,11.010505562650419,0.18350842604417364
2025-12-13 06:00:00,58,18.0,14856.0,594.24,0.0,0.0
2025-12-13 06:15:00,57,17.0,14856.0,594.24,0.0,0.0
2025-12-13 06:30:00,59,,14856.0,594.24,0.0,0.0
2025-12-13 06:45:00,55,15.0,14856.0,,0.0,0.0
2025-12-13 07:00:00,59,19.0,14856.0,594.24,0.0,0.0
2025-12-13 07:15:00,60,20.0,14856.0,594.24,0.0,0.0
2025-12-13 07:30:00,60,20.0,14856.0,594.24,0.0,0.0
2025-12-13 07:45:00,62,22.0,14856.0,594.24,0.0,0.0
2025-12-13 08:00:00,57,17.0,14856.0,594.24,0.0,0.0
2025-12-13 08:15:00,56,16.0,14856.0,594.24,0.0,0.0
2025-12-13 08:30:00,58,18.0,14856.0,594.24,0.0,0.0
2025-12-13 08:45:00,58,18.0,14856.0,594.24,0.0,0.0
2025-12-13 09:00:00,79,34.0,14856.0,594.24,0.0,0.0
2025-12-13 09:15:00,77,33.0,14856.0,594.24,0.0,0.0
2025-12-13 09:30:00,75,31.0,14856.0,594.24,0.0,0.0
2025-12-13 09:45:00,68,25.0,14856.0,594.24,0.0,0.0
2025-12-13 10:00:00,78,33.0,14856.0,594.24,0.0,0.0
2025-12-13 10:15:00,79,34.0,14856.0,594.24,0.0,0.0
2025-12-13 10:30:00,79,34.0,14856.0,594.24,0.0,0.0
2025-12-13 10:45:00,74,30.0,14856.0,594.24,0.0,0.0
2025-12-13 11:00:00,83,38.0,14856.0,594.24,0.0,0.0
2025-12-13 11:15:00,70,27.0,14856.0,594.24,0.0,0.0
2025-12-13 11:30:00,59,18.0,14856.0,594.24,0.0,0.0
2025-12-13 11:45:00,78,33.0,14856.0,594.24,0.0,0.0
2025-12-13 12:00:00,70,27.0,14856.0,,0.0,0.0
2025-12-13 12:15:00,67,24.0,14856.0,594.24,0.0,0.0
2025-12-13 12:30:00,73,,14856.0,594.24,0.0,0.0
2025-12-13 12:45:00,60,19.0,14856.0,594.24,0.0,0.0
2025-12-13 13:00:00,66,24.0,14856.0,594.24,0.0,0.0
2025-12-13 13:15:00,71,28.0,14856.0,594.24,0.0,0.0
2025-12-13 13:30:00,74,30.0,,594.24,0.0,0.0
2025-12-13 13:45:00,87,41.0,14856.0,594.24,0.0,0.0
2025-12-13 14:00:00,72,29.0,14856.0,594.24,0.0,0.0
2025-12-13 14:15:00,75,31.0,14856.0,594.24,0.0,0.0
2025-12-13 14:30:00,68,25.0,14856.0,594.24,0.0,0.0
2025-12-13 14:45:00,80,35.0,14856.0,594.24,0.0,0.0
2025-12-13 15:00:00,77,33.0,,594.24,0.0,0.0
2025-12-13 15:15:00,79,34.0,14856.0,594.24,0.0,0.0
2025-12-13 15:30:00,59,18.0,14856.0,594.24,0.0,0.0
2025-12-13 15:45:00,70,27.0,14856.0,594.24,0.0,0.0
2025-12-13 16:00:00,79,34.0,14856.0,594.24,0.0,0.0
2025-12-13 16:15:00,72,29.0,14856.0,594.24,0.0,0.0
2025-12-13 16:30:00,73,29.0,14856.0,594.24,0.0,0.0
2025-12-13 16:45:00,80,,14856.0,594.24,0.0,0.0
2025-12-13 17:00:00,67,24.0,14856.0,594.24,0.0,0.0
2025-12-13 17:15:00,66,24.0,,594.24,0.0,0.0
2025-12-13 17:30:00,68,25.0,14856.0,594.24,0.0,0.0
2025-12-13 17:45:00,83,38.0,14856.0,594.24,0.0,0.0
2025-12-13 18:00:00,62,22.0,14856.0,594.24,0.0,0.0
2025-12-13 18:15:00,61,21.0,14856.0,594.24,0.0,0.0
2025-12-13 18:30:00,60,20.0,14856.0,594.24,0.0,0.0
2025-12-13 18:45:00,58,18.0,14856.0,594.24,0.0,0.0
2025-12-13 19:00:00,57,17.0,14856.0,594.24,0.0,0.0
2025-12-13 19:15:00,59,19.0,14856.0,594.24,0.0,0.0
2025-12-13 19:30:00,56,16.0,14856.0,594.24,0.0,0.0
2025-12-13 19:45:00,59,19.0,14856.0,594.24,0.0,0.0
2025-12-13 20:00:00,57,17.0,14856.0,594.24,0.0,0.0
2025-12-13 20:15:00,63,23.0,14856.0,594.24,0.0,0.0
2025-12-13 20:30:00,60,20.0,14856.0,594.24,0.0,0.0
2025-12-13 20:45:00,56,16.0,14856.0,594.24,0.0,0.0
2025-12-13 21:00:00,61,21.0,14856.0,594.24,0.0,0.0
2025-12-13 21:15:00,63,23.0,,594.24,0.0,0.0
2025-12-13 21:30:00,58,18.0,14856.0,594.24,0.0,0.0
2025-12-13 21:45:00,60,20.0,14856.0,594.24,0.0,0.0
2025-12-13 22:00:00,61,21.0,14856.0,594.24,8.148270748650718,0.13580451247751196
2025-12-13 22:15:00,57,17.0,14856.0,594.24,8.16085663357232,0.13601427722620535
2025-12-13 22:30:00,57,17.0,14856.0,594.24,12.348076471954764,0.2058012745325794
2025-12-13 22:45:00,60,20.0,14856.0,594.24,14.135385056751854,0.23558975094586423
2025-12-13 23:00:00,58,18.0,14856.0,594.24,13.64805166240559,0.22746752770675985
2025-12-13 23:15:00,56,16.0,14856.0,594.24,7.597442535138059,0.12662404225230098
2025-12-13 23:30:00,60,20.0,14856.0,594.24,10.812823210464847,0.18021372017441412
2025-12-13 23:45:00,60,20.0,14856.0,594.24,10.477337031856802,0.17462228386428003
2025-12-14 00:00:00,60,20.0,14856.0,594.24,10.83752456731588,0.18062540945526467
2025-12-14 00:15:00,60,20.0,14856.0,594.24,14.285180939705082,0.2380863489950847
2025-12-14 00:30:00,61,21.0,14856.0,594.24,10.410874844888863,0.1735145807481477
2025-12-14 00:45:00,61,21.0,14856.0,594.24,11.69553440694472,0.19492557344907865
2025-12-14 01:00:00,58,18.0,14856.0,,,
2025-12-14 01:15:00,59,19.0,14856.0,594.24,9.593878202883163,0.1598979700480527
2025-12-14 01:30:00,59,19.0,14856.0,594.24,9.810523300513378,0.16350872167522296
2025-12-14 01:45:00,61,21.0,14856.0,594.24,11.429769193443398,0.19049615322405664
2025-12-14 02:00:00,61,21.0,14856.0,594.24,11.661562223241637,0.19435937038736062
2025-12-14 02:15:00,58,18.0,14856.0,594.24,10.200762749319937,0.17001271248866562
2025-12-14 02:30:00,56,16.0,14856.0,594.24,10.435421073362194,0.17392368455603657
2025-12-14 02:45:00,59,19.0,14856.0,594.24,13.093661781418284,0.2182276963569714
2025-12-14 03:00:00,58,18.0,14856.0,594.24,12.803703159517758,0.2133950526586293
2025-12-14 03:15:00,58,,14856.0,594.24,12.974676020629875,0.21624460034383125
2025-12-14 03:30:00,60,20.0,14856.0,594.24,10.315707346148804,0.17192845576914673
2025-12-14 03:45:00,61,21.0,14856.0,594.24,12.751593049962649,0.21252655083271083
2025-12-14 04:00:00,62,22.0,14856.0,594.24,11.687959627753441,0.19479932712922401
2025-12-14 04:15:00,56,16.0,14856.0,594.24,16.921637940955797,0.28202729901592993
2025-12-14 04:30:00,61,21.0,14856.0,594.24,13.484978888639048,0.22474964814398415
2025-12-14 04:45:00,58,18.0,14856.0,594.24,13.888800232836491,0.2314800038806082
2025-12-14 05:00:00,58,,14856.0,594.24,11.364411782569913,0.18940686304283189
2025-12-14 05:15:00,60,20.0,14856.0,594.24,11.598735313366902,0.1933122552227817
2025-12-14 05:30:00,59,19.0,14856.0,594.24,12.704011775679405,0.21173352959465674
2025-12-14 05:45:00,57,17.0,14856.0,594.24,12.250463757861338,0.20417439596435563
2025-12-14 06:00:00,64,24.0,5485.0,219.4,0.0,0.0
2025-12-14 06:15:00,60,20.0,5485.0,219.4,0.0,0.0
2025-12-14 06:30:00,63,23.0,5485.0,219.4,0.0,0.0
2025-12-14 06:45:00,62,22.0,5485.0,219.4,0.0,0.0
2025-12-14 07:00:00,66,26.0,5485.0,219.4,0.0,0.0
2025-12-14 07:15:00,61,21.0,5485.0,219.4,0.0,0.0
2025-12-14 07:30:00,63,23.0,5485.0,219.4,0.0,0.0
2025-12-14 07:45:00,64,24.0,5485.0,219.4,0.0,0.0
2025-12-14 08:00:00,61,21.0,5485.0,219.4,0.0,0.0
2025-12-14 08:15:00,65,25.0,5485.0,219.4,0.0,0.0
2025-12-14 08:30:00,62,22.0,5485.0,219.4,0.0,0.0
2025-12-14 08:45:00,65,25.0,5485.0,219.4,0.0,0.0
2025-12-14 09:00:00,83,38.0,5485.0,219.4,0.0,0.0
2025-12-14 09:15:00,82,37.0,5485.0,219.4,,
2025-12-14 09:30:00,79,34.0,5485.0,219.4,0.0,0.0
2025-12-14 09:45:00,77,33.0,5485.0,219.4,0.0,0.0
2025-12-14 10:00:00,89,43.0,5485.0,219.4,0.0,0.0
2025-12-14 10:15:00,89,43.0,5485.0,219.4,0.0,0.0
2025-12-14 10:30:00,90,43.0,5485.0,219.4,0.0,0.0
2025-12-14 10:45:00,76,32.0,5485.0,219.4,0.0,0.0
2025-12-14 11:00:00,89,,5485.0,219.4,0.0,0.0
2025-12-14 11:15:00,86,40.0,5485.0,219.4,0.0,0.0
2025-12-14 11:30:00,104,55.0,5485.0,219.4,,
2025-12-14 11:45:00,93,46.0,5485.0,,0.0,0.0
2025-12-14 12:00:00,92,45.0,5485.0,219.4,0.0,0.0
2025-12-14 12:15:00,81,36.0,5485.0,219.4,0.0,0.0
2025-12-14 12:30:00,73,29.0,5485.0,219.4,0.0,0.0
2025-12-14 12:45:00,85,39.0,5485.0,219.4,0.0,0.0
2025-12-14 13:00:00,85,39.0,5485.0,219.4,0.0,0.0
2025-12-14 13:15:00,100,52.0,5485.0,219.4,0.0,0.0
2025-12-14 13:30:00,86,40.0,5485.0,219.4,0.0,0.0
2025-12-14 13:45:00,90,43.0,,219.4,0.0,0.0
2025-12-14 14:00:00,79,34.0,5485.0,219.4,0.0,0.0
2025-12-14 14:15:00,92,,5485.0,219.4,0.0,0.0
2025-12-14 14:30:00,90,43.0,5485.0,219.4,0.0,0.0
2025-12-14 14:45:00,77,33.0,5485.0,219.4,0.0,0.0
2025-12-14 15:00:00,72,29.0,5485.0,219.4,0.0,0.0
2025-12-14 15:15:00,77,33.0,5485.0,219.4,0.0,0.0
2025-12-14 15:30:00,106,57.0,5485.0,219.4,0.0,0.0
2025-12-14 15:45:00,87,41.0,5485.0,219.4,0.0,0.0
2025-12-14 16:00:00,89,43.0,5485.0,219.4,0.0,0.0
2025-12-14 16:15:00,89,43.0,5485.0,219.4,0.0,0.0
2025-12-14 16:30:00,94,47.0,5485.0,219.4,0.0,0.0
2025-12-14 16:45:00,98,50.0,5485.0,219.4,0.0,0.0
2025-12-14 17:00:00,79,34.0,5485.0,219.4,0.0,0.0
2025-12-14 17:15:00,90,43.0,5485.0,219.4,0.0,0.0
2025-12-14 17:30:00,82,37.0,5485.0,219.4,0.0,0.0
2025-12-14 17:45:00,91,44.0,5485.0,219.4,0.0,0.0
2025-12-14 18:00:00,59,19.0,5485.0,219.4,0.0,0.0
2025-12-14 18:15:00,57,17.0,5485.0,219.4,0.0,0.0
2025-12-14 18:30:00,60,20.0,5485.0,219.4,0.0,0.0
2025-12-14 18:45:00,58,18.0,5485.0,219.4,0.0,0.0
2025-12-14 19:00:00,62,22.0,5485.0,219.4,0.0,0.0
2025-12-14 19:15:00,63,23.0,5485.0,219.4,0.0,0.0
2025-12-14 19:30:00,56,16.0,5485.0,219.4,0.0,0.0
2025-12-14 19:45:00,61,21.0,5485.0,219.4,0.0,0.0
2025-12-14 20:00:00,60,20.0,5485.0,219.4,0.0,0.0
2025-12-14 20:15:00,59,19.0,5485.0,219.4,0.0,0.0
2025-12-14 20:30:00,55,15.0,5485.0,219.4,0.0,0.0
2025-12-14 20:45:00,60,20.0,5485.0,219.4,0.0,0.0
2025-12-14 21:00:00,62,22.0,5485.0,219.4,0.0,0.0
2025-12-14 21:15:00,61,21.0,5485.0,219.4,0.0,0.0
2025-12-14 21:30:00,63,23.0,5485.0,219.4,0.0,0.0
2025-12-14 21:45:00,61,21.0,5485.0,219.4,0.0,0.0
2025-12-14 22:00:00,60,20.0,5485.0,219.4,15.088709875492217,0.25147849792487026
2025-12-14 22:15:00,63,23.0,5485.0,219.4,14.326281722691341,0.2387713620448557
2025-12-14 22:30:00,59,19.0,5485.0,219.4,15.261003982358918,0.2543500663726486
2025-12-14 22:45:00,62,22.0,5485.0,219.4,15.820623683242333,0.26367706138737224
2025-12-14 23:00:00,59,19.0,5485.0,219.4,13.985579268798492,0.2330929878133082
2025-12-14 23:15:00,57,17.0,5485.0,219.4,20.83167119139768,0.347194519856628
2025-12-14 23:30:00,57,17.0,5485.0,219.4,15.641498975716463,0.26069164959527436
2025-12-14 23:45:00,58,18.0,5485.0,219.4,13.845143512764107,0.23075239187940177
2025-12-15 00:00:00,60,20.0,5485.0,219.4,14.285970268453115,0.23809950447421857
2025-12-15 00:15:00,62,22.0,5485.0,219.4,15.901734887396382,0.2650289147899397
2025-12-15 00:30:00,61,21.0,5485.0,,13.547522780041813,0.22579204633403022
2025-12-15 00:45:00,60,20.0,5485.0,219.4,16.032955111610423,0.2672159185268404
2025-12-15 01:00:00,61,21.0,5485.0,219.4,21.71107608486166,0.36185126808102763
2025-12-15 01:15:00,61,21.0,5485.0,219.4,16.192832154900756,0.2698805359150126
2025-12-15 01:30:00,61,21.0,5485.0,219.4,13.969591946856596,0.23282653244760992
2025-12-15 01:45:00,57,17.0,5485.0,219.4,19.17648657883413,0.3196081096472355
2025-12-15 02:00:00,59,19.0,5485.0,219.4,15.665612366402998,0.26109353944005
2025-12-15 02:15:00,61,21.0,5485.0,219.4,18.101281766348194,0.3016880294391366
2025-12-15 02:30:00,56,16.0,5485.0,219.4,14.251170183471105,0.23751950305785174
2025-12-15 02:45:00,60,20.0,5485.0,219.4,16.097242970119744,0.26828738283532905
2025-12-15 03:00:00,56,16.0,5485.0,219.4,14.926522720841971,0.24877537868069952
2025-12-15 03:15:00,58,18.0,5485.0,219.4,15.60052529144795,0.26000875485746583
2025-12-15 03:30:00,60,20.0,5485.0,219.4,13.74821813329369,0.22913696888822818
2025-12-15 03:45:00,62,22.0,5485.0,219.4,19.82927008601976,0.330487834766996
2025-12-15 04:00:00,59,19.0,5485.0,219.4,13.444970529552771,0.22408284215921284
2025-12-15 04:15:00,58,18.0,5485.0,219.4,14.32037627113093,0.2386729378521822
2025-12-15 04:30:00,63,23.0,,219.4,18.27102609976587,0.30451710166276447
2025-12-15 04:45:00,61,21.0,5485.0,219.4,15.449353816824221,0.25748923028040366
2025-12-15 05:00:00,59,19.0,5485.0,219.4,16.020331123765928,0.2670055187294321
2025-12-15 05:15:00,60,20.0,5485.0,219.4,13.334623278308472,0.2222437213051412
2025-12-15 05:30:00,60,20.0,5485.0,219.4,16.18705394413495,0.26978423240224914
2025-12-15 05:45:00,59,19.0,5485.0,219.4,12.75242123503661,0.21254035391727685
2025-12-15 06:00:00,56,16.0,,192.44,0.0,0.0
2025-12-15 06:15:00,58,18.0,4811.0,192.44,0.0,0.0
2025-12-15 06:30:00,59,19.0,4811.0,192.44,0.0,0.0
2025-12-15 06:45:00,59,19.0,4811.0,192.44,0.0,0.0
2025-12-15 07:00:00,60,,4811.0,192.44,0.0,0.0
2025-12-15 07:15:00,55,15.0,4811.0,192.44,0.0,0.0
2025-12-15 07:30:00,58,18.0,4811.0,192.44,,
2025-12-15 07:45:00,59,19.0,4811.0,192.44,0.0,0.0
2025-12-15 08:00:00,57,17.0,4811.0,192.44,0.0,0.0
2025-12-15 08:15:00,56,16.0,4811.0,192.44,0.0,0.0
2025-12-15 08:30:00,59,19.0,4811.0,192.44,0.0,0.0
2025-12-15 08:45:00,58,18.0,4811.0,192.44,0.0,0.0
2025-12-15 09:00:00,82,37.0,4811.0,192.44,0.0,0.0
2025-12-15 09:15:00,79,34.0,4811.0,192.44,0.0,0.0
2025-12-15 09:30:00,80,35.0,4811.0,192.44,0.0,0.0
2025-12-15 09:45:00,69,26.0,4811.0,192.44,0.0,0.0
2025-12-15 10:00:00,62,20.0,4811.0,192.44,0.0,0.0
2025-12-15 10:15:00,73,29.0,4811.0,192.44,0.0,0.0
2025-12-15 10:30:00,92,45.0,4811.0,192.44,0.0,0.0
2025-12-15 10:45:00,84,38.0,4811.0,192.44,0.0,0.0
2025-12-15 11:00:00,75,31.0,4811.0,192.44,0.0,0.0
2025-12-15 11:15:00,67,24.0,4811.0,192.44,0.0,0.0
2025-12-15 11:30:00,84,38.0,4811.0,192.44,0.0,0.0
2025-12-15 11:45:00,72,29.0,4811.0,,0.0,0.0
2025-12-15 12:00:00,73,29.0,4811.0,192.44,0.0,0.0
2025-12-15 12:15:00,92,45.0,4811.0,192.44,0.0,0.0
2025-12-15 12:30:00,93,46.0,4811.0,192.44,0.0,0.0
2025-12-15 12:45:00,88,42.0,4811.0,192.44,0.0,0.0
2025-12-15 13:00:00,72,29.0,4811.0,192.44,0.0,0.0
2025-12-15 13:15:00,80,35.0,4811.0,192.44,,
2025-12-15 13:30:00,76,32.0,4811.0,192.44,0.0,0.0
2025-12-15 13:45:00,96,48.0,4811.0,192.44,0.0,0.0
2025-12-15 14:00:00,76,32.0,4811.0,192.44,0.0,0.0
2025-12-15 14:15:00,82,37.0,4811.0,192.44,0.0,0.0
2025-12-15 14:30:00,78,33.0,4811.0,192.44,0.0,0.0
2025-12-15 14:45:00,57,16.0,4811.0,192.44,0.0,0.0
2025-12-15 15:00:00,86,40.0,4811.0,192.44,0.0,0.0
2025-12-15 15:15:00,89,43.0,4811.0,192.44,0.0,0.0
2025-12-15 15:30:00,99,51.0,4811.0,192.44,0.0,0.0
2025-12-15 15:45:00,74,,4811.0,192.44,0.0,0.0
2025-12-15 16:00:00,73,29.0,4811.0,192.44,0.0,0.0
2025-12-15 16:15:00,82,37.0,4811.0,192.44,0.0,0.0
2025-12-15 16:30:00,70,27.0,,192.44,0.0,0.0
2025-12-15 16:45:00,73,29.0,4811.0,192.44,0.0,0.0
2025-12-15 17:00:00,71,28.0,4811.0,,0.0,0.0
2025-12-15 17:15:00,81,36.0,4811.0,192.44,0.0,0.0
2025-12-15 17:30:00,81,36.0,4811.0,192.44,0.0,0.0
2025-12-15 17:45:00,83,38.0,4811.0,192.44,0.0,0.0
2025-12-15 18:00:00,60,20.0,4811.0,192.44,,
2025-12-15 18:15:00,57,17.0,4811.0,192.44,0.0,0.0
2025-12-15 18:30:00,60,20.0,4811.0,192.44,0.0,0.0
2025-12-15 18:45:00,55,15.0,4811.0,192.44,0.0,0.0
2025-12-15 19:00:00,61,21.0,4811.0,192.44,0.0,0.0
2025-12-15 19:15:00,60,20.0,4811.0,192.44,0.0,0.0
2025-12-15 19:30:00,60,20.0,,192.44,0.0,0.0
2025-12-15 19:45:00,58,18.0,4811.0,192.44,0.0,0.0
2025-12-15 20:00:00,55,15.0,4811.0,192.44,0.0,0.0
2025-12-15 20:15:00,60,20.0,4811.0,192.44,0.0,0.0
2025-12-15 20:30:00,59,19.0,4811.0,192.44,0.0,0.0
2025-12-15 20:45:00,58,18.0,4811.0,192.44,0.0,0.0
2025-12-15 21:00:00,58,18.0,4811.0,192.44,,
2025-12-15 21:15:00,61,21.0,4811.0,192.44,0.0,0.0
2025-12-15 21:30:00,56,16.0,4811.0,192.44,0.0,0.0
2025-12-15 21:45:00,62,22.0,4811.0,192.44,0.0,0.0
2025-12-15 22:00:00,58,18.0,4811.0,192.44,17.543294429467064,0.2923882404911177
2025-12-15 22:15:00,62,22.0,4811.0,192.44,18.508720019538245,0.3084786669923041
2025-12-15 22:30:00,58,18.0,4811.0,192.44,14.643781957574872,0.24406303262624787
2025-12-15 22:45:00,56,16.0,4811.0,192.44,15.074888986561456,0.2512481497760243
2025-12-15 23:00:00,63,23.0,4811.0,192.44,14.32290292850293,0.23871504880838218
2025-12-15 23:15:00,58,18.0,4811.0,192.44,15.681449486116616,0.2613574914352769
2025-12-15 23:30:00,60,20.0,4811.0,192.44,19.64209170252544,0.3273681950420907
2025-12-15 23:45:00,59,19.0,4811.0,192.44,12.171387607277591,0.2028564601212932
2025-12-16 00:00:00,58,18.0,4811.0,192.44,12.736422567313628,0.21227370945522714
2025-12-16 00:15:00,55,15.0,4811.0,192.44,15.02576255177018,0.2504293758628363
2025-12-16 00:30:00,60,20.0,4811.0,192.44,16.22117302709077,0.2703528837848462
2025-12-16 00:45:00,61,21.0,4811.0,192.44,15.56132555889809,0.25935542598163486
2025-12-16 01:00:00,62,22.0,4811.0,192.44,14.342455330552816,0.23904092217588027
2025-12-16 01:15:00,59,19.0,4811.0,192.44,13.856412685889802,0.2309402114314967
2025-12-16 01:30:00,57,17.0,4811.0,192.44,12.875750357830086,0.2145958392971681
2025-12-16 01:45:00,59,19.0,4811.0,192.44,13.203308619317566,0.22005514365529277
2025-12-16 02:00:00,62,22.0,4811.0,192.44,17.389538540017735,0.2898256423336289
2025-12-16 02:15:00,56,16.0,4811.0,192.44,13.020393516379368,0.2170065586063228
2025-12-16 02:30:00,59,19.0,4811.0,192.44,13.616106122490438,0.2269351020415073
2025-12-16 02:45:00,61,21.0,4811.0,192.44,14.207638576943328,0.2367939762823888
2025-12-16 03:00:00,58,18.0,4811.0,192.44,20.094047885542125,0.3349007980923687
2025-12-16 03:15:00,60,20.0,4811.0,192.44,13.654406351647738,0.22757343919412898
2025-12-16 03:30:00,58,18.0,4811.0,192.44,14.658792460704763,0.24431320767841272
2025-12-16 03:45:00,57,17.0,4811.0,192.44,14.203057337224628,0.23671762228707713
2025-12-16 04:00:00,54,14.0,4811.0,192.44,12.964830092375033,0.21608050153958389
2025-12-16 04:15:00,56,16.0,4811.0,192.44,17.061898673508686,0.2843649778918114
2025-12-16 04:30:00,59,19.0,4811.0,192.44,14.788710845169525,0.24647851408615876
2025-12-16 04:45:00,63,23.0,4811.0,192.44,17.2776348240133,0.2879605804002217
2025-12-16 05:00:00,57,17.0,4811.0,192.44,14.852043020170267,0.24753405033617112
2025-12-16 05:15:00,59,19.0,4811.0,192.44,15.536149765707023,0.2589358294284504
2025-12-16 05:30:00,59,19.0,4811.0,192.44,15.007210222751338,0.250120170379189
2025-12-16 05:45:00,59,19.0,4811.0,192.44,17.125126418556043,0.2854187736426007
2025-12-16 06:00:00,70,30.0,8145.0,325.8,0.0,0.0
2025-12-16 06:15:00,66,26.0,8145.0,325.8,0.0,0.0
2025-12-16 06:30:00,62,22.0,8145.0,325.8,0.0,0.0
2025-12-16 06:45:00,63,23.0,8145.0,325.8,0.0,0.0
2025-12-16 07:00:00,67,27.0,8145.0,325.8,0.0,0.0
2025-12-16 07:15:00,67,27.0,8145.0,325.8,0.0,0.0
2025-12-16 07:30:00,68,28.0,8145.0,325.8,0.0,0.0
2025-12-16 07:45:00,65,25.0,8145.0,325.8,0.0,0.0
2025-12-16 08:00:00,69,29.0,8145.0,325.8,0.0,0.0
2025-12-16 08:15:00,67,27.0,8145.0,325.8,0.0,0.0
2025-12-16 08:30:00,65,25.0,8145.0,325.8,0.0,0.0
2025-12-16 08:45:00,66,26.0,8145.0,325.8,0.0,0.0
2025-12-16 09:00:00,80,35.0,8145.0,325.8,0.0,0.0
2025-12-16 09:15:00,74,30.0,8145.0,325.8,0.0,0.0
2025-12-16 09:30:00,81,36.0,8145.0,,0.0,0.0
2025-12-16 09:45:00,77,33.0,8145.0,325.8,0.0,0.0
2025-12-16 10:00:00,72,29.0,8145.0,,0.0,0.0
2025-12-16 10:15:00,78,33.0,8145.0,325.8,0.0,0.0
2025-12-16 10:30:00,74,30.0,8145.0,325.8,0.0,0.0
2025-12-16 10:45:00,74,30.0,8145.0,325.8,0.0,0.0
2025-12-16 11:00:00,78,33.0,8145.0,325.8,0.0,0.0
2025-12-16 11:15:00,56,15.0,8145.0,325.8,0.0,0.0
2025-12-16 11:30:00,86,,8145.0,325.8,0.0,0.0
2025-12-16 11:45:00,71,28.0,8145.0,325.8,0.0,0.0
2025-12-16 12:00:00,84,38.0,8145.0,325.8,0.0,0.0
2025-12-16 12:15:00,83,38.0,8145.0,325.8,0.0,0.0
2025-12-16 12:30:00,72,29.0,8145.0,325.8,0.0,0.0
2025-12-16 12:45:00,69,26.0,8145.0,325.8,0.0,0.0
2025-12-16 13:00:00,56,15.0,8145.0,325.8,0.0,0.0
2025-12-16 13:15:00,85,39.0,8145.0,325.8,0.0,0.0
2025-12-16 13:30:00,76,32.0,8145.0,325.8,0.0,0.0
2025-12-16 13:45:00,76,32.0,8145.0,325.8,0.0,0.0
2025-12-16 14:00:00,75,31.0,8145.0,325.8,0.0,0.0
2025-12-16 14:15:00,69,,8145.0,325.8,0.0,0.0
2025-12-16 14:30:00,84,38.0,8145.0,325.8,0.0,0.0
2025-12-16 14:45:00,82,37.0,8145.0,325.8,0.0,0.0
2025-12-16 15:00:00,65,23.0,8145.0,325.8,0.0,0.0
2025-12-16 15:15:00,69,26.0,8145.0,325.8,0.0,0.0
2025-12-16 15:30:00,69,26.0,8145.0,325.8,0.0,0.0
2025-12-16 15:45:00,71,28.0,8145.0,325.8,0.0,0.0
2025-12-16 16:00:00,65,23.0,8145.0,325.8,0.0,0.0
2025-12-16 16:15:00,77,33.0,8145.0,325.8,0.0,0.0
2025-12-16 16:30:00,73,29.0,8145.0,325.8,0.0,0.0
2025-12-16 16:45:00,76,32.0,8145.0,325.8,0.0,0.0
2025-12-16 17:00:00,92,45.0,8145.0,,,
2025-12-16 17:15:00,80,35.0,8145.0,325.8,0.0,0.0
2025-12-16 17:30:00,69,26.0,8145.0,325.8,0.0,0.0
2025-12-16 17:45:00,67,24.0,8145.0,325.8,,
2025-12-16 18:00:00,56,16.0,8145.0,325.8,0.0,0.0
2025-12-16 18:15:00,56,16.0,8145.0,325.8,0.0,0.0
2025-12-16 18:30:00,57,17.0,8145.0,325.8,0.0,0.0
2025-12-16 18:45:00,57,17.0,8145.0,325.8,0.0,0.0
2025-12-16 19:00:00,56,16.0,8145.0,325.8,0.0,0.0
2025-12-16 19:15:00,56,16.0,8145.0,325.8,0.0,0.0
2025-12-16 19:30:00,55,15.0,8145.0,325.8,0.0,0.0
2025-12-16 19:45:00,56,16.0,8145.0,325.8,0.0,0.0
2025-12-16 20:00:00,57,17.0,8145.0,325.8,0.0,0.0
2025-12-16 20:15:00,56,16.0,8145.0,325.8,0.0,0.0
2025-12-16 20:30:00,59,19.0,8145.0,325.8,0.0,0.0
2025-12-16 20:45:00,57,17.0,8145.0,325.8,0.0,0.0
2025-12-16 21:00:00,55,15.0,,325.8,0.0,0.0
2025-12-16 21:15:00,56,16.0,8145.0,325.8,0.0,0.0
2025-12-16 21:30:00,52,12.0,8145.0,325.8,0.0,0.0
2025-12-16 21:45:00,54,14.0,8145.0,325.8,0.0,0.0
2025-12-16 22:00:00,54,,8145.0,325.8,14.747221424964435,0.24578702374940725
2025-12-16 22:15:00,56,16.0,8145.0,325.8,17.21886170213867,0.2869810283689779
2025-12-16 22:30:00,57,17.0,8145.0,325.8,14.933619884017718,0.24889366473362864
2025-12-16 22:45:00,55,15.0,,325.8,15.60105413233498,0.26001756887224964
2025-12-16 23:00:00,54,14.0,8145.0,325.8,13.097624220240869,0.21829373700401447
2025-12-16 23:15:00,53,13.0,8145.0,325.8,12.422082807289739,0.207034713454829
2025-12-16 23:30:00,56,16.0,8145.0,325.8,15.211364126275843,0.2535227354379307
2025-12-16 23:45:00,53,13.0,8145.0,325.8,13.428012375225599,0.22380020625376
2025-12-17 00:00:00,55,15.0,8145.0,325.8,16.59432663050865,0.2765721105084775
2025-12-17 00:15:00,53,13.0,8145.0,325.8,12.786896476434304,0.21311494127390507
2025-12-17 00:30:00,56,16.0,8145.0,325.8,15.444110272247995,0.2574018378707999
2025-12-17 00:45:00,52,12.0,8145.0,,12.935469413781385,0.2155911568963564
2025-12-17 01:00:00,55,15.0,8145.0,325.8,16.762757514887664,0.2793792919147944
2025-12-17 01:15:00,56,16.0,8145.0,325.8,18.305681740186596,0.3050946956697766
2025-12-17 01:30:00,55,15.0,8145.0,325.8,16.391506282637874,0.2731917713772979
2025-12-17 01:45:00,53,13.0,8145.0,325.8,15.628687804323919,0.26047813007206533
2025-12-17 02:00:00,55,15.0,8145.0,325.8,11.691925888384507,0.1948654314730751
2025-12-17 02:15:00,58,18.0,8145.0,325.8,14.104395069889156,0.23507325116481928
2025-12-17 02:30:00,57,17.0,8145.0,325.8,14.905037165099028,0.24841728608498378
2025-12-17 02:45:00,56,16.0,8145.0,325.8,13.635880912889817,0.22726468188149695
2025-12-17 03:00:00,54,14.0,8145.0,,10.718361520370864,0.17863935867284775
2025-12-17 03:15:00,57,17.0,8145.0,325.8,11.197703068440198,0.1866283844740033
2025-12-17 03:30:00,57,17.0,8145.0,325.8,12.68042722127674,0.21134045368794568
2025-12-17 03:45:00,59,19.0,8145.0,325.8,15.313035620880724,0.25521726034801206
2025-12-17 04:00:00,52,12.0,8145.0,325.8,19.810778307462478,0.330179638457708
2025-12-17 04:15:00,59,19.0,8145.0,325.8,15.363813144939915,0.25606355241566525
2025-12-17 04:30:00,54,14.0,8145.0,325.8,13.77171073139519,0.22952851218991985
2025-12-17 04:45:00,60,20.0,8145.0,325.8,16.28204870994075,0.2713674784990125
2025-12-17 05:00:00,52,12.0,8145.0,,13.262647328026363,0.22104412213377272
2025-12-17 05:15:00,56,16.0,8145.0,,14.882838038111025,0.24804730063518374
2025-12-17 05:30:00,54,14.0,8145.0,325.8,16.461617719728594,0.2743602953288099
2025-12-17 05:45:00,58,18.0,8145.0,325.8,14.190684415353575,0.2365114069225596
2025-12-17 06:00:00,61,21.0,9785.0,391.4,0.0,0.0
2025-12-17 06:15:00,62,22.0,,391.4,0.0,0.0
2025-12-17 06:30:00,65,25.0,9785.0,391.4,0.0,0.0
2025-12-17 06:45:00,63,23.0,9785.0,391.4,0.0,0.0
2025-12-17 07:00:00,65,25.0,9785.0,391.4,0.0,0.0
2025-12-17 07:15:00,62,22.0,9785.0,391.4,0.0,0.0
2025-12-17 07:30:00,60,20.0,9785.0,391.4,0.0,0.0
2025-12-17 07:45:00,65,25.0,9785.0,391.4,0.0,0.0
2025-12-17 08:00:00,60,20.0,9785.0,391.4,0.0,0.0
2025-12-17 08:15:00,64,24.0,9785.0,391.4,0.0,0.0
2025-12-17 08:30:00,62,22.0,9785.0,391.4,0.0,0.0
2025-12-17 08:45:00,62,22.0,9785.0,391.4,0.0,0.0
2025-12-17 09:00:00,82,37.0,9785.0,391.4,0.0,0.0
2025-12-17 09:15:00,69,26.0,9785.0,391.4,0.0,0.0
2025-12-17 09:30:00,62,20.0,,391.4,0.0,0.0
2025-12-17 09:45:00,65,23.0,9785.0,391.4,0.0,0.0
2025-12-17 10:00:00,69,26.0,9785.0,391.4,0.0,0.0
2025-12-17 10:15:00,69,26.0,9785.0,391.4,0.0,0.0
2025-12-17 10:30:00,86,40.0,9785.0,391.4,0.0,0.0
2025-12-17 10:45:00,72,29.0,9785.0,391.4,0.0,0.0
2025-12-17 11:00:00,65,23.0,9785.0,391.4,0.0,0.0
2025-12-17 11:15:00,79,34.0,9785.0,391.4,0.0,0.0
2025-12-17 11:30:00,63,21.0,9785.0,391.4,0.0,0.0
2025-12-17 11:45:00,82,37.0,9785.0,391.4,0.0,0.0
2025-12-17 12:00:00,76,32.0,9785.0,391.4,0.0,0.0
2025-12-17 12:15:00,66,24.0,9785.0,,0.0,0.0
2025-12-17 12:30:00,74,30.0,9785.0,391.4,0.0,0.0
2025-12-17 12:45:00,74,30.0,9785.0,391.4,0.0,0.0
2025-12-17 13:00:00,75,31.0,9785.0,391.4,0.0,0.0
2025-12-17 13:15:00,74,30.0,9785.0,391.4,0.0,0.0
2025-12-17 13:30:00,77,33.0,9785.0,391.4,0.0,0.0
2025-12-17 13:45:00,66,24.0,9785.0,391.4,0.0,0.0
2025-12-17 14:00:00,82,37.0,9785.0,391.4,0.0,0.0
2025-12-17 14:15:00,74,30.0,9785.0,391.4,0.0,0.0
2025-12-17 14:30:00,77,33.0,,391.4,0.0,0.0
2025-12-17 14:45:00,63,,9785.0,391.4,0.0,0.0
2025-12-17 15:00:00,76,32.0,9785.0,391.4,0.0,0.0
2025-12-17 15:15:00,68,25.0,9785.0,391.4,0.0,0.0
2025-12-17 15:30:00,65,23.0,9785.0,391.4,0.0,0.0
2025-12-17 15:45:00,77,33.0,9785.0,391.4,0.0,0.0
2025-12-17 16:00:00,73,29.0,9785.0,391.4,0.0,0.0
2025-12-17 16:15:00,75,31.0,9785.0,391.4,0.0,0.0
2025-12-17 16:30:00,68,25.0,9785.0,391.4,0.0,0.0
2025-12-17 16:45:00,59,18.0,9785.0,391.4,0.0,0.0
2025-12-17 17:00:00,66,24.0,9785.0,391.4,0.0,0.0
2025-12-17 17:15:00,64,,9785.0,391.4,0.0,0.0
2025-12-17 17:30:00,69,26.0,9785.0,391.4,0.0,0.0
2025-12-17 17:45:00,66,24.0,9785.0,391.4,0.0,0.0
2025-12-17 18:00:00,57,17.0,9785.0,391.4,0.0,0.0
2025-12-17 18:15:00,54,14.0,9785.0,391.4,0.0,0.0
2025-12-17 18:30:00,57,17.0,9785.0,391.4,0.0,0.0
2025-12-17 18:45:00,62,22.0,9785.0,391.4,0.0,0.0
2025-12-17 19:00:00,58,18.0,9785.0,391.4,0.0,0.0
2025-12-17 19:15:00,62,22.0,9785.0,391.4,0.0,0.0
2025-12-17 19:30:00,62,22.0,9785.0,391.4,0.0,0.0
2025-12-17 19:45:00,56,16.0,9785.0,391.4,0.0,0.0
2025-12-17 20:00:00,58,18.0,9785.0,391.4,0.0,0.0
2025-12-17 20:15:00,56,16.0,9785.0,391.4,0.0,0.0
2025-12-17 20:30:00,58,18.0,9785.0,391.4,0.0,0.0
2025-12-17 20:45:00,55,15.0,9785.0,391.4,0.0,0.0
2025-12-17 21:00:00,59,19.0,9785.0,391.4,0.0,0.0
2025-12-17 21:15:00,59,19.0,9785.0,391.4,0.0,0.0
2025-12-17 21:30:00,58,18.0,9785.0,391.4,0.0,0.0
2025-12-17 21:45:00,58,18.0,9785.0,391.4,0.0,0.0
2025-12-17 22:00:00,59,19.0,9785.0,391.4,11.447177013791817,0.19078628356319696
2025-12-17 22:15:00,61,21.0,9785.0,391.4,12.647176490294733,0.21078627483824555
2025-12-17 22:30:00,60,20.0,9785.0,391.4,16.09464080119691,0.26824401335328185
2025-12-17 22:45:00,63,23.0,9785.0,391.4,12.638494134342768,0.21064156890571278
2025-12-17 23:00:00,57,17.0,9785.0,391.4,9.440042573502183,0.15733404289170305
2025-12-17 23:15:00,56,16.0,9785.0,391.4,14.601465919174963,0.24335776531958273
2025-12-17 23:30:00,58,18.0,9785.0,391.4,12.845124208835179,0.2140854034805863
2025-12-17 23:45:00,56,16.0,9785.0,391.4,13.60277943314837,0.22671299055247285
2025-12-18 00:00:00,59,19.0,9785.0,391.4,14.552356534543687,0.24253927557572813
2025-12-18 00:15:00,60,20.0,9785.0,391.4,14.411069154459286,0.24018448590765476
2025-12-18 00:30:00,57,17.0,9785.0,391.4,10.394805936938239,0.17324676561563732
2025-12-18 00:45:00,58,18.0,9785.0,391.4,10.057258239684822,0.1676209706614137
2025-12-18 01:00:00,60,20.0,9785.0,391.4,14.75765219139937,0.24596086985665616
2025-12-18 01:15:00,59,19.0,9785.0,391.4,15.819050868257477,0.26365084780429127
2025-12-18 01:30:00,56,16.0,9785.0,391.4,15.776155922930622,0.2629359320488437
2025-12-18 01:45:00,61,21.0,9785.0,391.4,13.030587838208527,0.21717646397014212
2025-12-18 02:00:00,58,18.0,9785.0,391.4,9.40702312549524,0.156783718758254
2025-12-18 02:15:00,57,17.0,9785.0,391.4,12.602878699546633,0.2100479783257772
2025-12-18 02:30:00,58,18.0,9785.0,391.4,14.705212924283888,0.24508688207139814
2025-12-18 02:45:00,60,20.0,9785.0,391.4,9.952614374759742,0.1658769062459957
2025-12-18 03:00:00,54,14.0,9785.0,391.4,11.678877614732595,0.19464796024554326
2025-12-18 03:15:00,58,18.0,9785.0,,10.73134608740088,0.178855768123348
2025-12-18 03:30:00,55,15.0,9785.0,391.4,8.996205425022097,0.14993675708370163
2025-12-18 03:45:00,62,22.0,9785.0,391.4,8.975751223646796,0.1495958537274466
2025-12-18 04:00:00,57,17.0,9785.0,391.4,14.879737019167889,0.24799561698613148
2025-12-18 04:15:00,59,19.0,9785.0,391.4,9.687999187801843,0.16146665313003072
2025-12-18 04:30:00,59,19.0,9785.0,391.4,14.403917631058306,0.24006529385097178
2025-12-18 04:45:00,60,20.0,9785.0,391.4,14.167510042860371,0.2361251673810062
2025-12-18 05:00:00,61,21.0,9785.0,391.4,13.398781883471045,0.22331303139118408
2025-12-18 05:15:00,59,19.0,9785.0,391.4,9.830170826416094,0.16383618044026824
2025-12-18 05:30:00,56,16.0,9785.0,391.4,9.452691025359329,0.15754485042265548
2025-12-18 05:45:00,58,18.0,9785.0,391.4,15.09175788422684,0.2515292980704473
2025-12-18 06:00:00,59,19.0,3989.0,,0.0,0.0
2025-12-18 06:15:00,61,21.0,3989.0,159.56,0.0,0.0
2025-12-18 06:30:00,62,22.0,3989.0,159.56,0.0,0.0
2025-12-18 06:45:00,64,24.0,3989.0,159.56,0.0,0.0
2025-12-18 07:00:00,63,23.0,3989.0,159.56,0.0,0.0
2025-12-18 07:15:00,64,24.0,3989.0,159.56,0.0,0.0
2025-12-18 07:30:00,66,26.0,3989.0,159.56,0.0,0.0
2025-12-18 07:45:00,65,25.0,3989.0,159.56,0.0,0.0
2025-12-18 08:00:00,65,25.0,3989.0,159.56,0.0,0.0
2025-12-18 08:15:00,61,21.0,3989.0,159.56,0.0,0.0
2025-12-18 08:30:00,63,23.0,3989.0,159.56,0.0,0.0
2025-12-18 08:45:00,62,22.0,3989.0,159.56,0.0,0.0
2025-12-18 09:00:00,80,35.0,3989.0,159.56,0.0,0.0
2025-12-18 09:15:00,72,29.0,3989.0,159.56,0.0,0.0
2025-12-18 09:30:00,68,25.0,3989.0,159.56,0.0,0.0
2025-12-18 09:45:00,75,31.0,3989.0,159.56,0.0,0.0
2025-12-18 10:00:00,76,32.0,3989.0,159.56,0.0,0.0
2025-12-18 10:15:00,86,40.0,3989.0,159.56,0.0,0.0
2025-12-18 10:30:00,82,37.0,3989.0,159.56,,
2025-12-18 10:45:00,79,34.0,3989.0,159.56,0.0,0.0
2025-12-18 11:00:00,67,24.0,3989.0,159.56,0.0,0.0
2025-12-18 11:15:00,81,36.0,3989.0,159.56,0.0,0.0
2025-12-18 11:30:00,69,26.0,3989.0,159.56,0.0,0.0
2025-12-18 11:45:00,62,20.0,3989.0,159.56,0.0,0.0
2025-12-18 12:00:00,75,31.0,,159.56,0.0,0.0
2025-12-18 12:15:00,84,38.0,3989.0,159.56,0.0,0.0
2025-12-18 12:30:00,80,35.0,3989.0,159.56,0.0,0.0
2025-12-18 12:45:00,67,24.0,3989.0,159.56,0.0,0.0
2025-12-18 13:00:00,76,32.0,3989.0,159.56,0.0,0.0
2025-12-18 13:15:00,82,37.0,3989.0,159.56,0.0,0.0
2025-12-18 13:30:00,67,24.0,3989.0,159.56,0.0,0.0
2025-12-18 13:45:00,58,17.0,3989.0,159.56,0.0,0.0
2025-12-18 14:00:00,80,35.0,3989.0,159.56,0.0,0.0
2025-12-18 14:15:00,73,29.0,3989.0,159.56,0.0,0.0
2025-12-18 14:30:00,76,32.0,3989.0,159.56,0.0,0.0
2025-12-18 14:45:00,75,31.0,,159.56,0.0,0.0
2025-12-18 15:00:00,81,,3989.0,159.56,0.0,0.0
2025-12-18 15:15:00,85,39.0,3989.0,159.56,0.0,0.0
2025-12-18 15:30:00,79,34.0,3989.0,159.56,0.0,0.0
2025-12-18 15:45:00,85,39.0,,159.56,0.0,0.0
2025-12-18 16:00:00,86,40.0,3989.0,159.56,0.0,0.0
2025-12-18 16:15:00,80,35.0,3989.0,159.56,0.0,0.0
2025-12-18 16:30:00,73,29.0,3989.0,159.56,0.0,0.0
2025-12-18 16:45:00,90,43.0,3989.0,159.56,0.0,0.0
2025-12-18 17:00:00,74,30.0,3989.0,159.56,0.0,0.0
2025-12-18 17:15:00,83,38.0,3989.0,159.56,0.0,0.0
2025-12-18 17:30:00,77,33.0,3989.0,159.56,0.0,0.0
2025-12-18 17:45:00,75,31.0,3989.0,159.56,0.0,0.0
2025-12-18 18:00:00,60,,3989.0,159.56,0.0,0.0
2025-12-18 18:15:00,59,19.0,3989.0,159.56,,
2025-12-18 18:30:00,59,19.0,3989.0,159.56,0.0,0.0
2025-12-18 18:45:00,58,18.0,3989.0,159.56,0.0,0.0
2025-12-18 19:00:00,57,17.0,3989.0,159.56,0.0,0.0
2025-12-18 19:15:00,62,22.0,3989.0,159.56,0.0,0.0
2025-12-18 19:30:00,61,21.0,3989.0,159.56,0.0,0.0
2025-12-18 19:45:00,59,19.0,3989.0,159.56,0.0,0.0
2025-12-18 20:00:00,57,17.0,3989.0,159.56,0.0,0.0
2025-12-18 20:15:00,58,18.0,3989.0,159.56,0.0,0.0
2025-12-18 20:30:00,59,19.0,3989.0,159.56,0.0,0.0
2025-12-18 20:45:00,59,19.0,3989.0,159.56,0.0,0.0
2025-12-18 21:00:00,59,19.0,3989.0,159.56,0.0,0.0
2025-12-18 21:15:00,60,20.0,3989.0,159.56,0.0,0.0
2025-12-18 21:30:00,58,18.0,3989.0,159.56,0.0,0.0
2025-12-18 21:45:00,56,16.0,3989.0,159.56,0.0,0.0
2025-12-18 22:00:00,59,19.0,3989.0,159.56,14.064520951344306,0.2344086825224051
2025-12-18 22:15:00,58,18.0,3989.0,159.56,13.795845945616332,0.2299307657602722
2025-12-18 22:30:00,60,20.0,3989.0,159.56,10.034821696622659,0.16724702827704432
2025-12-18 22:45:00,58,18.0,3989.0,159.56,14.026767498073797,0.23377945830122995
2025-12-18 23:00:00,59,19.0,3989.0,159.56,9.821908544055304,0.16369847573425508
2025-12-18 23:15:00,57,17.0,3989.0,159.56,12.92715142457809,0.21545252374296817
2025-12-18 23:30:00,60,20.0,3989.0,159.56,,
2025-12-18 23:45:00,60,20.0,3989.0,159.56,5.222259896625824,0.08703766494376372
2025-12-19 00:00:00,55,15.0,3989.0,,11.453696316447646,0.19089493860746076
2025-12-19 00:15:00,61,,3989.0,159.56,10.644618264628916,0.17741030441048192
2025-12-19 00:30:00,60,,3989.0,159.56,11.631507325582106,0.19385845542636843
2025-12-19 00:45:00,59,19.0,3989.0,159.56,10.394658734563937,0.17324431224273226
2025-12-19 01:00:00,63,23.0,3989.0,159.56,11.667096465469665,0.19445160775782774
2025-12-19 01:15:00,57,17.0,3989.0,159.56,7.394488345616914,0.12324147242694856
2025-12-19 01:30:00,59,19.0,3989.0,159.56,10.512295155454963,0.17520491925758272
2025-12-19 01:45:00,59,19.0,3989.0,159.56,11.105220574883251,0.18508700958138752
2025-12-19 02:00:00,58,18.0,3989.0,159.56,10.65107387943442,0.1775178979905737
2025-12-19 02:15:00,60,20.0,3989.0,159.56,8.067611659089764,0.13446019431816272
2025-12-19 02:30:00,62,22.0,3989.0,159.56,12.031531429168178,0.20052552381946961
2025-12-19 02:45:00,59,19.0,3989.0,159.56,12.131260579931585,0.2021876763321931
2025-12-19 03:00:00,57,17.0,3989.0,159.56,10.852530281885095,0.18087550469808492
2025-12-19 03:15:00,57,17.0,3989.0,159.56,10.3760133744123,0.172933556240205
2025-12-19 03:30:00,63,23.0,3989.0,159.56,11.030776343118932,0.18384627238531553
2025-12-19 03:45:00,60,20.0,3989.0,159.56,11.052982353341461,0.184216372555691
2025-12-19 04:00:00,61,,3989.0,159.56,12.778021985451833,0.21296703309086387
2025-12-19 04:15:00,63,23.0,,159.56,12.353484755116735,0.20589141258527893
2025-12-19 04:30:00,59,19.0,3989.0,159.56,10.848262197140691,0.18080436995234486
2025-12-19 04:45:00,61,21.0,,159.56,9.914298385882827,0.16523830643138043
2025-12-19 05:00:00,60,20.0,3989.0,159.56,14.803315476103347,0.24672192460172243
2025-12-19 05:15:00,59,19.0,3989.0,159.56,12.165825019944517,0.20276375033240862
2025-12-19 05:30:00,60,20.0,3989.0,159.56,8.477630742559748,0.14129384570932915
2025-12-19 05:45:00,55,15.0,3989.0,159.56,10.725908431002617,0.17876514051671027
2025-12-19 06:00:00,65,,11399.0,455.96,0.0,0.0
2025-12-19 06:15:00,69,29.0,11399.0,455.96,0.0,0.0
2025-12-19 06:30:00,67,27.0,11399.0,455.96,0.0,0.0
2025-12-19 06:45:00,68,28.0,11399.0,455.96,0.0,0.0
2025-12-19 07:00:00,64,24.0,11399.0,455.96,0.0,0.0
2025-12-19 07:15:00,64,24.0,11399.0,455.96,0.0,0.0
2025-12-19 07:30:00,68,28.0,11399.0,455.96,0.0,0.0
2025-12-19 07:45:00,66,26.0,11399.0,455.96,0.0,0.0
2025-12-19 08:00:00,65,25.0,11399.0,455.96,0.0,0.0
2025-12-19 08:15:00,68,28.0,11399.0,455.96,0.0,0.0
2025-12-19 08:30:00,70,30.0,11399.0,455.96,0.0,0.0
2025-12-19 08:45:00,66,26.0,11399.0,455.96,0.0,0.0
2025-12-19 09:00:00,79,34.0,11399.0,455.96,0.0,0.0
2025-12-19 09:15:00,73,29.0,11399.0,455.96,0.0,0.0
2025-12-19 09:30:00,59,18.0,11399.0,455.96,,
2025-12-19 09:45:00,74,,11399.0,455.96,0.0,0.0
2025-12-19 10:00:00,72,29.0,11399.0,455.96,0.0,0.0
2025-12-19 10:15:00,72,29.0,11399.0,455.96,0.0,0.0
2025-12-19 10:30:00,76,32.0,11399.0,455.96,,
2025-12-19 10:45:00,78,33.0,11399.0,455.96,0.0,0.0
2025-12-19 11:00:00,85,39.0,11399.0,455.96,0.0,0.0
2025-12-19 11:15:00,80,35.0,11399.0,455.96,0.0,0.0
2025-12-19 11:30:00,70,,11399.0,455.96,0.0,0.0
2025-12-19 11:45:00,78,,11399.0,455.96,0.0,0.0
2025-12-19 12:00:00,75,31.0,11399.0,455.96,0.0,0.0
2025-12-19 12:15:00,77,33.0,11399.0,455.96,0.0,0.0
2025-12-19 12:30:00,86,40.0,11399.0,455.96,0.0,0.0
2025-12-19 12:45:00,81,36.0,11399.0,455.96,0.0,0.0
2025-12-19 13:00:00,64,22.0,11399.0,455.96,0.0,0.0
2025-12-19 13:15:00,59,18.0,11399.0,455.96,0.0,0.0
2025-12-19 13:30:00,89,43.0,11399.0,455.96,0.0,0.0
2025-12-19 13:45:00,76,32.0,11399.0,455.96,0.0,0.0
2025-12-19 14:00:00,65,23.0,11399.0,455.96,0.0,0.0
2025-12-19 14:15:00,85,39.0,11399.0,455.96,0.0,0.0
2025-12-19 14:30:00,82,37.0,11399.0,455.96,0.0,0.0
2025-12-19 14:45:00,70,27.0,11399.0,455.96,0.0,0.0
2025-12-19 15:00:00,70,27.0,11399.0,455.96,0.0,0.0
2025-12-19 15:15:00,84,38.0,11399.0,455.96,0.0,0.0
2025-12-19 15:30:00,77,33.0,11399.0,455.96,0.0,0.0
2025-12-19 15:45:00,71,28.0,11399.0,455.96,0.0,0.0
2025-12-19 16:00:00,80,35.0,11399.0,,0.0,0.0
2025-12-19 16:15:00,72,29.0,11399.0,455.96,0.0,0.0
2025-12-19 16:30:00,83,38.0,11399.0,455.96,0.0,0.0
2025-12-19 16:45:00,64,22.0,11399.0,455.96,0.0,0.0
2025-12-19 17:00:00,82,37.0,11399.0,455.96,0.0,0.0
2025-12-19 17:15:00,70,27.0,11399.0,455.96,0.0,0.0
2025-12-19 17:30:00,76,32.0,11399.0,455.96,0.0,0.0
2025-12-19 17:45:00,76,32.0,11399.0,455.96,0.0,0.0
2025-12-19 18:00:00,62,22.0,11399.0,455.96,0.0,0.0
2025-12-19 18:15:00,57,17.0,11399.0,455.96,0.0,0.0
2025-12-19 18:30:00,58,18.0,11399.0,455.96,0.0,0.0
2025-12-19 18:45:00,56,16.0,11399.0,455.96,0.0,0.0
2025-12-19 19:00:00,58,18.0,11399.0,455.96,0.0,0.0
2025-12-19 19:15:00,56,16.0,11399.0,455.96,0.0,0.0
2025-12-19 19:30:00,57,17.0,11399.0,455.96,0.0,0.0
2025-12-19 19:45:00,62,22.0,11399.0,455.96,0.0,0.0
2025-12-19 20:00:00,59,19.0,11399.0,455.96,0.0,0.0
2025-12-19 20:15:00,57,17.0,11399.0,455.96,0.0,0.0
2025-12-19 20:30:00,58,18.0,11399.0,,0.0,0.0
2025-12-19 20:45:00,62,22.0,11399.0,455.96,0.0,0.0
2025-12-19 21:00:00,59,19.0,11399.0,455.96,0.0,0.0
2025-12-19 21:15:00,59,19.0,11399.0,455.96,0.0,0.0
2025-12-19 21:30:00,52,12.0,11399.0,455.96,0.0,0.0
2025-12-19 21:45:00,57,17.0,11399.0,455.96,0.0,0.0
2025-12-19 22:00:00,53,13.0,11399.0,455.96,9.115470372435881,0.1519245062072647
2025-12-19 22:15:00,60,20.0,11399.0,,11.029950334269431,0.18383250557115718
2025-12-19 22:30:00,57,17.0,11399.0,455.96,12.752053394203724,0.21253422323672874
2025-12-19 22:45:00,57,17.0,11399.0,455.96,13.616687085165395,0.2269447847527566
2025-12-19 23:00:00,56,16.0,11399.0,455.96,11.145633840631984,0.18576056401053306
2025-12-19 23:15:00,60,20.0,11399.0,455.96,12.265492610031913,0.2044248768338652
2025-12-19 23:30:00,59,19.0,11399.0,455.96,,
2025-12-19 23:45:00,58,18.0,11399.0,455.96,14.275117936274452,0.23791863227124085
2025-12-20 00:00:00,55,15.0,11399.0,455.96,10.994284109144195,0.18323806848573657
2025-12-20 00:15:00,57,17.0,11399.0,455.96,11.033036701906044,0.1838839450317674
2025-12-20 00:30:00,55,15.0,11399.0,455.96,11.670539997226008,0.1945089999537668
2025-12-20 00:45:00,60,20.0,11399.0,455.96,16.614423877468706,0.27690706462447845
2025-12-20 01:00:00,58,18.0,11399.0,455.96,12.710659048335277,0.2118443174722546
2025-12-20 01:15:00,58,18.0,11399.0,455.96,,
2025-12-20 01:30:00,58,18.0,11399.0,455.96,11.097384387322865,0.18495640645538108
2025-12-20 01:45:00,61,21.0,11399.0,455.96,10.936877833756952,0.18228129722928255
2025-12-20 02:00:00,60,20.0,11399.0,455.96,14.675581714250923,0.24459302857084872
2025-12-20 02:15:00,59,19.0,11399.0,455.96,11.161448725113306,0.1860241454185551
2025-12-20 02:30:00,57,17.0,11399.0,455.96,14.445597195537669,0.24075995325896116
2025-12-20 02:45:00,57,17.0,11399.0,455.96,15.34895900903072,0.2558159834838453
2025-12-20 03:00:00,61,21.0,11399.0,455.96,10.83713815980645,0.18061896933010751
2025-12-20 03:15:00,60,20.0,11399.0,455.96,11.922430303861924,0.19870717173103208
2025-12-20 03:30:00,60,20.0,11399.0,,13.008264186629187,0.21680440311048646
2025-12-20 03:45:00,57,17.0,11399.0,455.96,13.193098588338572,0.21988497647230953
2025-12-20 04:00:00,58,18.0,11399.0,455.96,10.346688469522022,0.17244480782536703
2025-12-20 04:15:00,56,16.0,11399.0,455.96,14.426654911563665,0.24044424852606108
2025-12-20 04:30:00,55,15.0,11399.0,455.96,12.764191762113567,0.21273652936855944
2025-12-20 04:45:00,56,16.0,11399.0,455.96,10.643988395479369,0.17739980659132282
2025-12-20 05:00:00,60,20.0,11399.0,455.96,12.914164989057973,0.2152360831509662
2025-12-20 05:15:00,52,12.0,11399.0,455.96,13.473564764949495,0.22455941274915825
2025-12-20 05:30:00,58,18.0,11399.0,455.96,15.374766004360357,0.2562461000726726
2025-12-20 05:45:00,59,19.0,11399.0,455.96,11.583617226405515,0.19306028710675857
2025-12-20 06:00:00,65,25.0,10618.0,424.72,0.0,0.0
2025-12-20 06:15:00,65,25.0,10618.0,424.72,0.0,0.0
2025-12-20 06:30:00,64,24.0,10618.0,424.72,0.0,0.0
2025-12-20 06:45:00,64,24.0,10618.0,424.72,0.0,0.0
2025-12-20 07:00:00,64,24.0,10618.0,424.72,0.0,0.0
2025-12-20 07:15:00,63,23.0,10618.0,424.72,0.0,0.0
2025-12-20 07:30:00,64,24.0,10618.0,424.72,0.0,0.0
2025-12-20 07:45:00,67,27.0,10618.0,424.72,0.0,0.0
2025-12-20 08:00:00,64,24.0,10618.0,424.72,0.0,0.0
2025-12-20 08:15:00,63,23.0,10618.0,424.72,0.0,0.0
2025-12-20 08:30:00,63,23.0,10618.0,424.72,0.0,0.0
2025-12-20 08:45:00,62,,10618.0,424.72,0.0,0.0
2025-12-20 09:00:00,70,27.0,10618.0,424.72,0.0,0.0
2025-12-20 09:15:00,77,33.0,10618.0,424.72,0.0,0.0
2025-12-20 09:30:00,70,27.0,10618.0,424.72,0.0,0.0
2025-12-20 09:45:00,58,17.0,10618.0,424.72,0.0,0.0
2025-12-20 10:00:00,67,24.0,10618.0,424.72,0.0,0.0
2025-12-20 10:15:00,78,33.0,10618.0,,0.0,0.0
2025-12-20 10:30:00,62,20.0,10618.0,424.72,0.0,0.0
2025-12-20 10:45:00,59,18.0,10618.0,424.72,0.0,0.0
2025-12-20 11:00:00,64,22.0,10618.0,424.72,0.0,0.0
2025-12-20 11:15:00,73,29.0,10618.0,424.72,0.0,0.0
2025-12-20 11:30:00,85,39.0,10618.0,424.72,0.0,0.0
2025-12-20 11:45:00,55,15.0,10618.0,424.72,0.0,0.0
2025-12-20 12:00:00,69,26.0,10618.0,424.72,0.0,0.0
2025-12-20 12:15:00,60,19.0,10618.0,424.72,0.0,0.0
2025-12-20 12:30:00,82,37.0,10618.0,424.72,0.0,0.0
2025-12-20 12:45:00,61,19.0,10618.0,424.72,0.0,0.0
2025-12-20 13:00:00,75,31.0,10618.0,424.72,0.0,0.0
2025-12-20 13:15:00,57,16.0,10618.0,424.72,0.0,0.0
2025-12-20 13:30:00,59,18.0,10618.0,424.72,0.0,0.0
2025-12-20 13:45:00,69,26.0,10618.0,424.72,0.0,0.0
2025-12-20 14:00:00,79,34.0,10618.0,424.72,0.0,0.0
2025-12-20 14:15:00,80,35.0,10618.0,424.72,0.0,0.0
2025-12-20 14:30:00,72,29.0,10618.0,424.72,0.0,0.0
2025-12-20 14:45:00,65,23.0,10618.0,424.72,0.0,0.0
2025-12-20 15:00:00,73,29.0,10618.0,424.72,0.0,0.0
2025-12-20 15:15:00,73,29.0,10618.0,424.72,0.0,0.0
2025-12-20 15:30:00,67,24.0,10618.0,424.72,0.0,0.0
2025-12-20 15:45:00,68,25.0,,424.72,0.0,0.0
2025-12-20 16:00:00,63,21.0,10618.0,424.72,0.0,0.0
2025-12-20 16:15:00,71,28.0,10618.0,424.72,0.0,0.0
2025-12-20 16:30:00,65,23.0,10618.0,424.72,0.0,0.0
2025-12-20 16:45:00,65,23.0,10618.0,424.72,0.0,0.0
2025-12-20 17:00:00,62,20.0,10618.0,424.72,0.0,0.0
2025-12-20 17:15:00,64,22.0,10618.0,424.72,0.0,0.0
2025-12-20 17:30:00,67,24.0,10618.0,424.72,,
2025-12-20 17:45:00,75,31.0,10618.0,,0.0,0.0
2025-12-20 18:00:00,61,21.0,10618.0,424.72,0.0,0.0
2025-12-20 18:15:00,62,22.0,10618.0,424.72,0.0,0.0
2025-12-20 18:30:00,60,20.0,10618.0,424.72,0.0,0.0
2025-12-20 18:45:00,58,18.0,10618.0,424.72,0.0,0.0
2025-12-20 19:00:00,57,17.0,10618.0,424.72,0.0,0.0
2025-12-20 19:15:00,62,22.0,10618.0,424.72,0.0,0.0
2025-12-20 19:30:00,61,21.0,10618.0,,0.0,0.0
2025-12-20 19:45:00,60,20.0,10618.0,424.72,0.0,0.0
2025-12-20 20:00:00,59,19.0,10618.0,424.72,0.0,0.0
2025-12-20 20:15:00,63,23.0,10618.0,424.72,0.0,0.0
2025-12-20 20:30:00,61,21.0,10618.0,424.72,0.0,0.0
2025-12-20 20:45:00,64,24.0,10618.0,424.72,0.0,0.0
2025-12-20 21:00:00,63,23.0,10618.0,424.72,0.0,0.0
2025-12-20 21:15:00,62,22.0,10618.0,424.72,0.0,0.0
2025-12-20 21:30:00,63,,10618.0,424.72,0.0,0.0
2025-12-20 21:45:00,62,22.0,10618.0,424.72,0.0,0.0
2025-12-20 22:00:00,61,21.0,10618.0,424.72,13.03355776267135,0.21722596271118916
2025-12-20 22:15:00,61,21.0,,424.72,13.273290961323493,0.22122151602205822
2025-12-20 22:30:00,62,22.0,10618.0,424.72,9.899341467815987,0.16498902446359978
2025-12-20 22:45:00,62,22.0,10618.0,424.72,12.030884017182132,0.2005147336197022
2025-12-20 23:00:00,62,22.0,10618.0,424.72,11.602599494812072,0.19337665824686787
2025-12-20 23:15:00,63,23.0,10618.0,424.72,15.684158658982383,0.26140264431637306
2025-12-20 23:30:00,63,23.0,10618.0,424.72,15.187069353321279,0.25311782255535464
2025-12-20 23:45:00,64,24.0,10618.0,424.72,19.65991854216082,0.32766530903601365
2025-12-21 00:00:00,61,21.0,10618.0,424.72,10.939717029559638,0.1823286171593273
2025-12-21 00:15:00,63,23.0,10618.0,424.72,10.110355285943088,0.1685059214323848
2025-12-21 00:30:00,59,19.0,10618.0,424.72,17.49707769540278,0.2916179615900463
2025-12-21 00:45:00,65,25.0,10618.0,424.72,12.924194053358418,0.2154032342226403
2025-12-21 01:00:00,62,22.0,10618.0,424.72,13.568378285046707,0.22613963808411178
2025-12-21 01:15:00,61,21.0,10618.0,424.72,13.2038372513512,0.22006395418918664
2025-12-21 01:30:00,60,20.0,,424.72,11.897305325836879,0.1982884220972813
2025-12-21 01:45:00,62,22.0,10618.0,424.72,19.232766787144513,0.3205461131190752
2025-12-21 02:00:00,62,,10618.0,424.72,17.822254120153872,0.2970375686692312
2025-12-21 02:15:00,61,21.0,10618.0,424.72,13.216587987430856,0.22027646645718094
2025-12-21 02:30:00,60,20.0,10618.0,424.72,14.207100283119836,0.23678500471866393
2025-12-21 02:45:00,63,,10618.0,424.72,11.895585924006646,0.19825976540011075
2025-12-21 03:00:00,61,21.0,10618.0,424.72,12.191618299624018,0.20319363832706697
2025-12-21 03:15:00,61,21.0,10618.0,424.72,9.445325446292518,0.15742209077154196
2025-12-21 03:30:00,60,20.0,,424.72,14.190979906282141,0.23651633177136902
2025-12-21 03:45:00,62,22.0,10618.0,424.72,16.563656831316607,0.27606094718861013
2025-12-21 04:00:00,61,21.0,10618.0,424.72,15.05204319413679,0.25086738656894647
2025-12-21 04:15:00,61,21.0,10618.0,424.72,15.784453400395613,0.26307422333992686
2025-12-21 04:30:00,62,22.0,10618.0,424.72,10.468554770138438,0.17447591283564062
2025-12-21 04:45:00,61,21.0,10618.0,424.72,15.664718264801365,0.26107863774668943
2025-12-21 05:00:00,60,20.0,10618.0,424.72,10.95029699149002,0.182504949858167
2025-12-21 05:15:00,60,20.0,10618.0,424.72,14.20777394212939,0.23679623236882316
2025-12-21 05:30:00,64,24.0,10618.0,424.72,13.587499871990971,0.2264583311998495
2025-12-21 05:45:00,60,20.0,10618.0,424.72,12.521783212239022,0.20869638687065037
2025-12-21 06:00:00,70,30.0,6933.0,277.32,0.0,0.0
2025-12-21 06:15:00,63,23.0,6933.0,277.32,0.0,0.0
2025-12-21 06:30:00,63,23.0,6933.0,277.32,,
2025-12-21 06:45:00,65,25.0,6933.0,277.32,0.0,0.0
2025-12-21 07:00:00,67,27.0,6933.0,277.32,0.0,0.0
2025-12-21 07:15:00,66,26.0,6933.0,277.32,0.0,0.0
2025-12-21 07:30:00,62,22.0,6933.0,277.32,0.0,0.0
2025-12-21 07:45:00,68,28.0,6933.0,277.32,0.0,0.0
2025-12-21 08:00:00,62,22.0,6933.0,277.32,0.0,0.0
2025-12-21 08:15:00,66,26.0,6933.0,277.32,0.0,0.0
2025-12-21 08:30:00,63,23.0,6933.0,277.32,0.0,0.0
2025-12-21 08:45:00,62,,6933.0,277.32,0.0,0.0
2025-12-21 09:00:00,74,30.0,6933.0,277.32,0.0,0.0
2025-12-21 09:15:00,57,16.0,6933.0,277.32,0.0,0.0
2025-12-21 09:30:00,72,29.0,6933.0,277.32,,
2025-12-21 09:45:00,74,30.0,6933.0,277.32,0.0,0.0
2025-12-21 10:00:00,84,38.0,6933.0,277.32,0.0,0.0
2025-12-21 10:15:00,67,24.0,6933.0,277.32,0.0,0.0
2025-12-21 10:30:00,68,25.0,6933.0,277.32,0.0,0.0
2025-12-21 10:45:00,78,33.0,6933.0,277.32,0.0,0.0
2025-12-21 11:00:00,64,22.0,,277.32,0.0,0.0
2025-12-21 11:15:00,55,15.0,6933.0,277.32,0.0,0.0
2025-12-21 11:30:00,75,31.0,6933.0,277.32,0.0,0.0
2025-12-21 11:45:00,74,30.0,6933.0,277.32,0.0,0.0
2025-12-21 12:00:00,65,23.0,6933.0,277.32,0.0,0.0
2025-12-21 12:15:00,74,30.0,6933.0,277.32,0.0,0.0
2025-12-21 12:30:00,80,35.0,6933.0,277.32,0.0,0.0
2025-12-21 12:45:00,55,15.0,6933.0,277.32,0.0,0.0
2025-12-21 13:00:00,73,29.0,6933.0,277.32,0.0,0.0
2025-12-21 13:15:00,76,32.0,6933.0,277.32,0.0,0.0
2025-12-21 13:30:00,65,23.0,6933.0,277.32,0.0,0.0
2025-12-21 13:45:00,66,24.0,6933.0,277.32,0.0,0.0
2025-12-21 14:00:00,69,26.0,6933.0,277.32,0.0,0.0
2025-12-21 14:15:00,81,36.0,6933.0,277.32,0.0,0.0
2025-12-21 14:30:00,78,33.0,6933.0,277.32,0.0,0.0
2025-12-21 14:45:00,75,31.0,6933.0,277.32,0.0,0.0
2025-12-21 15:00:00,76,32.0,6933.0,277.32,0.0,0.0
2025-12-21 15:15:00,74,30.0,6933.0,277.32,0.0,0.0
2025-12-21 15:30:00,71,28.0,6933.0,277.32,0.0,0.0
2025-12-21 15:45:00,62,20.0,6933.0,277.32,,
2025-12-21 16:00:00,64,22.0,6933.0,277.32,0.0,0.0
2025-12-21 16:15:00,66,24.0,6933.0,277.32,0.0,0.0
2025-12-21 16:30:00,68,25.0,6933.0,277.32,0.0,0.0
2025-12-21 16:45:00,71,28.0,6933.0,277.32,0.0,0.0
2025-12-21 17:00:00,78,33.0,6933.0,277.32,0.0,0.0
2025-12-21 17:15:00,69,26.0,6933.0,277.32,,
2025-12-21 17:30:00,66,24.0,6933.0,277.32,0.0,0.0
2025-12-21 17:45:00,81,36.0,6933.0,277.32,0.0,0.0
2025-12-21 18:00:00,56,16.0,6933.0,277.32,0.0,0.0
2025-12-21 18:15:00,55,15.0,6933.0,277.32,0.0,0.0
2025-12-21 18:30:00,58,18.0,6933.0,277.32,0.0,0.0
2025-12-21 18:45:00,60,20.0,6933.0,277.32,0.0,0.0
2025-12-21 19:00:00,54,14.0,6933.0,277.32,0.0,0.0
2025-12-21 19:15:00,59,19.0,6933.0,277.32,0.0,0.0
2025-12-21 19:30:00,56,16.0,6933.0,277.32,0.0,0.0
2025-12-21 19:45:00,57,17.0,6933.0,277.32,0.0,0.0
2025-12-21 20:00:00,56,16.0,6933.0,277.32,0.0,0.0
2025-12-21 20:15:00,60,20.0,6933.0,277.32,0.0,0.0
2025-12-21 20:30:00,58,18.0,6933.0,277.32,0.0,0.0
2025-12-21 20:45:00,54,14.0,6933.0,277.32,0.0,0.0
2025-12-21 21:00:00,57,17.0,6933.0,277.32,0.0,0.0
2025-12-21 21:15:00,53,13.0,6933.0,277.32,0.0,0.0
2025-12-21 21:30:00,60,20.0,6933.0,277.32,0.0,0.0
2025-12-21 21:45:00,56,16.0,6933.0,277.32,0.0,0.0
2025-12-21 22:00:00,59,19.0,6933.0,277.32,13.22685223514281,0.22044753725238014
2025-12-21 22:15:00,58,18.0,6933.0,277.32,13.286873618138149,0.2214478936356358
2025-12-21 22:30:00,54,14.0,6933.0,277.32,15.348366214767537,0.25580610357945893
2025-12-21 22:45:00,57,17.0,6933.0,277.32,15.459921788097272,0.25766536313495453
2025-12-21 23:00:00,59,19.0,6933.0,277.32,16.02071027612341,0.2670118379353902
2025-12-21 23:15:00,60,20.0,6933.0,277.32,18.089264823204918,0.3014877470534153
2025-12-21 23:30:00,55,15.0,6933.0,277.32,17.96288286659722,0.29938138110995366
2025-12-21 23:45:00,60,20.0,6933.0,277.32,11.596678908911366,0.19327798181518943
2025-12-22 00:00:00,60,,6933.0,277.32,14.08626344700678,0.234771057450113
2025-12-22 00:15:00,58,18.0,6933.0,277.32,16.467677689687072,0.2744612948281179
2025-12-22 00:30:00,55,15.0,6933.0,277.32,15.913474944770785,0.2652245824128464
2025-12-22 00:45:00,58,18.0,6933.0,277.32,14.824817227443038,0.24708028712405064
2025-12-22 01:00:00,55,15.0,6933.0,277.32,17.694909110996264,0.2949151518499377
2025-12-22 01:15:00,59,19.0,6933.0,277.32,19.205736521677803,0.32009560869463005
2025-12-22 01:30:00,61,21.0,6933.0,277.32,13.311654814969344,0.2218609135828224
2025-12-22 01:45:00,55,15.0,6933.0,277.32,10.968930926169289,0.18281551543615482
2025-12-22 02:00:00,59,19.0,6933.0,277.32,15.508073714737929,0.25846789524563213
2025-12-22 02:15:00,56,16.0,6933.0,277.32,16.744247547945967,0.2790707924657661
2025-12-22 02:30:00,57,17.0,6933.0,277.32,11.310406268012922,0.18850677113354872
2025-12-22 02:45:00,57,17.0,6933.0,277.32,9.7349812706907,0.162249687844845
2025-12-22 03:00:00,59,19.0,6933.0,277.32,13.624762661562045,0.22707937769270076
2025-12-22 03:15:00,57,17.0,6933.0,277.32,12.220466744457012,0.2036744457409502
2025-12-22 03:30:00,59,19.0,6933.0,277.32,15.651421669207604,0.2608570278201267
2025-12-22 03:45:00,58,18.0,6933.0,277.32,17.2222316978034,0.28703719496339003
2025-12-22 04:00:00,57,17.0,6933.0,277.32,14.817330674226092,0.24695551123710152
2025-12-22 04:15:00,58,18.0,6933.0,277.32,18.87159404383079,0.3145265673971798
2025-12-22 04:30:00,57,17.0,6933.0,277.32,13.25532752485459,0.22092212541424316
2025-12-22 04:45:00,58,18.0,6933.0,277.32,13.454569331462976,0.2242428221910496
2025-12-22 05:00:00,55,15.0,6933.0,277.32,13.68341844996363,0.2280569741660605
2025-12-22 05:15:00,59,19.0,6933.0,277.32,17.293027922429406,0.2882171320404901
2025-12-22 05:30:00,58,18.0,6933.0,277.32,14.467580380889563,0.24112633968149272
2025-12-22 05:45:00,58,18.0,6933.0,277.32,13.836024141808688,0.23060040236347812
2025-12-22 06:00:00,55,15.0,4210.0,168.4,0.0,0.0
2025-12-22 06:15:00,52,12.0,4210.0,168.4,0.0,0.0
2025-12-22 06:30:00,54,14.0,4210.0,168.4,0.0,0.0
2025-12-22 06:45:00,53,13.0,4210.0,168.4,0.0,0.0
2025-12-22 07:00:00,54,14.0,4210.0,168.4,0.0,0.0
2025-12-22 07:15:00,51,11.0,4210.0,168.4,0.0,0.0
2025-12-22 07:30:00,53,13.0,4210.0,168.4,0.0,0.0
2025-12-22 07:45:00,54,14.0,4210.0,168.4,0.0,0.0
2025-12-22 08:00:00,54,14.0,4210.0,168.4,0.0,0.0
2025-12-22 08:15:00,54,14.0,4210.0,168.4,0.0,0.0
2025-12-22 08:30:00,54,14.0,,168.4,0.0,0.0
2025-12-22 08:45:00,53,13.0,4210.0,168.4,0.0,0.0
2025-12-22 09:00:00,64,22.0,4210.0,168.4,0.0,0.0
2025-12-22 09:15:00,69,26.0,4210.0,168.4,0.0,0.0
2025-12-22 09:30:00,66,24.0,4210.0,168.4,0.0,0.0
2025-12-22 09:45:00,89,,4210.0,168.4,0.0,0.0
2025-12-22 10:00:00,68,25.0,4210.0,168.4,0.0,0.0
2025-12-22 10:15:00,82,37.0,4210.0,168.4,0.0,0.0
2025-12-22 10:30:00,77,33.0,4210.0,168.4,0.0,0.0
2025-12-22 10:45:00,92,45.0,4210.0,168.4,0.0,0.0
2025-12-22 11:00:00,77,33.0,4210.0,168.4,0.0,0.0
2025-12-22 11:15:00,83,38.0,4210.0,168.4,0.0,0.0
2025-12-22 11:30:00,77,33.0,4210.0,168.4,0.0,0.0
2025-12-22 11:45:00,78,33.0,4210.0,168.4,0.0,0.0
2025-12-22 12:00:00,92,45.0,4210.0,168.4,0.0,0.0
2025-12-22 12:15:00,78,33.0,4210.0,168.4,0.0,0.0
2025-12-22 12:30:00,76,32.0,4210.0,168.4,0.0,0.0
2025-12-22 12:45:00,85,39.0,4210.0,168.4,0.0,0.0
2025-12-22 13:00:00,74,30.0,4210.0,168.4,0.0,0.0
2025-12-22 13:15:00,86,40.0,4210.0,168.4,0.0,0.0
2025-12-22 13:30:00,81,36.0,4210.0,,0.0,0.0
2025-12-22 13:45:00,80,35.0,4210.0,168.4,0.0,0.0
2025-12-22 14:00:00,36,5.0,4210.0,168.4,0.0,0.0
2025-12-22 14:15:00,36,5.0,4210.0,168.4,0.0,0.0
2025-12-22 14:30:00,37,6.0,4210.0,168.4,,
2025-12-22 14:45:00,78,33.0,4210.0,168.4,0.0,0.0
2025-12-22 15:00:00,81,36.0,4210.0,168.4,0.0,0.0
2025-12-22 15:15:00,72,29.0,4210.0,168.4,0.0,0.0
2025-12-22 15:30:00,88,42.0,4210.0,168.4,0.0,0.0
2025-12-22 15:45:00,82,37.0,4210.0,168.4,0.0,0.0
2025-12-22 16:00:00,75,31.0,4210.0,168.4,0.0,0.0
2025-12-22 16:15:00,71,28.0,4210.0,168.4,0.0,0.0
2025-12-22 16:30:00,71,28.0,4210.0,168.4,0.0,0.0
2025-12-22 16:45:00,66,24.0,4210.0,168.4,0.0,0.0
2025-12-22 17:00:00,82,37.0,,168.4,0.0,0.0
2025-12-22 17:15:00,80,35.0,4210.0,168.4,0.0,0.0
2025-12-22 17:30:00,70,27.0,4210.0,168.4,0.0,0.0
2025-12-22 17:45:00,75,31.0,4210.0,168.4,0.0,0.0
2025-12-22 18:00:00,59,,4210.0,168.4,0.0,0.0
2025-12-22 18:15:00,57,17.0,4210.0,168.4,0.0,0.0
2025-12-22 18:30:00,62,22.0,4210.0,168.4,0.0,0.0
2025-12-22 18:45:00,62,22.0,4210.0,168.4,0.0,0.0
2025-12-22 19:00:00,62,22.0,4210.0,168.4,0.0,0.0
2025-12-22 19:15:00,59,19.0,4210.0,168.4,0.0,0.0
2025-12-22 19:30:00,61,21.0,4210.0,168.4,0.0,0.0
2025-12-22 19:45:00,56,16.0,4210.0,168.4,0.0,0.0
2025-12-22 20:00:00,61,21.0,4210.0,168.4,0.0,0.0
2025-12-22 20:15:00,61,21.0,4210.0,168.4,0.0,0.0
2025-12-22 20:30:00,63,23.0,4210.0,168.4,0.0,0.0
2025-12-22 20:45:00,64,24.0,4210.0,168.4,0.0,0.0
2025-12-22 21:00:00,59,19.0,4210.0,168.4,,
2025-12-22 21:15:00,62,22.0,4210.0,168.4,0.0,0.0
2025-12-22 21:30:00,56,16.0,4210.0,168.4,0.0,0.0
2025-12-22 21:45:00,62,22.0,4210.0,168.4,0.0,0.0
2025-12-22 22:00:00,60,20.0,4210.0,168.4,15.436483133885297,0.2572747188980883
2025-12-22 22:15:00,64,24.0,4210.0,168.4,19.307983952040267,0.32179973253400446
2025-12-22 22:30:00,58,18.0,4210.0,168.4,17.780841759364723,0.2963473626560787
2025-12-22 22:45:00,63,23.0,4210.0,168.4,17.105002808665922,0.285083380144432
2025-12-22 23:00:00,58,18.0,4210.0,168.4,19.986200971596592,0.33310334952660986
2025-12-22 23:15:00,60,20.0,4210.0,168.4,17.299222694394302,0.28832037823990503
2025-12-22 23:30:00,60,,4210.0,168.4,20.229413231599608,0.3371568871933268
2025-12-22 23:45:00,60,20.0,4210.0,168.4,17.285833865371266,0.2880972310895211
2025-12-23 00:00:00,61,21.0,4210.0,168.4,17.86569521908197,0.2977615869846995
2025-12-23 00:15:00,61,21.0,4210.0,168.4,17.292258408701525,0.28820430681169207
2025-12-23 00:30:00,59,19.0,4210.0,168.4,15.366826739909168,0.25611377899848614
2025-12-23 00:45:00,59,19.0,4210.0,168.4,14.850279410292849,0.24750465683821415
2025-12-23 01:00:00,58,18.0,4210.0,168.4,17.167227762769237,0.2861204627128206
2025-12-23 01:15:00,60,20.0,4210.0,168.4,15.37123562789327,0.2561872604648878
2025-12-23 01:30:00,62,22.0,4210.0,168.4,14.439444260434087,0.24065740434056812
2025-12-23 01:45:00,64,24.0,,168.4,15.06075519553061,0.25101258659217685
2025-12-23 02:00:00,62,22.0,4210.0,168.4,16.44595002512321,0.27409916708538684
2025-12-23 02:15:00,59,19.0,4210.0,168.4,13.04372477893776,0.217395412982296
2025-12-23 02:30:00,62,22.0,4210.0,168.4,18.556004275911754,0.30926673793186255
2025-12-23 02:45:00,59,19.0,4210.0,168.4,21.417407060898523,0.3569567843483087
2025-12-23 03:00:00,61,21.0,4210.0,168.4,13.845186336923636,0.23075310561539392
2025-12-23 03:15:00,59,19.0,4210.0,168.4,16.968777142278093,0.28281295237130155
2025-12-23 03:30:00,62,22.0,4210.0,168.4,13.688366863498931,0.22813944772498218
2025-12-23 03:45:00,60,20.0,4210.0,168.4,19.631537287317073,0.3271922881219512
2025-12-23 04:00:00,60,20.0,4210.0,168.4,13.897427302444218,0.2316237883740703
2025-12-23 04:15:00,61,21.0,4210.0,168.4,18.438060564245525,0.3073010094040921
2025-12-23 04:30:00,54,14.0,4210.0,168.4,21.32119781106862,0.3553532968511437
2025-12-23 04:45:00,60,20.0,4210.0,168.4,17.063129861961485,0.2843854976993581
2025-12-23 05:00:00,59,19.0,4210.0,168.4,22.93825183330182,0.382304197221697
2025-12-23 05:15:00,62,22.0,4210.0,168.4,16.502904155927958,0.2750484025987993
2025-12-23 05:30:00,59,19.0,4210.0,168.4,13.45549085944917,0.2242581809908195
2025-12-23 05:45:00,65,25.0,4210.0,168.4,16.67051189242999,0.27784186487383317
2025-12-23 06:00:00,59,19.0,5097.0,203.88,0.0,0.0
2025-12-23 06:15:00,63,23.0,5097.0,203.88,0.0,0.0
2025-12-23 06:30:00,58,18.0,5097.0,203.88,0.0,0.0
2025-12-23 06:45:00,63,23.0,5097.0,203.88,0.0,0.0
2025-12-23 07:00:00,59,19.0,5097.0,203.88,0.0,0.0
2025-12-23 07:15:00,58,18.0,5097.0,203.88,0.0,0.0
2025-12-23 07:30:00,64,24.0,5097.0,,0.0,0.0
2025-12-23 07:45:00,59,19.0,5097.0,203.88,0.0,0.0
2025-12-23 08:00:00,59,19.0,5097.0,203.88,0.0,0.0
2025-12-23 08:15:00,64,24.0,5097.0,203.88,0.0,0.0
2025-12-23 08:30:00,60,20.0,5097.0,203.88,0.0,0.0
2025-12-23 08:45:00,59,19.0,5097.0,203.88,0.0,0.0
2025-12-23 09:00:00,79,34.0,5097.0,203.88,0.0,0.0
2025-12-23 09:15:00,68,25.0,5097.0,203.88,0.0,0.0
2025-12-23 09:30:00,87,41.0,5097.0,203.88,0.0,0.0
2025-12-23 09:45:00,90,43.0,5097.0,203.88,0.0,0.0
2025-12-23 10:00:00,80,35.0,5097.0,203.88,0.0,0.0
2025-12-23 10:15:00,82,37.0,5097.0,203.88,0.0,0.0
2025-12-23 10:30:00,87,41.0,5097.0,203.88,0.0,0.0
2025-12-23 10:45:00,93,46.0,5097.0,203.88,0.0,0.0
2025-12-23 11:00:00,76,32.0,5097.0,203.88,0.0,0.0
2025-12-23 11:15:00,94,47.0,5097.0,203.88,0.0,0.0
2025-12-23 11:30:00,80,35.0,5097.0,203.88,0.0,0.0
2025-12-23 11:45:00,89,43.0,5097.0,203.88,0.0,0.0
2025-12-23 12:00:00,88,42.0,5097.0,203.88,0.0,0.0
2025-12-23 12:15:00,81,36.0,5097.0,,0.0,0.0
2025-12-23 12:30:00,88,42.0,5097.0,203.88,0.0,0.0
2025-12-23 12:45:00,89,43.0,5097.0,203.88,0.0,0.0
2025-12-23 13:00:00,94,47.0,5097.0,203.88,0.0,0.0
2025-12-23 13:15:00,73,29.0,5097.0,203.88,0.0,0.0
2025-12-23 13:30:00,69,26.0,5097.0,203.88,0.0,0.0
2025-12-23 13:45:00,98,50.0,,203.88,0.0,0.0
2025-12-23 14:00:00,85,39.0,5097.0,203.88,0.0,0.0
2025-12-23 14:15:00,82,37.0,5097.0,203.88,0.0,0.0
2025-12-23 14:30:00,85,39.0,5097.0,203.88,,
2025-12-23 14:45:00,85,39.0,5097.0,203.88,0.0,0.0
2025-12-23 15:00:00,77,33.0,5097.0,203.88,0.0,0.0
2025-12-23 15:15:00,68,25.0,5097.0,203.88,0.0,0.0
2025-12-23 15:30:00,74,30.0,5097.0,203.88,0.0,0.0
2025-12-23 15:45:00,83,38.0,5097.0,203.88,0.0,0.0
2025-12-23 16:00:00,84,38.0,5097.0,203.88,0.0,0.0
2025-12-23 16:15:00,82,37.0,5097.0,203.88,0.0,0.0
2025-12-23 16:30:00,84,38.0,5097.0,203.88,0.0,0.0
2025-12-23 16:45:00,87,41.0,5097.0,203.88,0.0,0.0
2025-12-23 17:00:00,86,,5097.0,203.88,0.0,0.0
2025-12-23 17:15:00,90,43.0,5097.0,203.88,0.0,0.0
2025-12-23 17:30:00,79,34.0,5097.0,203.88,0.0,0.0
2025-12-23 17:45:00,92,45.0,5097.0,203.88,0.0,0.0
2025-12-23 18:00:00,58,18.0,5097.0,203.88,0.0,0.0
2025-12-23 18:15:00,59,19.0,5097.0,203.88,0.0,0.0
2025-12-23 18:30:00,58,18.0,5097.0,203.88,0.0,0.0
2025-12-23 18:45:00,60,20.0,5097.0,203.88,0.0,0.0
2025-12-23 19:00:00,61,21.0,5097.0,203.88,0.0,0.0
2025-12-23 19:15:00,62,22.0,,203.88,0.0,0.0
2025-12-23 19:30:00,55,15.0,5097.0,203.88,,
2025-12-23 19:45:00,58,18.0,5097.0,203.88,0.0,0.0
2025-12-23 20:00:00,56,16.0,5097.0,203.88,0.0,0.0
2025-12-23 20:15:00,55,15.0,5097.0,203.88,0.0,0.0
2025-12-23 20:30:00,61,21.0,5097.0,203.88,0.0,0.0
2025-12-23 20:45:00,59,19.0,5097.0,203.88,0.0,0.0
2025-12-23 21:00:00,55,15.0,5097.0,203.88,0.0,0.0
2025-12-23 21:15:00,58,18.0,5097.0,203.88,0.0,0.0
2025-12-23 21:30:00,62,22.0,5097.0,203.88,0.0,0.0
2025-12-23 21:45:00,56,16.0,5097.0,203.88,0.0,0.0
2025-12-23 22:00:00,59,19.0,,203.88,14.533615501669244,0.24222692502782073
2025-12-23 22:15:00,55,15.0,5097.0,203.88,,
2025-12-23 22:30:00,57,17.0,5097.0,203.88,10.58424924416911,0.17640415406948515
2025-12-23 22:45:00,58,18.0,5097.0,203.88,15.19819179649231,0.25330319660820516
2025-12-23 23:00:00,55,15.0,5097.0,203.88,12.813319174561949,0.2135553195760325
2025-12-23 23:15:00,57,17.0,5097.0,203.88,10.894264372063976,0.18157107286773294
2025-12-23 23:30:00,58,18.0,5097.0,203.88,18.67906410801978,0.311317735133663
2025-12-23 23:45:00,55,15.0,5097.0,203.88,14.238818137635752,0.23731363562726254
2025-12-24 00:00:00,56,16.0,5097.0,203.88,9.291166062196478,0.15485276770327464
2025-12-24 00:15:00,59,19.0,5097.0,203.88,16.946293153333983,0.28243821922223306
2025-12-24 00:30:00,56,16.0,5097.0,203.88,13.734433106151913,0.22890721843586523
2025-12-24 00:45:00,59,19.0,,203.88,10.205021379504855,0.17008368965841425
2025-12-24 01:00:00,57,17.0,5097.0,203.88,13.402736262038008,0.22337893770063347
2025-12-24 01:15:00,58,18.0,5097.0,203.88,17.509526276257745,0.2918254379376291
2025-12-24 01:30:00,60,20.0,5097.0,203.88,11.997938243765184,0.1999656373960864
2025-12-24 01:45:00,56,16.0,,203.88,10.087256732893511,0.16812094554822518
2025-12-24 02:00:00,57,17.0,5097.0,203.88,,
2025-12-24 02:15:00,58,18.0,5097.0,203.88,13.504133071918492,0.22506888453197488
2025-12-24 02:30:00,58,18.0,5097.0,203.88,11.807044169243024,0.19678406948738375
2025-12-24 02:45:00,57,17.0,5097.0,203.88,13.89055743787307,0.23150929063121783
2025-12-24 03:00:00,55,15.0,5097.0,203.88,13.932699619842593,0.2322116603307099
2025-12-24 03:15:00,57,17.0,5097.0,203.88,10.883404456803603,0.18139007428006007
2025-12-24 03:30:00,61,21.0,5097.0,203.88,13.350009658544916,0.2225001609757486
2025-12-24 03:45:00,60,20.0,5097.0,203.88,15.034842674534115,0.25058071124223524
2025-12-24 04:00:00,59,19.0,5097.0,203.88,14.74101184685033,0.24568353078083885
2025-12-24 04:15:00,60,20.0,5097.0,203.88,11.072422866534462,0.1845403811089077
2025-12-24 04:30:00,59,19.0,5097.0,203.88,10.975092811033814,0.18291821351723023
2025-12-24 04:45:00,60,20.0,5097.0,203.88,15.865520365293534,0.2644253394215589
2025-12-24 05:00:00,57,17.0,5097.0,203.88,,
2025-12-24 05:15:00,60,20.0,5097.0,203.88,14.179625727080996,0.23632709545134994
2025-12-24 05:30:00,60,20.0,5097.0,203.88,13.863263875931544,0.2310543979321924
2025-12-24 05:45:00,58,18.0,5097.0,203.88,17.26930278603523,0.2878217131005872
2025-12-24 06:00:00,64,24.0,15343.0,613.72,0.0,0.0
2025-12-24 06:15:00,63,23.0,15343.0,,0.0,0.0
2025-12-24 06:30:00,63,,15343.0,613.72,0.0,0.0
2025-12-24 06:45:00,66,26.0,15343.0,613.72,0.0,0.0
2025-12-24 07:00:00,65,25.0,15343.0,613.72,0.0,0.0
2025-12-24 07:15:00,67,27.0,15343.0,613.72,0.0,0.0
2025-12-24 07:30:00,62,22.0,15343.0,613.72,0.0,0.0
2025-12-24 07:45:00,63,23.0,15343.0,613.72,0.0,0.0
2025-12-24 08:00:00,60,20.0,15343.0,613.72,0.0,0.0
2025-12-24 08:15:00,66,26.0,15343.0,613.72,0.0,0.0
2025-12-24 08:30:00,62,22.0,15343.0,613.72,0.0,0.0
2025-12-24 08:45:00,64,24.0,15343.0,613.72,0.0,0.0
2025-12-24 09:00:00,87,41.0,15343.0,613.72,0.0,0.0
2025-12-24 09:15:00,77,33.0,15343.0,613.72,0.0,0.0
2025-12-24 09:30:00,68,25.0,15343.0,613.72,0.0,0.0
2025-12-24 09:45:00,85,39.0,15343.0,613.72,0.0,0.0
2025-12-24 10:00:00,65,23.0,15343.0,613.72,0.0,0.0
2025-12-24 10:15:00,93,46.0,15343.0,613.72,0.0,0.0
2025-12-24 10:30:00,81,36.0,15343.0,613.72,0.0,0.0
2025-12-24 10:45:00,75,31.0,15343.0,613.72,0.0,0.0
2025-12-24 11:00:00,88,42.0,15343.0,613.72,0.0,0.0
2025-12-24 11:15:00,94,47.0,15343.0,613.72,0.0,0.0
2025-12-24 11:30:00,74,30.0,15343.0,613.72,0.0,0.0
2025-12-24 11:45:00,74,30.0,15343.0,613.72,0.0,0.0
2025-12-24 12:00:00,77,33.0,15343.0,613.72,0.0,0.0
2025-12-24 12:15:00,81,36.0,15343.0,613.72,0.0,0.0
2025-12-24 12:30:00,73,,15343.0,613.72,,
2025-12-24 12:45:00,75,31.0,15343.0,613.72,0.0,0.0
2025-12-24 13:00:00,91,44.0,15343.0,613.72,0.0,0.0
2025-12-24 13:15:00,83,38.0,15343.0,613.72,0.0,0.0
2025-12-24 13:30:00,97,49.0,15343.0,613.72,,
2025-12-24 13:45:00,68,25.0,15343.0,613.72,0.0,0.0
2025-12-24 14:00:00,89,43.0,15343.0,613.72,0.0,0.0
2025-12-24 14:15:00,86,40.0,15343.0,613.72,0.0,0.0
2025-12-24 14:30:00,87,41.0,15343.0,613.72,0.0,0.0
2025-12-24 14:45:00,77,33.0,15343.0,613.72,0.0,0.0
2025-12-24 15:00:00,78,33.0,15343.0,613.72,0.0,0.0
2025-12-24 15:15:00,91,44.0,15343.0,613.72,0.0,0.0
2025-12-24 15:30:00,77,33.0,15343.0,613.72,0.0,0.0
2025-12-24 15:45:00,78,33.0,15343.0,613.72,0.0,0.0
2025-12-24 16:00:00,77,33.0,15343.0,613.72,0.0,0.0
2025-12-24 16:15:00,65,23.0,15343.0,613.72,0.0,0.0
2025-12-24 16:30:00,84,38.0,,613.72,0.0,0.0
2025-12-24 16:45:00,61,19.0,15343.0,613.72,0.0,0.0
2025-12-24 17:00:00,80,35.0,15343.0,613.72,0.0,0.0
2025-12-24 17:15:00,79,,15343.0,613.72,0.0,0.0
2025-12-24 17:30:00,70,27.0,15343.0,613.72,0.0,0.0
2025-12-24 17:45:00,77,33.0,15343.0,613.72,0.0,0.0
2025-12-24 18:00:00,71,31.0,15343.0,613.72,0.0,0.0
2025-12-24 18:15:00,68,28.0,15343.0,613.72,0.0,0.0
2025-12-24 18:30:00,66,26.0,15343.0,613.72,0.0,0.0
2025-12-24 18:45:00,67,27.0,,613.72,0.0,0.0
2025-12-24 19:00:00,68,28.0,15343.0,613.72,0.0,0.0
2025-12-24 19:15:00,65,25.0,15343.0,613.72,0.0,0.0
2025-12-24 19:30:00,68,28.0,15343.0,613.72,0.0,0.0
2025-12-24 19:45:00,66,26.0,15343.0,613.72,0.0,0.0
2025-12-24 20:00:00,70,30.0,15343.0,613.72,0.0,0.0
2025-12-24 20:15:00,67,,15343.0,613.72,0.0,0.0
2025-12-24 20:30:00,70,,,,0.0,0.0
2025-12-24 20:45:00,68,28.0,15343.0,613.72,0.0,0.0
2025-12-24 21:00:00,65,25.0,15343.0,613.72,,
2025-12-24 21:15:00,67,27.0,15343.0,613.72,0.0,0.0
2025-12-24 21:30:00,69,29.0,15343.0,613.72,0.0,0.0
2025-12-24 21:45:00,70,30.0,15343.0,613.72,0.0,0.0
2025-12-24 22:00:00,68,28.0,15343.0,613.72,18.832444851694557,0.313874080861576
2025-12-24 22:15:00,66,26.0,15343.0,613.72,13.844124217150508,0.23073540361917513
2025-12-24 22:30:00,70,30.0,15343.0,613.72,,
2025-12-24 22:45:00,68,28.0,15343.0,613.72,16.06100278771663,0.2676833797952772
2025-12-24 23:00:00,68,28.0,15343.0,613.72,15.8187146669446,0.26364524444907667
2025-12-24 23:15:00,68,28.0,15343.0,613.72,13.499304947170957,0.22498841578618262
2025-12-24 23:30:00,68,28.0,15343.0,613.72,17.166166990189343,0.28610278316982235
2025-12-24 23:45:00,73,33.0,15343.0,613.72,14.486790417448647,0.24144650695747746
2025-12-25 00:00:00,66,26.0,15343.0,613.72,12.170394355339184,0.20283990592231974
2025-12-25 00:15:00,66,26.0,15343.0,613.72,14.317915384963321,0.23863192308272202
2025-12-25 00:30:00,70,30.0,15343.0,613.72,14.939730965867101,0.248995516097785
2025-12-25 00:45:00,66,26.0,,613.72,16.10113008852096,0.268352168142016
2025-12-25 01:00:00,71,31.0,15343.0,613.72,,
2025-12-25 01:15:00,70,30.0,15343.0,613.72,18.93933285302566,0.3156555475504277
2025-12-25 01:30:00,68,28.0,15343.0,613.72,15.921607835783968,0.26536013059639946
2025-12-25 01:45:00,69,29.0,15343.0,613.72,16.902820940046908,0.28171368233411515
2025-12-25 02:00:00,71,31.0,15343.0,613.72,16.68910180260638,0.27815169671010637
2025-12-25 02:15:00,72,32.0,15343.0,613.72,14.902572855462072,0.2483762142577012
2025-12-25 02:30:00,65,25.0,15343.0,613.72,,
2025-12-25 02:45:00,68,28.0,15343.0,613.72,19.791209644081672,0.3298534940680279
2025-12-25 03:00:00,69,29.0,15343.0,613.72,15.059288572967164,0.2509881428827861
2025-12-25 03:15:00,69,29.0,15343.0,613.72,19.84193936194245,0.3306989893657075
2025-12-25 03:30:00,70,30.0,15343.0,613.72,11.073248605195028,0.18455414341991713
2025-12-25 03:45:00,65,25.0,15343.0,613.72,17.249437351647643,0.2874906225274607
2025-12-25 04:00:00,70,30.0,15343.0,613.72,15.647612154723431,0.2607935359120572
2025-12-25 04:15:00,69,29.0,15343.0,613.72,12.584669421636674,0.20974449036061124
2025-12-25 04:30:00,66,26.0,15343.0,613.72,16.311572639363618,0.27185954398939366
2025-12-25 04:45:00,67,27.0,15343.0,613.72,16.083499544307735,0.2680583257384622
2025-12-25 05:00:00,67,27.0,15343.0,613.72,13.924498913031687,0.23207498188386147
2025-12-25 05:15:00,69,29.0,15343.0,613.72,,
2025-12-25 05:30:00,67,27.0,,613.72,15.540264305483577,0.25900440509139294
2025-12-25 05:45:00,69,29.0,15343.0,613.72,13.790206145012645,0.22983676908354408
2025-12-25 06:00:00,69,29.0,6437.0,257.48,0.0,0.0
2025-12-25 06:15:00,68,28.0,6437.0,257.48,0.0,0.0
2025-12-25 06:30:00,69,29.0,6437.0,257.48,0.0,0.0
2025-12-25 06:45:00,65,25.0,6437.0,257.48,0.0,0.0
2025-12-25 07:00:00,65,25.0,6437.0,257.48,0.0,0.0
2025-12-25 07:15:00,64,24.0,6437.0,257.48,0.0,0.0
2025-12-25 07:30:00,66,26.0,6437.0,257.48,0.0,0.0
2025-12-25 07:45:00,68,28.0,6437.0,257.48,0.0,0.0
2025-12-25 08:00:00,67,27.0,6437.0,,0.0,0.0
2025-12-25 08:15:00,66,26.0,6437.0,257.48,,
2025-12-25 08:30:00,62,22.0,6437.0,257.48,0.0,0.0
2025-12-25 08:45:00,65,,6437.0,257.48,0.0,0.0
2025-12-25 09:00:00,71,28.0,6437.0,257.48,0.0,0.0
2025-12-25 09:15:00,83,38.0,6437.0,257.48,0.0,0.0
2025-12-25 09:30:00,88,42.0,6437.0,257.48,0.0,0.0
2025-12-25 09:45:00,66,24.0,6437.0,257.48,0.0,0.0
2025-12-25 10:00:00,82,37.0,6437.0,257.48,0.0,0.0
2025-12-25 10:15:00,86,40.0,6437.0,257.48,0.0,0.0
2025-12-25 10:30:00,75,31.0,6437.0,257.48,0.0,0.0
2025-12-25 10:45:00,65,23.0,6437.0,257.48,0.0,0.0
2025-12-25 11:00:00,82,37.0,6437.0,257.48,0.0,0.0
2025-12-25 11:15:00,79,34.0,6437.0,257.48,0.0,0.0
2025-12-25 11:30:00,85,39.0,6437.0,257.48,0.0,0.0
2025-12-25 11:45:00,77,33.0,6437.0,257.48,0.0,0.0
2025-12-25 12:00:00,66,24.0,6437.0,257.48,0.0,0.0
2025-12-25 12:15:00,83,38.0,6437.0,257.48,0.0,0.0
2025-12-25 12:30:00,82,37.0,6437.0,257.48,0.0,0.0
2025-12-25 12:45:00,87,41.0,6437.0,257.48,0.0,0.0
2025-12-25 13:00:00,76,32.0,6437.0,257.48,0.0,0.0
2025-12-25 13:15:00,94,47.0,6437.0,257.48,0.0,0.0
2025-12-25 13:30:00,67,24.0,6437.0,257.48,0.0,0.0
2025-12-25 13:45:00,74,30.0,6437.0,257.48,0.0,0.0
2025-12-25 14:00:00,94,47.0,6437.0,257.48,0.0,0.0
2025-12-25 14:15:00,88,42.0,6437.0,257.48,,
2025-12-25 14:30:00,70,27.0,6437.0,257.48,0.0,0.0
2025-12-25 14:45:00,74,30.0,6437.0,257.48,0.0,0.0
2025-12-25 15:00:00,85,39.0,6437.0,257.48,0.0,0.0
2025-12-25 15:15:00,71,28.0,6437.0,257.48,0.0,0.0
2025-12-25 15:30:00,70,27.0,6437.0,257.48,0.0,0.0
2025-12-25 15:45:00,86,40.0,6437.0,257.48,0.0,0.0
2025-12-25 16:00:00,66,24.0,6437.0,,0.0,0.0
2025-12-25 16:15:00,85,39.0,6437.0,257.48,0.0,0.0
2025-12-25 16:30:00,82,37.0,6437.0,257.48,0.0,0.0
2025-12-25 16:45:00,70,27.0,6437.0,257.48,0.0,0.0
2025-12-25 17:00:00,76,32.0,6437.0,257.48,0.0,0.0
2025-12-25 17:15:00,80,35.0,6437.0,257.48,0.0,0.0
2025-12-25 17:30:00,79,34.0,6437.0,257.48,0.0,0.0
2025-12-25 17:45:00,65,23.0,6437.0,257.48,0.0,0.0
2025-12-25 18:00:00,54,14.0,6437.0,257.48,0.0,0.0
2025-12-25 18:15:00,56,16.0,6437.0,257.48,0.0,0.0
2025-12-25 18:30:00,55,15.0,6437.0,257.48,0.0,0.0
2025-12-25 18:45:00,54,14.0,6437.0,257.48,0.0,0.0
2025-12-25 19:00:00,56,16.0,6437.0,257.48,0.0,0.0
2025-12-25 19:15:00,54,14.0,6437.0,257.48,0.0,0.0
2025-12-25 19:30:00,54,14.0,6437.0,257.48,0.0,0.0
2025-12-25 19:45:00,51,11.0,6437.0,257.48,,
2025-12-25 20:00:00,53,13.0,6437.0,257.48,0.0,0.0
2025-12-25 20:15:00,53,,6437.0,257.48,0.0,0.0
2025-12-25 20:30:00,53,13.0,6437.0,257.48,0.0,0.0
2025-12-25 20:45:00,56,16.0,6437.0,257.48,0.0,0.0
2025-12-25 21:00:00,50,10.0,6437.0,257.48,0.0,0.0
2025-12-25 21:15:00,52,12.0,6437.0,257.48,0.0,0.0
2025-12-25 21:30:00,52,12.0,6437.0,257.48,0.0,0.0
2025-12-25 21:45:00,58,18.0,6437.0,257.48,0.0,0.0
2025-12-25 22:00:00,54,,6437.0,257.48,13.614229497873243,0.22690382496455405
2025-12-25 22:15:00,53,13.0,6437.0,257.48,12.523084441158291,0.20871807401930484
2025-12-25 22:30:00,51,11.0,6437.0,257.48,11.372414955933138,0.1895402492655523
2025-12-25 22:45:00,56,16.0,6437.0,257.48,13.680564553864654,0.22800940923107757
2025-12-25 23:00:00,54,,6437.0,257.48,16.24860177352148,0.2708100295586913
2025-12-25 23:15:00,56,16.0,6437.0,257.48,14.228564377522307,0.23714273962537177
2025-12-25 23:30:00,53,13.0,6437.0,257.48,15.47977552812225,0.2579962588020375
2025-12-25 23:45:00,54,14.0,6437.0,257.48,19.773289539535327,0.32955482565892213
2025-12-26 00:00:00,51,11.0,6437.0,257.48,14.870350961758138,0.24783918269596897
2025-12-26 00:15:00,55,15.0,6437.0,257.48,14.331009386283943,0.23885015643806573
2025-12-26 00:30:00,53,13.0,6437.0,257.48,16.830751340713835,0.2805125223452306
2025-12-26 00:45:00,55,15.0,,257.48,10.063478894073848,0.16772464823456412
2025-12-26 01:00:00,53,13.0,6437.0,,14.611644993547856,0.24352741655913093
2025-12-26 01:15:00,55,15.0,6437.0,257.48,11.33374404267908,0.18889573404465132
2025-12-26 01:30:00,55,15.0,6437.0,257.48,11.668248723346172,0.19447081205576955
2025-12-26 01:45:00,54,14.0,,257.48,15.640286178765363,0.2606714363127561
2025-12-26 02:00:00,54,14.0,6437.0,257.48,13.573045453046277,0.22621742421743793
2025-12-26 02:15:00,53,13.0,6437.0,257.48,14.779402688968334,0.24632337814947222
2025-12-26 02:30:00,57,17.0,6437.0,257.48,16.71003208801538,0.2785005348002564
2025-12-26 02:45:00,56,16.0,6437.0,257.48,9.124708072470376,0.15207846787450627
2025-12-26 03:00:00,54,14.0,6437.0,257.48,17.046144380046556,0.28410240633410927
2025-12-26 03:15:00,53,13.0,6437.0,257.48,11.896355050441647,0.19827258417402746
2025-12-26 03:30:00,54,14.0,6437.0,257.48,15.142787089690838,0.25237978482818063
2025-12-26 03:45:00,57,17.0,6437.0,257.48,13.166262811876027,0.21943771353126712
2025-12-26 04:00:00,56,16.0,6437.0,257.48,13.081100339480276,0.21801833899133793
2025-12-26 04:15:00,56,16.0,6437.0,257.48,17.96206191724505,0.29936769862075086
2025-12-26 04:30:00,53,13.0,6437.0,257.48,17.107429134747676,0.28512381891246125
2025-12-26 04:45:00,54,14.0,6437.0,257.48,18.036419932005654,0.3006069988667609
2025-12-26 05:00:00,53,13.0,6437.0,257.48,15.185145754484905,0.2530857625747484
2025-12-26 05:15:00,51,11.0,6437.0,257.48,11.148327424905606,0.1858054570817601
2025-12-26 05:30:00,53,13.0,6437.0,257.48,13.768835008937115,0.22948058348228526
2025-12-26 05:45:00,52,12.0,6437.0,257.48,12.960252614696715,0.21600421024494526
2025-12-26 06:00:00,61,21.0,9548.0,381.92,0.0,0.0
2025-12-26 06:15:00,64,24.0,9548.0,381.92,0.0,0.0
2025-12-26 06:30:00,61,21.0,9548.0,381.92,0.0,0.0
2025-12-26 06:45:00,63,23.0,9548.0,,0.0,0.0
2025-12-26 07:00:00,67,27.0,9548.0,381.92,0.0,0.0
2025-12-26 07:15:00,65,25.0,9548.0,381.92,0.0,0.0
2025-12-26 07:30:00,62,22.0,9548.0,381.92,0.0,0.0
2025-12-26 07:45:00,65,25.0,9548.0,381.92,0.0,0.0
2025-12-26 08:00:00,62,22.0,9548.0,381.92,0.0,0.0
2025-12-26 08:15:00,64,24.0,9548.0,381.92,0.0,0.0
2025-12-26 08:30:00,63,23.0,9548.0,381.92,0.0,0.0
2025-12-26 08:45:00,64,24.0,9548.0,,0.0,0.0
2025-12-26 09:00:00,78,33.0,9548.0,381.92,0.0,0.0
2025-12-26 09:15:00,84,38.0,9548.0,381.92,0.0,0.0
2025-12-26 09:30:00,70,27.0,9548.0,381.92,0.0,0.0
2025-12-26 09:45:00,91,44.0,9548.0,381.92,0.0,0.0
2025-12-26 10:00:00,77,33.0,9548.0,381.92,0.0,0.0
2025-12-26 10:15:00,85,39.0,9548.0,381.92,0.0,0.0
2025-12-26 10:30:00,84,38.0,9548.0,381.92,0.0,0.0
2025-12-26 10:45:00,80,35.0,9548.0,381.92,0.0,0.0
2025-12-26 11:00:00,81,36.0,9548.0,381.92,0.0,0.0
2025-12-26 11:15:00,81,36.0,9548.0,381.92,0.0,0.0
2025-12-26 11:30:00,73,29.0,9548.0,381.92,0.0,0.0
2025-12-26 11:45:00,76,32.0,9548.0,381.92,0.0,0.0
2025-12-26 12:00:00,64,22.0,9548.0,381.92,0.0,0.0
2025-12-26 12:15:00,75,31.0,9548.0,381.92,0.0,0.0
2025-12-26 12:30:00,67,24.0,9548.0,381.92,0.0,0.0
2025-12-26 12:45:00,85,39.0,9548.0,381.92,0.0,0.0
2025-12-26 13:00:00,68,25.0,9548.0,381.92,0.0,0.0
2025-12-26 13:15:00,73,29.0,9548.0,381.92,0.0,0.0
2025-12-26 13:30:00,74,30.0,9548.0,381.92,0.0,0.0
2025-12-26 13:45:00,70,27.0,9548.0,381.92,0.0,0.0
2025-12-26 14:00:00,83,38.0,9548.0,381.92,0.0,0.0
2025-12-26 14:15:00,83,,9548.0,381.92,0.0,0.0
2025-12-26 14:30:00,72,29.0,9548.0,381.92,,
2025-12-26 14:45:00,77,33.0,9548.0,381.92,0.0,0.0
2025-12-26 15:00:00,98,50.0,9548.0,381.92,0.0,0.0
2025-12-26 15:15:00,90,43.0,9548.0,381.92,0.0,0.0
2025-12-26 15:30:00,76,32.0,9548.0,,0.0,0.0
2025-12-26 15:45:00,87,41.0,9548.0,381.92,0.0,0.0
2025-12-26 16:00:00,67,24.0,9548.0,381.92,0.0,0.0
2025-12-26 16:15:00,86,40.0,9548.0,381.92,0.0,0.0
2025-12-26 16:30:00,75,31.0,9548.0,381.92,0.0,0.0
2025-12-26 16:45:00,82,37.0,9548.0,381.92,0.0,0.0
2025-12-26 17:00:00,71,28.0,9548.0,381.92,0.0,0.0
2025-12-26 17:15:00,82,37.0,9548.0,381.92,0.0,0.0
2025-12-26 17:30:00,84,38.0,9548.0,381.92,0.0,0.0
2025-12-26 17:45:00,88,42.0,9548.0,381.92,0.0,0.0
2025-12-26 18:00:00,60,20.0,9548.0,381.92,0.0,0.0
2025-12-26 18:15:00,62,22.0,9548.0,381.92,0.0,0.0
2025-12-26 18:30:00,59,19.0,9548.0,381.92,0.0,0.0
2025-12-26 18:45:00,61,21.0,9548.0,381.92,0.0,0.0
2025-12-26 19:00:00,62,22.0,9548.0,,0.0,0.0
2025-12-26 19:15:00,67,27.0,9548.0,381.92,0.0,0.0
2025-12-26 19:30:00,66,26.0,9548.0,381.92,0.0,0.0
2025-12-26 19:45:00,67,27.0,9548.0,381.92,0.0,0.0
2025-12-26 20:00:00,64,24.0,9548.0,381.92,0.0,0.0
2025-12-26 20:15:00,64,24.0,9548.0,381.92,0.0,0.0
2025-12-26 20:30:00,67,27.0,9548.0,381.92,0.0,0.0
2025-12-26 20:45:00,67,27.0,9548.0,381.92,0.0,0.0
2025-12-26 21:00:00,65,25.0,9548.0,381.92,0.0,0.0
2025-12-26 21:15:00,62,22.0,9548.0,381.92,0.0,0.0
2025-12-26 21:30:00,66,26.0,9548.0,381.92,0.0,0.0
2025-12-26 21:45:00,65,25.0,9548.0,381.92,0.0,0.0
2025-12-26 22:00:00,67,27.0,,381.92,10.400152884927197,0.17333588141545328
2025-12-26 22:15:00,65,25.0,9548.0,381.92,14.726099977310152,0.24543499962183588
2025-12-26 22:30:00,67,27.0,9548.0,381.92,15.694173530444012,0.2615695588407335
2025-12-26 22:45:00,63,23.0,9548.0,381.92,11.349517787140112,0.18915862978566853
2025-12-26 23:00:00,65,25.0,9548.0,381.92,16.804270366919308,0.28007117278198845
2025-12-26 23:15:00,65,25.0,9548.0,381.92,15.738974377435303,0.2623162396239217
2025-12-26 23:30:00,65,25.0,9548.0,381.92,10.603624906011193,0.17672708176685323
2025-12-26 23:45:00,66,26.0,9548.0,381.92,11.915261152992858,0.19858768588321432
2025-12-27 00:00:00,66,26.0,9548.0,381.92,14.540121159358263,0.24233535265597103
2025-12-27 00:15:00,63,23.0,9548.0,,10.628508085026226,0.17714180141710376
2025-12-27 00:30:00,68,28.0,9548.0,381.92,17.34080295456964,0.28901338257616066
2025-12-27 00:45:00,66,26.0,9548.0,381.92,17.30303207333994,0.288383867888999
2025-12-27 01:00:00,67,27.0,9548.0,381.92,14.095535540304958,0.23492559233841598
2025-12-27 01:15:00,64,24.0,9548.0,381.92,16.130272070269637,0.26883786783782726
2025-12-27 01:30:00,66,26.0,9548.0,381.92,14.271920581434003,0.23786534302390006
2025-12-27 01:45:00,63,23.0,9548.0,381.92,12.969506247847415,0.21615843746412358
2025-12-27 02:00:00,62,22.0,9548.0,381.92,13.128870971780733,0.21881451619634557
2025-12-27 02:15:00,64,24.0,9548.0,381.92,14.680131511551759,0.24466885852586265
2025-12-27 02:30:00,64,24.0,9548.0,381.92,13.629809140227183,0.22716348567045305
2025-12-27 02:45:00,66,26.0,9548.0,381.92,13.982274313415155,0.23303790522358592
2025-12-27 03:00:00,67,27.0,9548.0,381.92,11.91296996083156,0.19854949934719268
2025-12-27 03:15:00,64,24.0,9548.0,381.92,,
2025-12-27 03:30:00,63,23.0,9548.0,381.92,11.480492674943253,0.19134154458238756
2025-12-27 03:45:00,66,26.0,9548.0,381.92,10.21647165973705,0.17027452766228415
2025-12-27 04:00:00,65,25.0,9548.0,381.92,14.602038389531955,0.24336730649219926
2025-12-27 04:15:00,65,25.0,9548.0,381.92,14.484899334868453,0.24141498891447422
2025-12-27 04:30:00,64,24.0,9548.0,381.92,11.728054439537935,0.19546757399229892
2025-12-27 04:45:00,64,24.0,9548.0,381.92,17.13306440854751,0.28555107347579184
2025-12-27 05:00:00,66,26.0,9548.0,381.92,11.329762602090927,0.18882937670151545
2025-12-27 05:15:00,66,26.0,9548.0,381.92,11.906026463620634,0.19843377439367724
2025-12-27 05:30:00,63,23.0,9548.0,381.92,16.28965000784573,0.2714941667974288
2025-12-27 05:45:00,65,25.0,9548.0,381.92,13.277305832860959,0.22128843054768266
2025-12-27 06:00:00,65,,5532.0,221.28,0.0,0.0
2025-12-27 06:15:00,58,18.0,,221.28,0.0,0.0
2025-12-27 06:30:00,62,22.0,5532.0,221.28,0.0,0.0
2025-12-27 06:45:00,59,19.0,5532.0,221.28,0.0,0.0
2025-12-27 07:00:00,64,24.0,5532.0,221.28,0.0,0.0
2025-12-27 07:15:00,58,18.0,5532.0,221.28,0.0,0.0
2025-12-27 07:30:00,64,24.0,,221.28,0.0,0.0
2025-12-27 07:45:00,60,20.0,5532.0,221.28,0.0,0.0
2025-12-27 08:00:00,62,22.0,5532.0,221.28,0.0,0.0
2025-12-27 08:15:00,60,20.0,5532.0,221.28,0.0,0.0
2025-12-27 08:30:00,61,21.0,5532.0,221.28,0.0,0.0
2025-12-27 08:45:00,58,18.0,5532.0,221.28,0.0,0.0
2025-12-27 09:00:00,83,38.0,5532.0,221.28,0.0,0.0
2025-12-27 09:15:00,67,24.0,5532.0,221.28,0.0,0.0
2025-12-27 09:30:00,87,,5532.0,221.28,0.0,0.0
2025-12-27 09:45:00,72,29.0,5532.0,221.28,0.0,0.0
2025-12-27 10:00:00,62,20.0,5532.0,221.28,0.0,0.0
2025-12-27 10:15:00,61,19.0,5532.0,,0.0,0.0
2025-12-27 10:30:00,67,24.0,5532.0,221.28,0.0,0.0
2025-12-27 10:45:00,81,36.0,5532.0,221.28,0.0,0.0
2025-12-27 11:00:00,61,19.0,5532.0,221.28,0.0,0.0
2025-12-27 11:15:00,74,30.0,5532.0,221.28,0.0,0.0
2025-12-27 11:30:00,66,24.0,5532.0,221.28,0.0,0.0
2025-12-27 11:45:00,60,19.0,5532.0,221.28,0.0,0.0
2025-12-27 12:00:00,67,24.0,5532.0,221.28,0.0,0.0
2025-12-27 12:15:00,83,38.0,5532.0,221.28,0.0,0.0
2025-12-27 12:30:00,63,21.0,5532.0,221.28,0.0,0.0
2025-12-27 12:45:00,63,21.0,5532.0,221.28,0.0,0.0
2025-12-27 13:00:00,64,22.0,5532.0,221.28,0.0,0.0
2025-12-27 13:15:00,76,32.0,5532.0,221.28,0.0,0.0
2025-12-27 13:30:00,55,15.0,5532.0,221.28,0.0,0.0
2025-12-27 13:45:00,69,26.0,5532.0,221.28,0.0,0.0
2025-12-27 14:00:00,74,30.0,,221.28,0.0,0.0
2025-12-27 14:15:00,67,24.0,5532.0,221.28,0.0,0.0
2025-12-27 14:30:00,62,20.0,5532.0,221.28,0.0,0.0
2025-12-27 14:45:00,75,31.0,5532.0,221.28,0.0,0.0
2025-12-27 15:00:00,87,41.0,5532.0,221.28,0.0,0.0
2025-12-27 15:15:00,62,20.0,5532.0,221.28,0.0,0.0
2025-12-27 15:30:00,72,29.0,5532.0,221.28,0.0,0.0
2025-12-27 15:45:00,58,17.0,5532.0,221.28,0.0,0.0
2025-12-27 16:00:00,74,30.0,5532.0,221.28,0.0,0.0
2025-12-27 16:15:00,67,24.0,5532.0,221.28,0.0,0.0
2025-12-27 16:30:00,67,24.0,5532.0,221.28,0.0,0.0
2025-12-27 16:45:00,62,20.0,5532.0,221.28,0.0,0.0
2025-12-27 17:00:00,60,19.0,5532.0,221.28,0.0,0.0
2025-12-27 17:15:00,60,19.0,5532.0,221.28,0.0,0.0
2025-12-27 17:30:00,64,22.0,5532.0,221.28,0.0,0.0
2025-12-27 17:45:00,67,24.0,5532.0,221.28,0.0,0.0
2025-12-27 18:00:00,62,22.0,5532.0,221.28,0.0,0.0
2025-12-27 18:15:00,69,29.0,5532.0,221.28,0.0,0.0
2025-12-27 18:30:00,62,22.0,5532.0,221.28,0.0,0.0
2025-12-27 18:45:00,63,23.0,5532.0,221.28,0.0,0.0
2025-12-27 19:00:00,62,22.0,5532.0,221.28,0.0,0.0
2025-12-27 19:15:00,61,21.0,5532.0,221.28,,
2025-12-27 19:30:00,61,21.0,5532.0,221.28,0.0,0.0
2025-12-27 19:45:00,60,20.0,5532.0,221.28,0.0,0.0
2025-12-27 20:00:00,64,24.0,5532.0,221.28,0.0,0.0
2025-12-27 20:15:00,61,21.0,5532.0,221.28,0.0,0.0
2025-12-27 20:30:00,61,21.0,,221.28,0.0,0.0
2025-12-27 20:45:00,62,22.0,5532.0,221.28,0.0,0.0
2025-12-27 21:00:00,63,23.0,5532.0,221.28,0.0,0.0
2025-12-27 21:15:00,66,26.0,5532.0,221.28,0.0,0.0
2025-12-27 21:30:00,62,,5532.0,221.28,0.0,0.0
2025-12-27 21:45:00,62,22.0,5532.0,221.28,0.0,0.0
2025-12-27 22:00:00,63,23.0,5532.0,221.28,10.718016893511724,0.17863361489186205
2025-12-27 22:15:00,61,21.0,5532.0,221.28,13.131290677411192,0.21885484462351987
2025-12-27 22:30:00,59,19.0,5532.0,221.28,14.079961307874552,0.23466602179790919
2025-12-27 22:45:00,65,25.0,5532.0,221.28,14.200423354617854,0.23667372257696423
2025-12-27 23:00:00,63,23.0,5532.0,221.28,13.01907439954349,0.21698457332572482
2025-12-27 23:15:00,66,26.0,5532.0,221.28,18.293296396120496,0.30488827326867496
2025-12-27 23:30:00,65,25.0,5532.0,221.28,11.201157914754292,0.18668596524590486
2025-12-27 23:45:00,61,21.0,5532.0,221.28,14.127761441209964,0.23546269068683273
2025-12-28 00:00:00,65,25.0,5532.0,221.28,,
2025-12-28 00:15:00,63,23.0,5532.0,221.28,15.39572356334029,0.25659539272233817
2025-12-28 00:30:00,59,19.0,5532.0,221.28,15.089704765229586,0.2514950794204931
2025-12-28 00:45:00,61,21.0,5532.0,,11.539897553323959,0.19233162588873265
2025-12-28 01:00:00,64,24.0,5532.0,221.28,12.816983144147486,0.21361638573579142
2025-12-28 01:15:00,66,26.0,5532.0,221.28,11.920693246792633,0.1986782207798772
2025-12-28 01:30:00,61,21.0,5532.0,221.28,15.837152169555228,0.2639525361592538
2025-12-28 01:45:00,59,19.0,5532.0,221.28,15.23219675102885,0.25386994585048084
2025-12-28 02:00:00,61,21.0,5532.0,221.28,13.644014484428563,0.2274002414071427
2025-12-28 02:15:00,64,24.0,5532.0,221.28,11.513978401884879,0.19189964003141466
2025-12-28 02:30:00,64,24.0,5532.0,221.28,18.201030371878556,0.30335050619797593
2025-12-28 02:45:00,64,24.0,5532.0,221.28,11.983275688862747,0.1997212614810458
2025-12-28 03:00:00,62,22.0,5532.0,221.28,13.411811355846915,0.22353018926411525
2025-12-28 03:15:00,59,19.0,5532.0,221.28,13.104060308127648,0.21840100513546082
2025-12-28 03:30:00,66,26.0,5532.0,221.28,14.775046016391254,0.24625076693985423
2025-12-28 03:45:00,61,21.0,5532.0,221.28,13.68676466108633,0.22811274435143886
2025-12-28 04:00:00,66,26.0,5532.0,221.28,20.887636825850226,0.3481272804308371
2025-12-28 04:15:00,65,25.0,5532.0,221.28,13.987323122625554,0.23312205204375924
2025-12-28 04:30:00,62,22.0,5532.0,221.28,,
2025-12-28 04:45:00,62,22.0,5532.0,221.28,13.311774341786931,0.22186290569644884
2025-12-28 05:00:00,65,25.0,5532.0,221.28,13.136990634835424,0.21894984391392375
2025-12-28 05:15:00,65,25.0,5532.0,221.28,13.812069521301426,0.2302011586883571
2025-12-28 05:30:00,60,20.0,5532.0,221.28,14.705624653607476,0.24509374422679125
2025-12-28 05:45:00,62,22.0,5532.0,221.28,14.829131746757302,0.24715219577928835
2025-12-28 06:00:00,62,22.0,11155.0,446.2,0.0,0.0
2025-12-28 06:15:00,62,22.0,11155.0,446.2,0.0,0.0
2025-12-28 06:30:00,58,18.0,11155.0,446.2,0.0,0.0
2025-12-28 06:45:00,63,23.0,11155.0,446.2,,
2025-12-28 07:00:00,66,26.0,11155.0,446.2,0.0,0.0
2025-12-28 07:15:00,61,21.0,11155.0,446.2,0.0,0.0
2025-12-28 07:30:00,64,24.0,11155.0,446.2,0.0,0.0
2025-12-28 07:45:00,61,,11155.0,446.2,0.0,0.0
2025-12-28 08:00:00,64,24.0,11155.0,446.2,0.0,0.0
2025-12-28 08:15:00,62,22.0,11155.0,446.2,0.0,0.0
2025-12-28 08:30:00,69,29.0,11155.0,446.2,0.0,0.0
2025-12-28 08:45:00,59,19.0,11155.0,446.2,,
2025-12-28 09:00:00,70,27.0,11155.0,446.2,0.0,0.0
2025-12-28 09:15:00,71,28.0,11155.0,446.2,0.0,0.0
2025-12-28 09:30:00,76,32.0,11155.0,446.2,0.0,0.0
2025-12-28 09:45:00,66,24.0,11155.0,446.2,0.0,0.0
2025-12-28 10:00:00,84,38.0,11155.0,446.2,0.0,0.0
2025-12-28 10:15:00,66,24.0,11155.0,446.2,0.0,0.0
2025-12-28 10:30:00,74,30.0,11155.0,446.2,0.0,0.0
2025-12-28 10:45:00,89,43.0,11155.0,446.2,0.0,0.0
2025-12-28 11:00:00,75,,11155.0,446.2,0.0,0.0
2025-12-28 11:15:00,70,27.0,11155.0,446.2,0.0,0.0
2025-12-28 11:30:00,70,27.0,11155.0,446.2,0.0,0.0
2025-12-28 11:45:00,77,33.0,11155.0,446.2,0.0,0.0
2025-12-28 12:00:00,77,33.0,,446.2,0.0,0.0
2025-12-28 12:15:00,71,28.0,11155.0,446.2,0.0,0.0
2025-12-28 12:30:00,84,38.0,11155.0,446.2,0.0,0.0
2025-12-28 12:45:00,68,25.0,11155.0,446.2,0.0,0.0
2025-12-28 13:00:00,76,32.0,11155.0,446.2,0.0,0.0
2025-12-28 13:15:00,57,16.0,11155.0,446.2,0.0,0.0
2025-12-28 13:30:00,83,38.0,11155.0,446.2,0.0,0.0
2025-12-28 13:45:00,68,25.0,11155.0,446.2,0.0,0.0
2025-12-28 14:00:00,66,24.0,11155.0,446.2,0.0,0.0
2025-12-28 14:15:00,57,16.0,11155.0,446.2,0.0,0.0
2025-12-28 14:30:00,69,26.0,11155.0,446.2,0.0,0.0
2025-12-28 14:45:00,90,,11155.0,446.2,0.0,0.0
2025-12-28 15:00:00,68,25.0,11155.0,446.2,,
2025-12-28 15:15:00,82,37.0,11155.0,446.2,0.0,0.0
2025-12-28 15:30:00,68,25.0,11155.0,446.2,0.0,0.0
2025-12-28 15:45:00,79,34.0,11155.0,446.2,0.0,0.0
2025-12-28 16:00:00,89,43.0,11155.0,446.2,0.0,0.0
2025-12-28 16:15:00,66,24.0,11155.0,446.2,0.0,0.0
2025-12-28 16:30:00,69,26.0,11155.0,446.2,0.0,0.0
2025-12-28 16:45:00,73,29.0,11155.0,446.2,0.0,0.0
2025-12-28 17:00:00,56,15.0,11155.0,446.2,0.0,0.0
2025-12-28 17:15:00,71,28.0,11155.0,446.2,0.0,0.0
2025-12-28 17:30:00,64,22.0,11155.0,446.2,0.0,0.0
2025-12-28 17:45:00,70,27.0,11155.0,446.2,0.0,0.0
2025-12-28 18:00:00,60,20.0,11155.0,446.2,0.0,0.0
2025-12-28 18:15:00,60,20.0,11155.0,446.2,0.0,0.0
2025-12-28 18:30:00,59,19.0,,446.2,0.0,0.0
2025-12-28 18:45:00,58,18.0,11155.0,446.2,0.0,0.0
2025-12-28 19:00:00,58,18.0,11155.0,446.2,,
2025-12-28 19:15:00,59,19.0,11155.0,446.2,0.0,0.0
2025-12-28 19:30:00,56,16.0,11155.0,446.2,0.0,0.0
2025-12-28 19:45:00,59,19.0,11155.0,446.2,0.0,0.0
2025-12-28 20:00:00,60,20.0,11155.0,446.2,0.0,0.0
2025-12-28 20:15:00,56,16.0,11155.0,446.2,0.0,0.0
2025-12-28 20:30:00,57,17.0,11155.0,446.2,0.0,0.0
2025-12-28 20:45:00,61,21.0,11155.0,446.2,0.0,0.0
2025-12-28 21:00:00,57,17.0,11155.0,446.2,0.0,0.0
2025-12-28 21:15:00,60,20.0,11155.0,446.2,0.0,0.0
2025-12-28 21:30:00,60,20.0,11155.0,446.2,0.0,0.0
2025-12-28 21:45:00,57,17.0,11155.0,446.2,0.0,0.0
2025-12-28 22:00:00,64,,11155.0,446.2,14.23908184603231,0.23731803076720517
2025-12-28 22:15:00,58,18.0,11155.0,446.2,13.75895823742201,0.22931597062370018
2025-12-28 22:30:00,59,19.0,11155.0,446.2,16.15594184392086,0.269265697398681
2025-12-28 22:45:00,59,19.0,11155.0,446.2,12.632149501388206,0.21053582502313675
2025-12-28 23:00:00,55,15.0,11155.0,446.2,11.781396657524098,0.19635661095873497
2025-12-28 23:15:00,64,24.0,11155.0,446.2,15.939887908157782,0.26566479846929636
2025-12-28 23:30:00,58,18.0,11155.0,446.2,,
2025-12-28 23:45:00,58,18.0,11155.0,446.2,15.351271821384003,0.25585453035640005
2025-12-29 00:00:00,58,18.0,11155.0,446.2,17.496496226196765,0.29160827043661275
2025-12-29 00:15:00,59,19.0,11155.0,446.2,16.312879495446513,0.27188132492410855
2025-12-29 00:30:00,58,18.0,11155.0,446.2,15.01663818109401,0.2502773030182335
2025-12-29 00:45:00,57,17.0,11155.0,446.2,14.309143170959649,0.23848571951599415
2025-12-29 01:00:00,59,19.0,11155.0,446.2,13.896840691748102,0.23161401152913502
2025-12-29 01:15:00,57,17.0,11155.0,446.2,10.373560130514862,0.17289266884191437
2025-12-29 01:30:00,59,19.0,11155.0,446.2,13.077805418357096,0.21796342363928495
2025-12-29 01:45:00,63,23.0,11155.0,446.2,13.747647460700392,0.22912745767833986
2025-12-29 02:00:00,60,20.0,11155.0,446.2,15.090576230717286,0.2515096038452881
2025-12-29 02:15:00,58,18.0,11155.0,446.2,14.601177601036888,0.24335296001728146
2025-12-29 02:30:00,61,21.0,11155.0,446.2,12.924418972054351,0.2154069828675725
2025-12-29 02:45:00,61,21.0,11155.0,446.2,13.63483807822807,0.22724730130380116
2025-12-29 03:00:00,56,16.0,11155.0,446.2,12.399672567289164,0.2066612094548194
2025-12-29 03:15:00,58,18.0,11155.0,446.2,15.458629990949873,0.2576438331824979
2025-12-29 03:30:00,59,19.0,11155.0,446.2,12.051823073110812,0.2008637178851802
2025-12-29 03:45:00,56,16.0,11155.0,446.2,16.146931488911555,0.2691155248151926
2025-12-29 04:00:00,59,19.0,,446.2,16.184842827195652,0.26974738045326085
2025-12-29 04:15:00,59,19.0,11155.0,446.2,13.668651182275063,0.22781085303791773
2025-12-29 04:30:00,59,19.0,11155.0,446.2,13.10070423308521,0.21834507055142016
2025-12-29 04:45:00,60,20.0,11155.0,446.2,11.651081842619078,0.19418469737698463
2025-12-29 05:00:00,59,19.0,11155.0,446.2,18.560662374618946,0.30934437291031575
2025-12-29 05:15:00,58,,11155.0,,15.249578825892844,0.25415964709821404
2025-12-29 05:30:00,57,17.0,11155.0,446.2,14.280557815611786,0.2380092969268631
2025-12-29 05:45:00,60,20.0,11155.0,446.2,12.685065939634926,0.2114177656605821
2025-12-29 06:00:00,58,18.0,8526.0,341.04,0.0,0.0
2025-12-29 06:15:00,56,16.0,8526.0,341.04,0.0,0.0
2025-12-29 06:30:00,58,18.0,8526.0,341.04,0.0,0.0
2025-12-29 06:45:00,57,17.0,8526.0,,0.0,0.0
2025-12-29 07:00:00,63,23.0,8526.0,341.04,0.0,0.0
2025-12-29 07:15:00,59,19.0,8526.0,341.04,0.0,0.0
2025-12-29 07:30:00,59,19.0,8526.0,341.04,0.0,0.0
2025-12-29 07:45:00,59,19.0,8526.0,341.04,0.0,0.0
2025-12-29 08:00:00,55,15.0,8526.0,341.04,,
2025-12-29 08:15:00,60,20.0,8526.0,341.04,0.0,0.0
2025-12-29 08:30:00,57,17.0,8526.0,341.04,0.0,0.0
2025-12-29 08:45:00,60,20.0,8526.0,341.04,0.0,0.0
2025-12-29 09:00:00,61,19.0,8526.0,341.04,0.0,0.0
2025-12-29 09:15:00,60,19.0,8526.0,341.04,0.0,0.0
2025-12-29 09:30:00,68,25.0,8526.0,341.04,0.0,0.0
2025-12-29 09:45:00,55,15.0,8526.0,341.04,0.0,0.0
2025-12-29 10:00:00,75,31.0,8526.0,341.04,0.0,0.0
2025-12-29 10:15:00,59,18.0,8526.0,,0.0,0.0
2025-12-29 10:30:00,61,19.0,8526.0,341.04,,
2025-12-29 10:45:00,58,17.0,8526.0,341.04,0.0,0.0
2025-12-29 11:00:00,84,38.0,8526.0,341.04,0.0,0.0
2025-12-29 11:15:00,59,18.0,8526.0,341.04,0.0,0.0
2025-12-29 11:30:00,58,17.0,8526.0,341.04,0.0,0.0
2025-12-29 11:45:00,68,25.0,8526.0,341.04,0.0,0.0
2025-12-29 12:00:00,57,16.0,8526.0,341.04,0.0,0.0
2025-12-29 12:15:00,59,18.0,8526.0,341.04,0.0,0.0
2025-12-29 12:30:00,82,37.0,8526.0,341.04,0.0,0.0
2025-12-29 12:45:00,69,26.0,8526.0,341.04,0.0,0.0
2025-12-29 13:00:00,69,26.0,8526.0,341.04,0.0,0.0
2025-12-29 13:15:00,59,18.0,8526.0,341.04,0.0,0.0
2025-12-29 13:30:00,70,27.0,8526.0,341.04,0.0,0.0
2025-12-29 13:45:00,59,18.0,8526.0,341.04,0.0,0.0
2025-12-29 14:00:00,56,15.0,8526.0,341.04,0.0,0.0
2025-12-29 14:15:00,66,24.0,8526.0,341.04,0.0,0.0
2025-12-29 14:30:00,71,,8526.0,341.04,0.0,0.0
2025-12-29 14:45:00,71,28.0,8526.0,341.04,0.0,0.0
2025-12-29 15:00:00,70,27.0,8526.0,341.04,0.0,0.0
2025-12-29 15:15:00,64,22.0,8526.0,341.04,0.0,0.0
2025-12-29 15:30:00,59,18.0,8526.0,341.04,0.0,0.0
2025-12-29 15:45:00,61,19.0,8526.0,341.04,0.0,0.0
2025-12-29 16:00:00,58,17.0,8526.0,341.04,0.0,0.0
2025-12-29 16:15:00,56,15.0,8526.0,341.04,0.0,0.0
2025-12-29 16:30:00,68,25.0,8526.0,341.04,0.0,0.0
2025-12-29 16:45:00,60,19.0,8526.0,341.04,0.0,0.0
2025-12-29 17:00:00,68,25.0,8526.0,341.04,0.0,0.0
2025-12-29 17:15:00,74,30.0,8526.0,341.04,0.0,0.0
2025-12-29 17:30:00,70,27.0,8526.0,341.04,0.0,0.0
2025-12-29 17:45:00,78,33.0,8526.0,341.04,0.0,0.0
2025-12-29 18:00:00,55,15.0,8526.0,341.04,0.0,0.0
2025-12-29 18:15:00,59,19.0,8526.0,341.04,,
2025-12-29 18:30:00,58,18.0,8526.0,341.04,0.0,0.0
2025-12-29 18:45:00,57,17.0,8526.0,341.04,0.0,0.0
2025-12-29 19:00:00,61,21.0,8526.0,341.04,0.0,0.0
2025-12-29 19:15:00,57,17.0,8526.0,341.04,0.0,0.0
2025-12-29 19:30:00,59,19.0,8526.0,341.04,0.0,0.0
2025-12-29 19:45:00,56,16.0,,341.04,0.0,0.0
2025-12-29 20:00:00,58,18.0,8526.0,341.04,0.0,0.0
2025-12-29 20:15:00,58,18.0,8526.0,341.04,0.0,0.0
2025-12-29 20:30:00,58,18.0,8526.0,341.04,0.0,0.0
2025-12-29 20:45:00,56,16.0,,341.04,0.0,0.0
2025-12-29 21:00:00,58,18.0,8526.0,341.04,,
2025-12-29 21:15:00,56,16.0,,341.04,0.0,0.0
2025-12-29 21:30:00,57,17.0,8526.0,341.04,0.0,0.0
2025-12-29 21:45:00,58,18.0,8526.0,341.04,0.0,0.0
2025-12-29 22:00:00,59,19.0,8526.0,341.04,17.38515064462478,0.2897525107437463
2025-12-29 22:15:00,55,15.0,8526.0,341.04,15.74707828231132,0.2624513047051887
2025-12-29 22:30:00,60,20.0,8526.0,341.04,18.655432470037226,0.3109238745006204
2025-12-29 22:45:00,60,20.0,8526.0,341.04,17.66198916029391,0.2943664860048985
2025-12-29 23:00:00,57,17.0,8526.0,341.04,15.108397382392683,0.25180662303987805
2025-12-29 23:15:00,57,17.0,8526.0,341.04,19.96215500074117,0.33270258334568614
2025-12-29 23:30:00,60,20.0,8526.0,,20.74928066047919,0.34582134434131984
2025-12-29 23:45:00,55,15.0,8526.0,341.04,13.737116760810686,0.22895194601351143
2025-12-30 00:00:00,60,20.0,8526.0,341.04,16.345627505788254,0.2724271250964709
2025-12-30 00:15:00,58,18.0,8526.0,341.04,16.182891095699595,0.26971485159499325
2025-12-30 00:30:00,56,16.0,8526.0,341.04,15.481611914646136,0.2580268652441023
2025-12-30 00:45:00,60,20.0,8526.0,341.04,18.4871217687911,0.3081186961465183
2025-12-30 01:00:00,58,18.0,8526.0,341.04,17.83461537791324,0.29724358963188735
2025-12-30 01:15:00,60,20.0,8526.0,341.04,16.915069790500976,0.28191782984168295
2025-12-30 01:30:00,59,19.0,8526.0,341.04,17.2801900080337,0.28800316680056165
2025-12-30 01:45:00,58,18.0,8526.0,341.04,17.988847915878576,0.2998141319313096
2025-12-30 02:00:00,61,21.0,8526.0,341.04,16.095444369406234,0.2682574061567706
2025-12-30 02:15:00,60,20.0,8526.0,341.04,15.61769421403114,0.26029490356718565
2025-12-30 02:30:00,57,17.0,8526.0,341.04,17.424905106943847,0.2904150851157308
2025-12-30 02:45:00,57,17.0,8526.0,341.04,16.20934068448204,0.27015567807470064
2025-12-30 03:00:00,58,18.0,8526.0,341.04,18.61285981184394,0.310214330197399
2025-12-30 03:15:00,60,20.0,8526.0,341.04,18.410977899775506,0.3068496316629251
2025-12-30 03:30:00,63,23.0,,341.04,15.445349006164726,0.25742248343607876
2025-12-30 03:45:00,62,22.0,8526.0,341.04,18.35529948369962,0.30592165806166033
2025-12-30 04:00:00,59,19.0,8526.0,341.04,17.25506876522081,0.2875844794203468
2025-12-30 04:15:00,55,15.0,8526.0,341.04,17.33591397565744,0.28893189959429066
2025-12-30 04:30:00,57,17.0,8526.0,341.04,16.745524592657556,0.27909207654429263
2025-12-30 04:45:00,58,18.0,8526.0,341.04,19.014991034524236,0.3169165172420706
2025-12-30 05:00:00,56,16.0,8526.0,341.04,,
2025-12-30 05:15:00,58,18.0,8526.0,341.04,16.1794630694951,0.2696577178249183
2025-12-30 05:30:00,59,19.0,8526.0,341.04,14.990083600806262,0.24983472668010437
2025-12-30 05:45:00,59,19.0,8526.0,341.04,19.01840994531037,0.3169734990885062
2025-12-30 06:00:00,61,21.0,4689.0,187.56,0.0,0.0
2025-12-30 06:15:00,64,24.0,4689.0,187.56,0.0,0.0
2025-12-30 06:30:00,63,23.0,4689.0,187.56,0.0,0.0
2025-12-30 06:45:00,64,24.0,4689.0,187.56,0.0,0.0
2025-12-30 07:00:00,61,21.0,,187.56,0.0,0.0
2025-12-30 07:15:00,65,25.0,4689.0,187.56,0.0,0.0
2025-12-30 07:30:00,61,21.0,4689.0,,0.0,0.0
2025-12-30 07:45:00,60,20.0,4689.0,187.56,0.0,0.0
2025-12-30 08:00:00,66,26.0,4689.0,187.56,0.0,0.0
2025-12-30 08:15:00,66,26.0,4689.0,187.56,0.0,0.0
2025-12-30 08:30:00,67,27.0,4689.0,187.56,0.0,0.0
2025-12-30 08:45:00,64,24.0,4689.0,187.56,0.0,0.0
2025-12-30 09:00:00,76,32.0,4689.0,187.56,0.0,0.0
2025-12-30 09:15:00,64,22.0,4689.0,187.56,,
2025-12-30 09:30:00,77,33.0,4689.0,187.56,0.0,0.0
2025-12-30 09:45:00,69,26.0,4689.0,187.56,0.0,0.0
2025-12-30 10:00:00,77,33.0,4689.0,187.56,0.0,0.0
2025-12-30 10:15:00,74,30.0,4689.0,187.56,0.0,0.0
2025-12-30 10:30:00,65,23.0,4689.0,,0.0,0.0
2025-12-30 10:45:00,75,31.0,4689.0,187.56,0.0,0.0
2025-12-30 11:00:00,71,28.0,4689.0,187.56,0.0,0.0
2025-12-30 11:15:00,67,24.0,4689.0,187.56,0.0,0.0
2025-12-30 11:30:00,83,38.0,4689.0,187.56,0.0,0.0
2025-12-30 11:45:00,74,30.0,4689.0,187.56,0.0,0.0
2025-12-30 12:00:00,81,36.0,4689.0,187.56,0.0,0.0
2025-12-30 12:15:00,66,24.0,4689.0,187.56,0.0,0.0
2025-12-30 12:30:00,74,30.0,4689.0,187.56,0.0,0.0
2025-12-30 12:45:00,76,32.0,4689.0,187.56,0.0,0.0
2025-12-30 13:00:00,75,31.0,4689.0,187.56,0.0,0.0
2025-12-30 13:15:00,72,29.0,4689.0,187.56,0.0,0.0
2025-12-30 13:30:00,78,33.0,4689.0,,0.0,0.0
2025-12-30 13:45:00,72,29.0,4689.0,187.56,0.0,0.0
2025-12-30 14:00:00,74,30.0,4689.0,187.56,0.0,0.0
2025-12-30 14:15:00,65,23.0,4689.0,,0.0,0.0
2025-12-30 14:30:00,71,28.0,4689.0,187.56,0.0,0.0
2025-12-30 14:45:00,77,33.0,4689.0,187.56,0.0,0.0
2025-12-30 15:00:00,78,33.0,4689.0,187.56,0.0,0.0
2025-12-30 15:15:00,59,18.0,4689.0,187.56,0.0,0.0
2025-12-30 15:30:00,78,33.0,4689.0,187.56,0.0,0.0
2025-12-30 15:45:00,58,17.0,4689.0,187.56,0.0,0.0
2025-12-30 16:00:00,60,19.0,4689.0,187.56,0.0,0.0
2025-12-30 16:15:00,71,28.0,4689.0,187.56,0.0,0.0
2025-12-30 16:30:00,83,38.0,4689.0,187.56,0.0,0.0
2025-12-30 16:45:00,72,29.0,4689.0,187.56,0.0,0.0
2025-12-30 17:00:00,67,24.0,4689.0,187.56,0.0,0.0
2025-12-30 17:15:00,62,20.0,4689.0,187.56,0.0,0.0
2025-12-30 17:30:00,63,21.0,4689.0,187.56,0.0,0.0
2025-12-30 17:45:00,92,45.0,4689.0,,0.0,0.0
2025-12-30 18:00:00,60,20.0,4689.0,187.56,0.0,0.0
2025-12-30 18:15:00,63,23.0,4689.0,187.56,0.0,0.0
2025-12-30 18:30:00,68,28.0,4689.0,187.56,0.0,0.0
2025-12-30 18:45:00,69,29.0,4689.0,187.56,0.0,0.0
2025-12-30 19:00:00,69,29.0,4689.0,187.56,0.0,0.0
2025-12-30 19:15:00,66,26.0,4689.0,187.56,0.0,0.0
2025-12-30 19:30:00,63,,4689.0,187.56,0.0,0.0
2025-12-30 19:45:00,66,26.0,4689.0,187.56,0.0,0.0
2025-12-30 20:00:00,66,26.0,4689.0,187.56,0.0,0.0
2025-12-30 20:15:00,66,26.0,4689.0,187.56,0.0,0.0
2025-12-30 20:30:00,65,25.0,4689.0,187.56,0.0,0.0
2025-12-30 20:45:00,64,24.0,4689.0,187.56,0.0,0.0
2025-12-30 21:00:00,62,22.0,4689.0,187.56,0.0,0.0
2025-12-30 21:15:00,64,24.0,4689.0,,0.0,0.0
2025-12-30 21:30:00,65,25.0,4689.0,187.56,0.0,0.0
2025-12-30 21:45:00,62,22.0,4689.0,187.56,,
2025-12-30 22:00:00,65,25.0,4689.0,187.56,7.550442908214981,0.12584071513691636
2025-12-30 22:15:00,64,24.0,4689.0,187.56,16.53364710971716,0.27556078516195265
2025-12-30 22:30:00,60,20.0,4689.0,,12.251168660182278,0.2041861443363713
2025-12-30 22:45:00,66,26.0,4689.0,187.56,14.683536853802106,0.2447256142300351
2025-12-30 23:00:00,66,26.0,4689.0,187.56,14.275503159642788,0.23792505266071315
2025-12-30 23:15:00,70,30.0,4689.0,187.56,16.08669475725305,0.2681115792875508
2025-12-30 23:30:00,66,26.0,4689.0,187.56,13.244605839631504,0.22074343066052507
2025-12-30 23:45:00,64,24.0,4689.0,187.56,13.973590698867982,0.23289317831446638
2025-12-31 00:00:00,65,25.0,4689.0,187.56,13.457788883603168,0.22429648139338615
2025-12-31 00:15:00,63,23.0,4689.0,187.56,17.46851550808108,0.2911419251346847
2025-12-31 00:30:00,65,25.0,4689.0,187.56,12.298130815712792,0.20496884692854653
2025-12-31 00:45:00,68,28.0,4689.0,187.56,13.95422526962255,0.23257042116037582
2025-12-31 01:00:00,66,26.0,4689.0,187.56,13.214479015044981,0.22024131691741636
2025-12-31 01:15:00,66,26.0,4689.0,187.56,12.434252912781988,0.20723754854636647
2025-12-31 01:30:00,64,24.0,4689.0,187.56,13.504457387209188,0.2250742897868198
2025-12-31 01:45:00,66,26.0,4689.0,187.56,10.615449629174272,0.17692416048623785
2025-12-31 02:00:00,65,25.0,4689.0,187.56,15.662246929431221,0.2610374488238537
2025-12-31 02:15:00,64,24.0,4689.0,187.56,10.43687512471134,0.173947918745189
2025-12-31 02:30:00,67,,4689.0,,15.727013253020003,0.26211688755033336
2025-12-31 02:45:00,65,25.0,4689.0,187.56,14.03665084525777,0.23394418075429615
2025-12-31 03:00:00,66,26.0,4689.0,187.56,11.577095167510564,0.19295158612517607
2025-12-31 03:15:00,68,28.0,4689.0,187.56,11.61136763012981,0.1935227938354968
2025-12-31 03:30:00,66,26.0,4689.0,187.56,13.099775712797728,0.21832959521329545
2025-12-31 03:45:00,65,25.0,4689.0,187.56,14.085725179049005,0.2347620863174834
2025-12-31 04:00:00,66,26.0,4689.0,187.56,12.557502992313658,0.20929171653856096
2025-12-31 04:15:00,64,24.0,4689.0,187.56,12.517107009258394,0.20861845015430658
2025-12-31 04:30:00,65,25.0,4689.0,187.56,15.075718665879487,0.25126197776465814
2025-12-31 04:45:00,62,22.0,4689.0,187.56,14.347632574819936,0.23912720958033226
2025-12-31 05:00:00,68,28.0,4689.0,187.56,12.897072007822654,0.21495120013037758
2025-12-31 05:15:00,68,28.0,4689.0,187.56,15.434217131568094,0.25723695219280157
2025-12-31 05:30:00,68,28.0,4689.0,187.56,12.356680536490385,0.2059446756081731
2025-12-31 05:45:00,62,22.0,,187.56,13.908271569827589,0.23180452616379316
2025-12-31 06:00:00,64,24.0,9498.0,379.92,0.0,0.0
2025-12-31 06:15:00,62,22.0,9498.0,379.92,0.0,0.0
2025-12-31 06:30:00,66,26.0,9498.0,379.92,0.0,0.0
2025-12-31 06:45:00,65,25.0,9498.0,379.92,0.0,0.0
2025-12-31 07:00:00,61,21.0,9498.0,379.92,0.0,0.0
2025-12-31 07:15:00,66,26.0,9498.0,379.92,0.0,0.0
2025-12-31 07:30:00,64,24.0,,379.92,0.0,0.0
2025-12-31 07:45:00,64,24.0,9498.0,379.92,0.0,0.0
2025-12-31 08:00:00,65,25.0,9498.0,379.92,0.0,0.0
2025-12-31 08:15:00,62,22.0,9498.0,379.92,0.0,0.0
2025-12-31 08:30:00,65,25.0,9498.0,379.92,0.0,0.0
2025-12-31 08:45:00,63,23.0,9498.0,379.92,0.0,0.0
2025-12-31 09:00:00,88,42.0,9498.0,379.92,0.0,0.0
2025-12-31 09:15:00,72,29.0,9498.0,379.92,0.0,0.0
2025-12-31 09:30:00,83,38.0,9498.0,379.92,0.0,0.0
2025-12-31 09:45:00,85,39.0,9498.0,379.92,0.0,0.0
2025-12-31 10:00:00,80,35.0,9498.0,379.92,0.0,0.0
2025-12-31 10:15:00,78,33.0,9498.0,379.92,0.0,0.0
2025-12-31 10:30:00,95,47.0,9498.0,379.92,0.0,0.0
2025-12-31 10:45:00,77,33.0,9498.0,379.92,0.0,0.0
2025-12-31 11:00:00,73,29.0,9498.0,379.92,0.0,0.0
2025-12-31 11:15:00,78,33.0,,379.92,0.0,0.0
2025-12-31 11:30:00,70,27.0,9498.0,379.92,0.0,0.0
2025-12-31 11:45:00,75,31.0,9498.0,379.92,0.0,0.0
2025-12-31 12:00:00,85,39.0,9498.0,379.92,0.0,0.0
2025-12-31 12:15:00,95,47.0,9498.0,379.92,0.0,0.0
2025-12-31 12:30:00,85,39.0,9498.0,379.92,0.0,0.0
2025-12-31 12:45:00,76,32.0,9498.0,379.92,0.0,0.0
2025-12-31 13:00:00,84,38.0,9498.0,379.92,0.0,0.0
2025-12-31 13:15:00,75,31.0,9498.0,379.92,0.0,0.0
2025-12-31 13:30:00,93,46.0,9498.0,379.92,0.0,0.0
2025-12-31 13:45:00,67,24.0,9498.0,379.92,0.0,0.0
2025-12-31 14:00:00,98,50.0,9498.0,379.92,0.0,0.0
2025-12-31 14:15:00,76,32.0,9498.0,379.92,0.0,0.0
2025-12-31 14:30:00,80,35.0,9498.0,379.92,0.0,0.0
2025-12-31 14:45:00,77,33.0,9498.0,379.92,0.0,0.0
2025-12-31 15:00:00,83,38.0,9498.0,379.92,0.0,0.0
2025-12-31 15:15:00,87,41.0,9498.0,379.92,0.0,0.0
2025-12-31 15:30:00,71,28.0,9498.0,379.92,0.0,0.0
2025-12-31 15:45:00,81,36.0,9498.0,379.92,0.0,0.0
2025-12-31 16:00:00,79,34.0,9498.0,379.92,0.0,0.0
2025-12-31 16:15:00,88,42.0,9498.0,379.92,0.0,0.0
2025-12-31 16:30:00,92,45.0,9498.0,379.92,0.0,0.0
2025-12-31 16:45:00,80,35.0,9498.0,379.92,0.0,0.0
2025-12-31 17:00:00,80,35.0,9498.0,379.92,0.0,0.0
2025-12-31 17:15:00,83,38.0,9498.0,379.92,0.0,0.0
2025-12-31 17:30:00,74,30.0,9498.0,379.92,0.0,0.0
2025-12-31 17:45:00,83,38.0,9498.0,379.92,0.0,0.0
2025-12-31 18:00:00,57,17.0,9498.0,379.92,0.0,0.0
2025-12-31 18:15:00,57,17.0,9498.0,379.92,0.0,0.0
2025-12-31 18:30:00,54,14.0,9498.0,,0.0,0.0
2025-12-31 18:45:00,62,22.0,9498.0,379.92,0.0,0.0
2025-12-31 19:00:00,56,16.0,9498.0,379.92,0.0,0.0
2025-12-31 19:15:00,57,17.0,9498.0,379.92,0.0,0.0
2025-12-31 19:30:00,58,18.0,9498.0,379.92,0.0,0.0
2025-12-31 19:45:00,58,18.0,9498.0,,0.0,0.0
2025-12-31 20:00:00,59,19.0,9498.0,379.92,0.0,0.0
2025-12-31 20:15:00,60,,9498.0,379.92,0.0,0.0
2025-12-31 20:30:00,57,,9498.0,379.92,0.0,0.0
2025-12-31 20:45:00,58,18.0,9498.0,379.92,0.0,0.0
2025-12-31 21:00:00,60,20.0,9498.0,379.92,0.0,0.0
2025-12-31 21:15:00,56,16.0,9498.0,,0.0,0.0
2025-12-31 21:30:00,57,17.0,9498.0,379.92,0.0,0.0
2025-12-31 21:45:00,58,18.0,,379.92,0.0,0.0
2025-12-31 22:00:00,56,16.0,9498.0,379.92,14.47086009586943,0.24118100159782382
2025-12-31 22:15:00,62,22.0,9498.0,379.92,17.043259543358296,0.2840543257226383
2025-12-31 22:30:00,57,17.0,9498.0,379.92,15.769833121897307,0.26283055203162176
2025-12-31 22:45:00,56,16.0,9498.0,379.92,12.249178798105225,0.2041529799684204
2025-12-31 23:00:00,56,16.0,9498.0,379.92,16.5772786640188,0.27628797773364666
2025-12-31 23:15:00,61,21.0,9498.0,379.92,11.782743145914946,0.19637905243191575
2025-12-31 23:30:00,61,21.0,9498.0,379.92,12.97713079317796,0.21628551321963266
2025-12-31 23:45:00,57,17.0,9498.0,379.92,16.2007411871694,0.27001235311948996
2026-01-01 00:00:00,59,19.0,9498.0,379.92,13.671526227595423,0.22785877045992373
2026-01-01 00:15:00,60,20.0,9498.0,379.92,14.68632048723735,0.2447720081206225
2026-01-01 00:30:00,59,19.0,9498.0,379.92,11.26577245264361,0.18776287421072682
2026-01-01 00:45:00,52,12.0,9498.0,379.92,15.51485204363309,0.2585808673938848
2026-01-01 01:00:00,57,17.0,9498.0,379.92,17.67156019408949,0.29452600323482486
2026-01-01 01:15:00,56,16.0,9498.0,379.92,12.41698627456961,0.20694977124282682
2026-01-01 01:30:00,55,15.0,9498.0,379.92,13.4415283488203,0.22402547248033836
2026-01-01 01:45:00,56,16.0,9498.0,379.92,15.992331502433045,0.2665388583738841
2026-01-01 02:00:00,59,19.0,9498.0,379.92,13.383542252524103,0.22305903754206838
2026-01-01 02:15:00,59,19.0,9498.0,379.92,13.952877493919699,0.23254795823199498
2026-01-01 02:30:00,59,19.0,9498.0,379.92,15.70652194657551,0.2617753657762585
2026-01-01 02:45:00,60,20.0,9498.0,379.92,14.375775071521721,0.23959625119202868
2026-01-01 03:00:00,57,17.0,9498.0,379.92,10.16161217949097,0.16936020299151616
2026-01-01 03:15:00,59,19.0,9498.0,379.92,15.108221669208609,0.25180369448681017
2026-01-01 03:30:00,63,23.0,9498.0,379.92,,
2026-01-01 03:45:00,60,20.0,9498.0,379.92,15.94722778926173,0.2657871298210288
2026-01-01 04:00:00,58,18.0,9498.0,379.92,13.847528566266224,0.23079214277110374
2026-01-01 04:15:00,56,16.0,9498.0,379.92,11.6348950549697,0.19391491758282833
2026-01-01 04:30:00,60,20.0,9498.0,379.92,15.103936719903107,0.25173227866505177
2026-01-01 04:45:00,59,19.0,9498.0,379.92,14.650064919316401,0.24416774865527335
2026-01-01 05:00:00,59,19.0,9498.0,379.92,17.823003776567678,0.2970500629427946
2026-01-01 05:15:00,58,18.0,9498.0,379.92,13.871964353183557,0.23119940588639262
2026-01-01 05:30:00,58,18.0,9498.0,379.92,12.017514861035604,0.2002919143505934
2026-01-01 05:45:00,58,18.0,9498.0,379.92,14.799917989779907,0.24666529982966512
2026-01-01 06:00:00,63,23.0,13115.0,524.6,0.0,0.0
2026-01-01 06:15:00,57,17.0,13115.0,524.6,0.0,0.0
2026-01-01 06:30:00,62,22.0,13115.0,524.6,0.0,0.0
2026-01-01 06:45:00,64,,13115.0,524.6,0.0,0.0
2026-01-01 07:00:00,65,25.0,13115.0,524.6,0.0,0.0
2026-01-01 07:15:00,65,25.0,13115.0,524.6,0.0,0.0
2026-01-01 07:30:00,63,23.0,13115.0,524.6,0.0,0.0
2026-01-01 07:45:00,66,26.0,13115.0,524.6,0.0,0.0
2026-01-01 08:00:00,59,19.0,13115.0,524.6,,
2026-01-01 08:15:00,61,21.0,13115.0,524.6,0.0,0.0
2026-01-01 08:30:00,63,23.0,13115.0,524.6,,
2026-01-01 08:45:00,59,19.0,13115.0,524.6,0.0,0.0
2026-01-01 09:00:00,82,37.0,13115.0,524.6,0.0,0.0
2026-01-01 09:15:00,78,33.0,13115.0,524.6,0.0,0.0
2026-01-01 09:30:00,77,33.0,13115.0,524.6,0.0,0.0
2026-01-01 09:45:00,69,26.0,13115.0,524.6,0.0,0.0
2026-01-01 10:00:00,82,37.0,13115.0,524.6,0.0,0.0
2026-01-01 10:15:00,82,37.0,13115.0,524.6,0.0,0.0
2026-01-01 10:30:00,75,31.0,13115.0,524.6,0.0,0.0
2026-01-01 10:45:00,75,31.0,13115.0,524.6,0.0,0.0
2026-01-01 11:00:00,74,30.0,13115.0,,0.0,0.0
2026-01-01 11:15:00,76,32.0,13115.0,524.6,0.0,0.0
2026-01-01 11:30:00,78,33.0,13115.0,524.6,0.0,0.0
2026-01-01 11:45:00,69,26.0,13115.0,524.6,0.0,0.0
2026-01-01 12:00:00,70,27.0,13115.0,524.6,0.0,0.0
2026-01-01 12:15:00,76,32.0,13115.0,,0.0,0.0
2026-01-01 12:30:00,62,20.0,13115.0,524.6,0.0,0.0
2026-01-01 12:45:00,73,29.0,13115.0,524.6,0.0,0.0
2026-01-01 13:00:00,79,34.0,13115.0,524.6,0.0,0.0
2026-01-01 13:15:00,84,38.0,13115.0,524.6,0.0,0.0
2026-01-01 13:30:00,80,35.0,13115.0,524.6,0.0,0.0
2026-01-01 13:45:00,71,28.0,13115.0,524.6,0.0,0.0
2026-01-01 14:00:00,78,33.0,13115.0,524.6,0.0,0.0
2026-01-01 14:15:00,89,43.0,13115.0,524.6,0.0,0.0
2026-01-01 14:30:00,89,43.0,13115.0,524.6,0.0,0.0
2026-01-01 14:45:00,80,35.0,13115.0,524.6,0.0,0.0
2026-01-01 15:00:00,79,34.0,13115.0,524.6,0.0,0.0
2026-01-01 15:15:00,68,25.0,13115.0,524.6,0.0,0.0
2026-01-01 15:30:00,81,36.0,13115.0,524.6,0.0,0.0
2026-01-01 15:45:00,69,26.0,13115.0,524.6,0.0,0.0
2026-01-01 16:00:00,141,81.0,13115.0,524.6,0.0,0.0
2026-01-01 16:15:00,154,90.0,13115.0,524.6,0.0,0.0
2026-01-01 16:30:00,152,89.0,13115.0,524.6,0.0,0.0
2026-01-01 16:45:00,89,43.0,13115.0,524.6,0.0,0.0
2026-01-01 17:00:00,79,34.0,13115.0,524.6,0.0,0.0
2026-01-01 17:15:00,84,38.0,13115.0,524.6,0.0,0.0
2026-01-01 17:30:00,81,36.0,13115.0,524.6,,
2026-01-01 17:45:00,71,28.0,13115.0,524.6,0.0,0.0
2026-01-01 18:00:00,63,23.0,13115.0,,0.0,0.0
2026-01-01 18:15:00,62,22.0,13115.0,,0.0,0.0
2026-01-01 18:30:00,60,20.0,13115.0,524.6,0.0,0.0
2026-01-01 18:45:00,59,19.0,13115.0,524.6,0.0,0.0
2026-01-01 19:00:00,62,22.0,13115.0,524.6,0.0,0.0
2026-01-01 19:15:00,62,22.0,13115.0,524.6,0.0,0.0
2026-01-01 19:30:00,64,24.0,13115.0,524.6,0.0,0.0
2026-01-01 19:45:00,59,19.0,13115.0,524.6,0.0,0.0
2026-01-01 20:00:00,59,19.0,13115.0,524.6,0.0,0.0
2026-01-01 20:15:00,59,19.0,13115.0,524.6,0.0,0.0
2026-01-01 20:30:00,61,21.0,13115.0,524.6,0.0,0.0
2026-01-01 20:45:00,64,24.0,13115.0,524.6,0.0,0.0
2026-01-01 21:00:00,63,23.0,13115.0,524.6,0.0,0.0
2026-01-01 21:15:00,58,18.0,13115.0,524.6,0.0,0.0
2026-01-01 21:30:00,62,22.0,13115.0,524.6,0.0,0.0
2026-01-01 21:45:00,63,23.0,13115.0,524.6,0.0,0.0
2026-01-01 22:00:00,64,24.0,13115.0,524.6,14.067727807189229,0.23446213011982048
2026-01-01 22:15:00,62,22.0,13115.0,524.6,16.762055615425133,0.2793675935904189
2026-01-01 22:30:00,62,22.0,13115.0,524.6,14.951066770676723,0.24918444617794538
2026-01-01 22:45:00,58,18.0,,524.6,16.578595916963792,0.2763099319493965
2026-01-01 23:00:00,59,19.0,13115.0,524.6,18.187232211461204,0.30312053685768675
2026-01-01 23:15:00,59,19.0,13115.0,524.6,17.815424015524602,0.2969237335920767
2026-01-01 23:30:00,64,24.0,13115.0,524.6,,
2026-01-01 23:45:00,65,25.0,13115.0,524.6,,
2026-01-02 00:00:00,60,20.0,13115.0,524.6,14.593989064572824,0.24323315107621374
2026-01-02 00:15:00,64,24.0,13115.0,524.6,14.934511454407165,0.24890852424011942
2026-01-02 00:30:00,61,21.0,13115.0,524.6,14.628613598128501,0.24381022663547502
2026-01-02 00:45:00,61,21.0,13115.0,524.6,11.899027509481412,0.19831712515802352
2026-01-02 01:00:00,59,19.0,13115.0,524.6,15.83153243955975,0.2638588739926625
2026-01-02 01:15:00,62,22.0,13115.0,524.6,13.703596785069628,0.22839327975116047
2026-01-02 01:30:00,60,20.0,13115.0,524.6,20.332363727144973,0.33887272878574953
2026-01-02 01:45:00,64,24.0,13115.0,524.6,17.94176223213494,0.2990293705355824
2026-01-02 02:00:00,62,,13115.0,524.6,17.98730991321629,0.29978849855360484
2026-01-02 02:15:00,63,,13115.0,524.6,17.632330156674147,0.29387216927790244
2026-01-02 02:30:00,64,24.0,13115.0,524.6,18.500268768710313,0.30833781281183853
2026-01-02 02:45:00,63,23.0,13115.0,524.6,16.29713382867971,0.2716188971446618
2026-01-02 03:00:00,64,24.0,13115.0,524.6,16.775754949378168,0.27959591582296944
2026-01-02 03:15:00,61,21.0,13115.0,524.6,16.209236930786787,0.27015394884644645
2026-01-02 03:30:00,60,20.0,13115.0,524.6,16.307522008774654,0.2717920334795776
2026-01-02 03:45:00,63,23.0,13115.0,524.6,16.44636769868011,0.2741061283113352
2026-01-02 04:00:00,63,23.0,13115.0,524.6,16.26753811448329,0.27112563524138816
2026-01-02 04:15:00,57,17.0,13115.0,524.6,15.15404550951,0.2525674251585
2026-01-02 04:30:00,64,24.0,13115.0,524.6,18.987534693064514,0.31645891155107525
2026-01-02 04:45:00,60,20.0,13115.0,524.6,12.81394028758001,0.21356567145966684
2026-01-02 05:00:00,58,18.0,13115.0,524.6,19.811882623683985,0.33019804372806644
2026-01-02 05:15:00,60,20.0,13115.0,524.6,15.332792084685284,0.25554653474475475
2026-01-02 05:30:00,61,21.0,13115.0,524.6,16.14190578759787,0.2690317631266312
2026-01-02 05:45:00,60,20.0,13115.0,524.6,15.100231393979659,0.2516705232329943
2026-01-02 06:00:00,64,24.0,10329.0,413.16,0.0,0.0
2026-01-02 06:15:00,66,26.0,10329.0,,0.0,0.0
2026-01-02 06:30:00,64,24.0,10329.0,413.16,0.0,0.0
2026-01-02 06:45:00,62,22.0,10329.0,413.16,0.0,0.0
2026-01-02 07:00:00,65,25.0,10329.0,413.16,0.0,0.0
2026-01-02 07:15:00,64,24.0,10329.0,413.16,0.0,0.0
2026-01-02 07:30:00,70,30.0,10329.0,413.16,0.0,0.0
2026-01-02 07:45:00,68,28.0,10329.0,413.16,0.0,0.0
2026-01-02 08:00:00,65,25.0,10329.0,413.16,0.0,0.0
2026-01-02 08:15:00,63,23.0,10329.0,413.16,0.0,0.0
2026-01-02 08:30:00,62,22.0,10329.0,413.16,0.0,0.0
2026-01-02 08:45:00,65,25.0,10329.0,413.16,0.0,0.0
2026-01-02 09:00:00,79,34.0,10329.0,413.16,0.0,0.0
2026-01-02 09:15:00,64,22.0,10329.0,413.16,0.0,0.0
2026-01-02 09:30:00,71,28.0,10329.0,,0.0,0.0
2026-01-02 09:45:00,72,,10329.0,413.16,0.0,0.0
2026-01-02 10:00:00,57,16.0,10329.0,413.16,0.0,0.0
2026-01-02 10:15:00,90,43.0,10329.0,413.16,0.0,0.0
2026-01-02 10:30:00,72,29.0,10329.0,413.16,,
2026-01-02 10:45:00,80,35.0,10329.0,413.16,0.0,0.0
2026-01-02 11:00:00,65,23.0,,413.16,0.0,0.0
2026-01-02 11:15:00,59,18.0,10329.0,413.16,0.0,0.0
2026-01-02 11:30:00,79,34.0,10329.0,413.16,0.0,0.0
2026-01-02 11:45:00,80,35.0,10329.0,413.16,0.0,0.0
2026-01-02 12:00:00,72,29.0,10329.0,413.16,0.0,0.0
2026-01-02 12:15:00,75,31.0,10329.0,413.16,0.0,0.0
2026-01-02 12:30:00,75,31.0,10329.0,413.16,0.0,0.0
2026-01-02 12:45:00,79,34.0,10329.0,413.16,0.0,0.0
2026-01-02 13:00:00,73,29.0,10329.0,413.16,0.0,0.0
2026-01-02 13:15:00,67,24.0,10329.0,413.16,0.0,0.0
2026-01-02 13:30:00,73,29.0,,413.16,0.0,0.0
2026-01-02 13:45:00,69,26.0,10329.0,413.16,0.0,0.0
2026-01-02 14:00:00,73,29.0,10329.0,413.16,0.0,0.0
2026-01-02 14:15:00,78,33.0,10329.0,413.16,0.0,0.0
2026-01-02 14:30:00,85,39.0,10329.0,413.16,0.0,0.0
2026-01-02 14:45:00,68,25.0,10329.0,413.16,0.0,0.0
2026-01-02 15:00:00,81,36.0,10329.0,413.16,0.0,0.0
2026-01-02 15:15:00,69,26.0,10329.0,413.16,0.0,0.0
2026-01-02 15:30:00,69,26.0,10329.0,413.16,0.0,0.0
2026-01-02 15:45:00,76,32.0,10329.0,413.16,0.0,0.0
2026-01-02 16:00:00,85,39.0,10329.0,413.16,0.0,0.0
2026-01-02 16:15:00,73,29.0,10329.0,413.16,0.0,0.0
2026-01-02 16:30:00,83,38.0,10329.0,413.16,0.0,0.0
2026-01-02 16:45:00,74,30.0,10329.0,413.16,0.0,0.0
2026-01-02 17:00:00,65,23.0,10329.0,413.16,0.0,0.0
2026-01-02 17:15:00,69,26.0,10329.0,413.16,0.0,0.0
2026-01-02 17:30:00,62,20.0,10329.0,413.16,0.0,0.0
2026-01-02 17:45:00,74,30.0,10329.0,413.16,0.0,0.0
2026-01-02 18:00:00,54,14.0,10329.0,413.16,,
2026-01-02 18:15:00,54,14.0,10329.0,413.16,0.0,0.0
2026-01-02 18:30:00,57,17.0,10329.0,413.16,0.0,0.0
2026-01-02 18:45:00,57,17.0,10329.0,413.16,0.0,0.0
2026-01-02 19:00:00,54,14.0,10329.0,413.16,0.0,0.0
2026-01-02 19:15:00,59,19.0,10329.0,413.16,0.0,0.0
2026-01-02 19:30:00,59,19.0,10329.0,413.16,0.0,0.0
2026-01-02 19:45:00,55,15.0,10329.0,413.16,0.0,0.0
2026-01-02 20:00:00,53,13.0,10329.0,413.16,0.0,0.0
2026-01-02 20:15:00,55,15.0,10329.0,413.16,0.0,0.0
2026-01-02 20:30:00,60,20.0,10329.0,413.16,0.0,0.0
2026-01-02 20:45:00,55,15.0,10329.0,413.16,0.0,0.0
2026-01-02 21:00:00,57,17.0,10329.0,413.16,0.0,0.0
2026-01-02 21:15:00,55,15.0,10329.0,413.16,,
2026-01-02 21:30:00,53,13.0,10329.0,413.16,0.0,0.0
2026-01-02 21:45:00,59,19.0,10329.0,413.16,0.0,0.0
2026-01-02 22:00:00,56,16.0,10329.0,413.16,14.111844852609895,0.2351974142101649
2026-01-02 22:15:00,55,15.0,10329.0,413.16,15.044890204278476,0.25074817007130795
2026-01-02 22:30:00,55,15.0,10329.0,413.16,15.330512978392317,0.25550854963987196
2026-01-02 22:45:00,54,14.0,10329.0,413.16,12.304481087674276,0.20507468479457128
2026-01-02 23:00:00,56,16.0,10329.0,413.16,12.443213410697496,0.2073868901782916
2026-01-02 23:15:00,56,16.0,10329.0,,12.317428951214737,0.20529048252024562
2026-01-02 23:30:00,55,15.0,10329.0,413.16,13.826287553826546,0.2304381258971091
2026-01-02 23:45:00,59,19.0,10329.0,413.16,16.593907250653775,0.2765651208442296
2026-01-03 00:00:00,56,16.0,10329.0,413.16,14.135146304286323,0.23558577173810538
2026-01-03 00:15:00,59,19.0,10329.0,413.16,14.919528202513966,0.24865880337523277
2026-01-03 00:30:00,58,18.0,10329.0,413.16,15.743384146299862,0.26238973577166436
2026-01-03 00:45:00,54,14.0,10329.0,413.16,12.806942687029416,0.2134490447838236
2026-01-03 01:00:00,52,12.0,10329.0,413.16,18.041428672780018,0.30069047787966696
2026-01-03 01:15:00,53,13.0,10329.0,413.16,14.652278034510605,0.24420463390851008
2026-01-03 01:30:00,58,18.0,10329.0,413.16,14.817467399961673,0.24695778999936122
2026-01-03 01:45:00,54,14.0,10329.0,413.16,15.23406559160932,0.2539010931934887
2026-01-03 02:00:00,60,20.0,10329.0,,15.909951052279155,0.2651658508713192
2026-01-03 02:15:00,56,16.0,10329.0,413.16,13.662402619992754,0.22770671033321258
2026-01-03 02:30:00,57,17.0,10329.0,413.16,13.229017372048036,0.22048362286746725
2026-01-03 02:45:00,58,18.0,10329.0,413.16,15.299692999940087,0.2549948833323348
2026-01-03 03:00:00,58,18.0,10329.0,413.16,14.016234340215703,0.23360390567026174
2026-01-03 03:15:00,54,14.0,10329.0,413.16,12.608809344397633,0.21014682240662722
2026-01-03 03:30:00,57,17.0,10329.0,413.16,12.651647390140859,0.210860789835681
2026-01-03 03:45:00,58,18.0,10329.0,413.16,16.114815954364115,0.2685802659060686
2026-01-03 04:00:00,53,13.0,10329.0,413.16,14.518233366479832,0.2419705561079972
2026-01-03 04:15:00,55,15.0,10329.0,413.16,14.151812466319281,0.23586354110532134
2026-01-03 04:30:00,56,16.0,10329.0,413.16,13.048288220987923,0.21747147034979872
2026-01-03 04:45:00,56,16.0,10329.0,413.16,11.661007321826455,0.1943501220304409
2026-01-03 05:00:00,53,13.0,10329.0,413.16,14.054424322489343,0.23424040537482238
2026-01-03 05:15:00,55,15.0,10329.0,413.16,17.059139703479904,0.2843189950579984
2026-01-03 05:30:00,55,15.0,10329.0,413.16,14.816313284606068,0.24693855474343446
2026-01-03 05:45:00,57,17.0,10329.0,413.16,13.557277884197,0.2259546314032833
2026-01-03 06:00:00,64,24.0,11527.0,461.08,0.0,0.0
2026-01-03 06:15:00,65,25.0,11527.0,461.08,0.0,0.0
2026-01-03 06:30:00,63,23.0,11527.0,461.08,0.0,0.0
2026-01-03 06:45:00,60,20.0,11527.0,461.08,0.0,0.0
2026-01-03 07:00:00,63,23.0,11527.0,461.08,0.0,0.0
2026-01-03 07:15:00,66,26.0,11527.0,461.08,0.0,0.0
2026-01-03 07:30:00,59,19.0,11527.0,461.08,0.0,0.0
2026-01-03 07:45:00,62,22.0,11527.0,461.08,0.0,0.0
2026-01-03 08:00:00,61,21.0,11527.0,461.08,0.0,0.0
2026-01-03 08:15:00,65,25.0,11527.0,461.08,0.0,0.0
2026-01-03 08:30:00,64,24.0,11527.0,461.08,0.0,0.0
2026-01-03 08:45:00,64,24.0,11527.0,461.08,0.0,0.0
2026-01-03 09:00:00,74,30.0,11527.0,461.08,0.0,0.0
2026-01-03 09:15:00,71,,11527.0,461.08,0.0,0.0
2026-01-03 09:30:00,66,24.0,,461.08,0.0,0.0
2026-01-03 09:45:00,79,34.0,11527.0,461.08,0.0,0.0
2026-01-03 10:00:00,82,37.0,11527.0,461.08,0.0,0.0
2026-01-03 10:15:00,65,23.0,11527.0,461.08,0.0,0.0
2026-01-03 10:30:00,73,,11527.0,461.08,0.0,0.0
2026-01-03 10:45:00,76,32.0,11527.0,461.08,0.0,0.0
2026-01-03 11:00:00,69,26.0,11527.0,461.08,0.0,0.0
2026-01-03 11:15:00,75,31.0,11527.0,461.08,0.0,0.0
2026-01-03 11:30:00,76,32.0,11527.0,461.08,0.0,0.0
2026-01-03 11:45:00,70,27.0,11527.0,461.08,0.0,0.0
2026-01-03 12:00:00,67,24.0,11527.0,461.08,0.0,0.0
2026-01-03 12:15:00,63,21.0,11527.0,461.08,,
2026-01-03 12:30:00,67,24.0,11527.0,461.08,0.0,0.0
2026-01-03 12:45:00,89,43.0,,461.08,0.0,0.0
2026-01-03 13:00:00,71,28.0,11527.0,461.08,0.0,0.0
2026-01-03 13:15:00,73,29.0,11527.0,461.08,0.0,0.0
2026-01-03 13:30:00,56,15.0,11527.0,461.08,0.0,0.0
2026-01-03 13:45:00,84,38.0,11527.0,461.08,0.0,0.0
2026-01-03 14:00:00,78,33.0,11527.0,461.08,0.0,0.0
2026-01-03 14:15:00,64,22.0,11527.0,461.08,0.0,0.0
2026-01-03 14:30:00,85,39.0,11527.0,461.08,0.0,0.0
2026-01-03 14:45:00,74,30.0,11527.0,461.08,0.0,0.0
2026-01-03 15:00:00,86,40.0,11527.0,461.08,0.0,0.0
2026-01-03 15:15:00,73,29.0,11527.0,461.08,0.0,0.0
2026-01-03 15:30:00,82,37.0,11527.0,461.08,0.0,0.0
2026-01-03 15:45:00,85,39.0,11527.0,461.08,0.0,0.0
2026-01-03 16:00:00,62,20.0,11527.0,461.08,0.0,0.0
2026-01-03 16:15:00,74,30.0,11527.0,461.08,0.0,0.0
2026-01-03 16:30:00,80,35.0,11527.0,461.08,0.0,0.0
2026-01-03 16:45:00,70,27.0,11527.0,461.08,0.0,0.0
2026-01-03 17:00:00,82,37.0,11527.0,461.08,0.0,0.0
2026-01-03 17:15:00,67,24.0,11527.0,,0.0,0.0
2026-01-03 17:30:00,78,33.0,11527.0,461.08,0.0,0.0
2026-01-03 17:45:00,59,18.0,11527.0,461.08,0.0,0.0
2026-01-03 18:00:00,60,20.0,11527.0,,0.0,0.0
2026-01-03 18:15:00,63,23.0,11527.0,461.08,0.0,0.0
2026-01-03 18:30:00,59,19.0,11527.0,,,
2026-01-03 18:45:00,60,20.0,11527.0,461.08,0.0,0.0
2026-01-03 19:00:00,59,19.0,,461.08,0.0,0.0
2026-01-03 19:15:00,62,22.0,11527.0,461.08,0.0,0.0
2026-01-03 19:30:00,60,20.0,11527.0,461.08,0.0,0.0
2026-01-03 19:45:00,61,21.0,11527.0,461.08,0.0,0.0
2026-01-03 20:00:00,60,20.0,11527.0,461.08,0.0,0.0
2026-01-03 20:15:00,59,19.0,11527.0,461.08,0.0,0.0
2026-01-03 20:30:00,56,16.0,11527.0,461.08,0.0,0.0
2026-01-03 20:45:00,57,17.0,11527.0,461.08,,
2026-01-03 21:00:00,56,16.0,11527.0,461.08,0.0,0.0
2026-01-03 21:15:00,57,17.0,11527.0,461.08,0.0,0.0
2026-01-03 21:30:00,58,18.0,11527.0,461.08,0.0,0.0
2026-01-03 21:45:00,55,15.0,11527.0,461.08,0.0,0.0
2026-01-03 22:00:00,59,19.0,11527.0,461.08,11.140220766785845,0.1856703461130974
2026-01-03 22:15:00,59,19.0,11527.0,461.08,12.56314540562206,0.2093857567603677
2026-01-03 22:30:00,56,16.0,11527.0,461.08,11.526392937388964,0.19210654895648274
2026-01-03 22:45:00,55,15.0,11527.0,461.08,11.605056285747999,0.19341760476246664
2026-01-03 23:00:00,55,15.0,11527.0,461.08,12.143550106522571,0.20239250177537618
2026-01-03 23:15:00,56,16.0,11527.0,461.08,14.403082025175996,0.2400513670862666
2026-01-03 23:30:00,59,19.0,11527.0,461.08,12.760970220816816,0.2126828370136136
2026-01-03 23:45:00,60,20.0,11527.0,461.08,9.51703097938299,0.15861718298971653
2026-01-04 00:00:00,57,17.0,11527.0,461.08,11.453159339592533,0.19088598899320888
2026-01-04 00:15:00,61,21.0,11527.0,461.08,15.280215546874002,0.2546702591145667
2026-01-04 00:30:00,59,19.0,11527.0,461.08,11.645490849683133,0.19409151416138556
2026-01-04 00:45:00,58,18.0,11527.0,461.08,8.159646520762934,0.13599410867938222
2026-01-04 01:00:00,59,19.0,11527.0,461.08,12.418317208948045,0.2069719534824674
2026-01-04 01:15:00,58,18.0,11527.0,461.08,11.103308408382272,0.18505514013970453
2026-01-04 01:30:00,58,18.0,11527.0,461.08,13.486023106959088,0.22476705178265147
2026-01-04 01:45:00,58,18.0,11527.0,461.08,11.711431159825143,0.19519051933041903
2026-01-04 02:00:00,58,18.0,11527.0,461.08,13.734013926054326,0.22890023210090543
2026-01-04 02:15:00,56,,11527.0,461.08,10.709213029938098,0.17848688383230163
2026-01-04 02:30:00,59,19.0,11527.0,461.08,12.355516042275994,0.20592526737126657
2026-01-04 02:45:00,58,18.0,11527.0,461.08,13.285367937555762,0.2214227989592627
2026-01-04 03:00:00,57,17.0,11527.0,461.08,13.347023353843868,0.22245038923073113
2026-01-04 03:15:00,59,19.0,11527.0,461.08,12.42621644852387,0.20710360747539786
2026-01-04 03:30:00,61,21.0,11527.0,461.08,14.480414371911175,0.24134023953185293
2026-01-04 03:45:00,58,18.0,11527.0,461.08,11.938906642299274,0.19898177737165457
2026-01-04 04:00:00,60,20.0,11527.0,461.08,12.341431432264715,0.20569052387107858
2026-01-04 04:15:00,58,18.0,11527.0,461.08,10.751451500418344,0.17919085834030574
2026-01-04 04:30:00,62,,11527.0,461.08,9.38256495384555,0.1563760825640925
2026-01-04 04:45:00,58,,11527.0,461.08,11.318448095764493,0.18864080159607488
2026-01-04 05:00:00,61,21.0,,461.08,11.32522061781972,0.18875367696366202
2026-01-04 05:15:00,60,20.0,11527.0,461.08,14.711355523390488,0.2451892587231748
2026-01-04 05:30:00,59,19.0,11527.0,461.08,13.354987473050432,0.22258312455084053
2026-01-04 05:45:00,61,21.0,11527.0,461.08,9.905633675591302,0.16509389459318838
2026-01-04 06:00:00,59,19.0,4705.0,188.2,0.0,0.0
2026-01-04 06:15:00,58,18.0,4705.0,188.2,0.0,0.0
2026-01-04 06:30:00,57,17.0,4705.0,188.2,0.0,0.0
2026-01-04 06:45:00,57,17.0,4705.0,188.2,0.0,0.0
2026-01-04 07:00:00,60,20.0,4705.0,188.2,0.0,0.0
2026-01-04 07:15:00,55,15.0,4705.0,188.2,0.0,0.0
2026-01-04 07:30:00,59,19.0,4705.0,188.2,0.0,0.0
2026-01-04 07:45:00,55,15.0,4705.0,188.2,0.0,0.0
2026-01-04 08:00:00,55,15.0,4705.0,188.2,0.0,0.0
2026-01-04 08:15:00,56,16.0,4705.0,188.2,0.0,0.0
2026-01-04 08:30:00,59,19.0,4705.0,188.2,0.0,0.0
2026-01-04 08:45:00,53,13.0,4705.0,188.2,0.0,0.0
2026-01-04 09:00:00,71,28.0,4705.0,188.2,,
2026-01-04 09:15:00,56,15.0,4705.0,188.2,0.0,0.0
2026-01-04 09:30:00,62,20.0,4705.0,188.2,0.0,0.0
2026-01-04 09:45:00,61,19.0,4705.0,188.2,0.0,0.0
2026-01-04 10:00:00,80,35.0,4705.0,188.2,0.0,0.0
2026-01-04 10:15:00,79,34.0,4705.0,188.2,0.0,0.0
2026-01-04 10:30:00,63,21.0,4705.0,188.2,0.0,0.0
2026-01-04 10:45:00,76,32.0,4705.0,188.2,0.0,0.0
2026-01-04 11:00:00,66,24.0,4705.0,188.2,0.0,0.0
2026-01-04 11:15:00,76,32.0,4705.0,188.2,0.0,0.0
2026-01-04 11:30:00,76,32.0,4705.0,188.2,0.0,0.0
2026-01-04 11:45:00,83,38.0,4705.0,188.2,0.0,0.0
2026-01-04 12:00:00,82,37.0,4705.0,188.2,0.0,0.0
2026-01-04 12:15:00,78,33.0,4705.0,188.2,0.0,0.0
2026-01-04 12:30:00,75,31.0,4705.0,188.2,0.0,0.0
2026-01-04 12:45:00,69,26.0,4705.0,188.2,0.0,0.0
2026-01-04 13:00:00,55,15.0,4705.0,188.2,0.0,0.0
2026-01-04 13:15:00,64,22.0,4705.0,188.2,0.0,0.0
2026-01-04 13:30:00,74,30.0,4705.0,188.2,0.0,0.0
2026-01-04 13:45:00,68,25.0,4705.0,188.2,,
2026-01-04 14:00:00,65,23.0,4705.0,188.2,0.0,0.0
2026-01-04 14:15:00,77,,4705.0,188.2,0.0,0.0
2026-01-04 14:30:00,82,37.0,4705.0,188.2,0.0,0.0
2026-01-04 14:45:00,55,15.0,4705.0,,0.0,0.0
2026-01-04 15:00:00,68,25.0,4705.0,188.2,0.0,0.0
2026-01-04 15:15:00,76,,4705.0,188.2,0.0,0.0
2026-01-04 15:30:00,66,24.0,4705.0,188.2,0.0,0.0
2026-01-04 15:45:00,69,26.0,,188.2,0.0,0.0
2026-01-04 16:00:00,81,36.0,4705.0,188.2,0.0,0.0
2026-01-04 16:15:00,63,21.0,4705.0,188.2,0.0,0.0
2026-01-04 16:30:00,73,29.0,4705.0,188.2,0.0,0.0
2026-01-04 16:45:00,75,31.0,4705.0,188.2,0.0,0.0
2026-01-04 17:00:00,81,36.0,4705.0,188.2,0.0,0.0
2026-01-04 17:15:00,70,27.0,4705.0,188.2,0.0,0.0
2026-01-04 17:30:00,72,29.0,4705.0,188.2,0.0,0.0
2026-01-04 17:45:00,85,39.0,4705.0,188.2,0.0,0.0
2026-01-04 18:00:00,57,17.0,4705.0,188.2,0.0,0.0
2026-01-04 18:15:00,57,17.0,4705.0,,0.0,0.0
2026-01-04 18:30:00,61,21.0,4705.0,188.2,0.0,0.0
2026-01-04 18:45:00,60,20.0,4705.0,188.2,0.0,0.0
2026-01-04 19:00:00,59,19.0,4705.0,188.2,0.0,0.0
2026-01-04 19:15:00,58,18.0,4705.0,188.2,0.0,0.0
2026-01-04 19:30:00,56,16.0,4705.0,188.2,0.0,0.0
2026-01-04 19:45:00,58,18.0,4705.0,188.2,0.0,0.0
2026-01-04 20:00:00,62,22.0,4705.0,188.2,0.0,0.0
2026-01-04 20:15:00,60,20.0,4705.0,188.2,0.0,0.0
2026-01-04 20:30:00,59,19.0,4705.0,188.2,0.0,0.0
2026-01-04 20:45:00,59,19.0,4705.0,188.2,0.0,0.0
2026-01-04 21:00:00,57,17.0,4705.0,188.2,0.0,0.0
2026-01-04 21:15:00,61,21.0,4705.0,188.2,0.0,0.0
2026-01-04 21:30:00,59,19.0,4705.0,,,
2026-01-04 21:45:00,61,21.0,4705.0,188.2,0.0,0.0
2026-01-04 22:00:00,58,18.0,4705.0,188.2,13.805395853319638,0.23008993088866064
2026-01-04 22:15:00,59,19.0,4705.0,188.2,9.611781496449131,0.16019635827415218
2026-01-04 22:30:00,56,16.0,4705.0,188.2,12.946686669994175,0.21577811116656959
2026-01-04 22:45:00,58,18.0,4705.0,188.2,7.6827704518059265,0.12804617419676545
2026-01-04 23:00:00,61,21.0,4705.0,188.2,10.950008165372155,0.1825001360895359
2026-01-04 23:15:00,57,17.0,4705.0,188.2,7.943423183819178,0.1323903863969863
2026-01-04 23:30:00,57,17.0,4705.0,188.2,9.044349432030625,0.15073915720051043
2026-01-04 23:45:00,56,16.0,4705.0,188.2,10.836194518197436,0.18060324196995728
2026-01-05 00:00:00,59,19.0,4705.0,188.2,11.747471996870999,0.19579119994785
2026-01-05 00:15:00,57,17.0,4705.0,188.2,16.27527121250445,0.2712545202084075
2026-01-05 00:30:00,57,17.0,4705.0,188.2,11.461058218806956,0.19101763698011592
2026-01-05 00:45:00,61,21.0,4705.0,188.2,11.755779463860966,0.1959296577310161
2026-01-05 01:00:00,59,19.0,4705.0,188.2,12.815785936955331,0.21359643228258884
2026-01-05 01:15:00,61,21.0,4705.0,188.2,14.077973362072761,0.23463288936787935
2026-01-05 01:30:00,61,21.0,4705.0,188.2,13.162162916886645,0.21936938194811076
2026-01-05 01:45:00,59,19.0,4705.0,188.2,8.905760181221291,0.14842933635368818
2026-01-05 02:00:00,57,17.0,4705.0,188.2,9.692437601966363,0.1615406266994394
2026-01-05 02:15:00,56,16.0,4705.0,188.2,7.451603089759665,0.12419338482932775
2026-01-05 02:30:00,59,19.0,4705.0,188.2,12.382502207139323,0.20637503678565539
2026-01-05 02:45:00,59,19.0,4705.0,188.2,9.908072078278218,0.16513453463797031
2026-01-05 03:00:00,59,19.0,4705.0,188.2,12.161342426894773,0.20268904044824623
2026-01-05 03:15:00,60,20.0,4705.0,188.2,12.400652681372856,0.2066775446895476
2026-01-05 03:30:00,58,18.0,4705.0,188.2,12.92684315174902,0.21544738586248366
2026-01-05 03:45:00,61,21.0,4705.0,188.2,11.930087290713196,0.19883478817855327
2026-01-05 04:00:00,57,17.0,4705.0,188.2,11.92806654985304,0.19880110916421734
2026-01-05 04:15:00,59,19.0,4705.0,188.2,10.001761546530926,0.16669602577551543
2026-01-05 04:30:00,61,21.0,4705.0,188.2,13.198419741759574,0.21997366236265956
2026-01-05 04:45:00,58,18.0,4705.0,188.2,12.01435842047674,0.20023930700794565
2026-01-05 05:00:00,61,21.0,4705.0,188.2,14.327543966911588,0.23879239944852645
2026-01-05 05:15:00,59,19.0,4705.0,188.2,9.399266009752402,0.15665443349587338
2026-01-05 05:30:00,57,17.0,4705.0,188.2,11.435050727248044,0.1905841787874674
2026-01-05 05:45:00,60,20.0,4705.0,188.2,12.145063687100873,0.20241772811834788
2026-01-05 06:00:00,60,20.0,9287.0,371.48,0.0,0.0
2026-01-05 06:15:00,61,21.0,9287.0,371.48,0.0,0.0
2026-01-05 06:30:00,62,22.0,9287.0,371.48,0.0,0.0
2026-01-05 06:45:00,61,21.0,9287.0,371.48,0.0,0.0
2026-01-05 07:00:00,58,18.0,9287.0,371.48,0.0,0.0
2026-01-05 07:15:00,60,20.0,9287.0,371.48,0.0,0.0
2026-01-05 07:30:00,61,21.0,9287.0,371.48,0.0,0.0
2026-01-05 07:45:00,57,17.0,9287.0,371.48,0.0,0.0
2026-01-05 08:00:00,61,,9287.0,371.48,0.0,0.0
2026-01-05 08:15:00,61,21.0,9287.0,371.48,0.0,0.0
2026-01-05 08:30:00,57,17.0,9287.0,371.48,0.0,0.0
2026-01-05 08:45:00,58,18.0,9287.0,371.48,0.0,0.0
2026-01-05 09:00:00,79,34.0,9287.0,371.48,0.0,0.0
2026-01-05 09:15:00,84,38.0,,371.48,0.0,0.0
2026-01-05 09:30:00,77,33.0,9287.0,371.48,0.0,0.0
2026-01-05 09:45:00,79,34.0,9287.0,371.48,0.0,0.0
2026-01-05 10:00:00,79,34.0,9287.0,371.48,0.0,0.0
2026-01-05 10:15:00,80,35.0,9287.0,371.48,0.0,0.0
2026-01-05 10:30:00,85,39.0,9287.0,371.48,0.0,0.0
2026-01-05 10:45:00,88,42.0,9287.0,371.48,0.0,0.0
2026-01-05 11:00:00,83,38.0,9287.0,371.48,0.0,0.0
2026-01-05 11:15:00,85,39.0,9287.0,371.48,0.0,0.0
2026-01-05 11:30:00,77,33.0,9287.0,371.48,0.0,0.0
2026-01-05 11:45:00,85,39.0,9287.0,371.48,0.0,0.0
2026-01-05 12:00:00,72,29.0,9287.0,371.48,0.0,0.0
2026-01-05 12:15:00,78,33.0,9287.0,371.48,0.0,0.0
2026-01-05 12:30:00,79,34.0,9287.0,371.48,0.0,0.0
2026-01-05 12:45:00,73,29.0,9287.0,,0.0,0.0
2026-01-05 13:00:00,80,35.0,9287.0,371.48,0.0,0.0
2026-01-05 13:15:00,95,47.0,9287.0,371.48,0.0,0.0
2026-01-05 13:30:00,78,33.0,9287.0,371.48,0.0,0.0
2026-01-05 13:45:00,69,26.0,9287.0,371.48,0.0,0.0
2026-01-05 14:00:00,91,44.0,9287.0,371.48,0.0,0.0
2026-01-05 14:15:00,98,50.0,9287.0,371.48,0.0,0.0
2026-01-05 14:30:00,83,38.0,9287.0,371.48,0.0,0.0
2026-01-05 14:45:00,91,44.0,9287.0,371.48,0.0,0.0
2026-01-05 15:00:00,73,29.0,9287.0,371.48,0.0,0.0
2026-01-05 15:15:00,79,34.0,9287.0,371.48,0.0,0.0
2026-01-05 15:30:00,84,38.0,9287.0,371.48,0.0,0.0
2026-01-05 15:45:00,85,39.0,,371.48,0.0,0.0
2026-01-05 16:00:00,96,48.0,9287.0,371.48,0.0,0.0
2026-01-05 16:15:00,88,42.0,9287.0,371.48,0.0,0.0
2026-01-05 16:30:00,83,38.0,9287.0,371.48,0.0,0.0
2026-01-05 16:45:00,88,42.0,9287.0,371.48,0.0,0.0
2026-01-05 17:00:00,75,31.0,9287.0,371.48,0.0,0.0
2026-01-05 17:15:00,72,29.0,9287.0,371.48,0.0,0.0
2026-01-05 17:30:00,83,38.0,9287.0,371.48,0.0,0.0
2026-01-05 17:45:00,83,38.0,9287.0,371.48,0.0,0.0
2026-01-05 18:00:00,53,13.0,9287.0,371.48,0.0,0.0
2026-01-05 18:15:00,54,14.0,9287.0,371.48,0.0,0.0
2026-01-05 18:30:00,54,14.0,9287.0,371.48,0.0,0.0
2026-01-05 18:45:00,57,,9287.0,371.48,0.0,0.0
2026-01-05 19:00:00,58,18.0,9287.0,371.48,0.0,0.0
2026-01-05 19:15:00,55,15.0,9287.0,371.48,,
2026-01-05 19:30:00,55,15.0,9287.0,371.48,0.0,0.0
2026-01-05 19:45:00,56,,9287.0,371.48,0.0,0.0
2026-01-05 20:00:00,53,13.0,9287.0,371.48,,
2026-01-05 20:15:00,56,16.0,9287.0,371.48,0.0,0.0
2026-01-05 20:30:00,53,13.0,9287.0,371.48,0.0,0.0
2026-01-05 20:45:00,58,18.0,9287.0,371.48,,
2026-01-05 21:00:00,57,17.0,9287.0,371.48,0.0,0.0
2026-01-05 21:15:00,58,18.0,9287.0,371.48,0.0,0.0
2026-01-05 21:30:00,54,14.0,9287.0,371.48,0.0,0.0
2026-01-05 21:45:00,53,13.0,9287.0,371.48,0.0,0.0
2026-01-05 22:00:00,56,16.0,9287.0,371.48,13.268917557924278,0.22114862596540463
2026-01-05 22:15:00,54,14.0,9287.0,371.48,15.646197543490402,0.26076995905817335
2026-01-05 22:30:00,54,14.0,9287.0,371.48,14.520089622452,0.24200149370753332
2026-01-05 22:45:00,53,,9287.0,371.48,12.082087587266264,0.20136812645443772
2026-01-05 23:00:00,57,17.0,9287.0,371.48,16.3877326066964,0.2731288767782733
2026-01-05 23:15:00,57,17.0,9287.0,371.48,10.880503476335694,0.1813417246055949
2026-01-05 23:30:00,56,16.0,9287.0,371.48,11.745319934295566,0.19575533223825942
2026-01-05 23:45:00,52,12.0,9287.0,371.48,10.83052592675038,0.18050876544583966
2026-01-06 00:00:00,57,17.0,9287.0,371.48,12.219297418413651,0.20365495697356087
2026-01-06 00:15:00,54,14.0,9287.0,,10.058615443928453,0.16764359073214088
2026-01-06 00:30:00,54,14.0,9287.0,371.48,12.335258973023972,0.20558764955039954
2026-01-06 00:45:00,56,16.0,9287.0,371.48,14.158877136709208,0.23598128561182014
2026-01-06 01:00:00,56,16.0,9287.0,371.48,14.671152908222773,0.24451921513704622
2026-01-06 01:15:00,56,16.0,9287.0,371.48,13.699966250942634,0.22833277084904388
2026-01-06 01:30:00,54,14.0,9287.0,371.48,11.885886363978662,0.19809810606631104
2026-01-06 01:45:00,56,16.0,9287.0,371.48,10.32670831879231,0.17211180531320516
2026-01-06 02:00:00,56,16.0,9287.0,371.48,13.062009060812407,0.21770015101354012
2026-01-06 02:15:00,51,11.0,9287.0,371.48,12.093845473032253,0.20156409121720423
2026-01-06 02:30:00,57,17.0,9287.0,371.48,8.981209380146897,0.1496868230024483
2026-01-06 02:45:00,56,16.0,9287.0,371.48,14.67803806226109,0.2446339677043515
2026-01-06 03:00:00,54,14.0,9287.0,371.48,11.473585327992302,0.19122642213320504
2026-01-06 03:15:00,56,16.0,9287.0,371.48,12.44497656808162,0.20741627613469366
2026-01-06 03:30:00,55,15.0,9287.0,371.48,15.03564654118933,0.25059410901982215
2026-01-06 03:45:00,53,13.0,9287.0,371.48,11.320122287750397,0.18866870479583994
2026-01-06 04:00:00,54,14.0,9287.0,371.48,13.004624251555791,0.21674373752592985
2026-01-06 04:15:00,58,18.0,9287.0,371.48,11.177771625012838,0.18629619375021397
2026-01-06 04:30:00,59,19.0,9287.0,371.48,11.99323245874235,0.19988720764570583
2026-01-06 04:45:00,57,17.0,9287.0,371.48,11.315455494103668,0.1885909249017278
2026-01-06 05:00:00,55,15.0,9287.0,371.48,15.31785929111727,0.2552976548519545
2026-01-06 05:15:00,55,15.0,9287.0,371.48,9.296527438113525,0.15494212396855875
2026-01-06 05:30:00,55,15.0,9287.0,371.48,11.525896046756703,0.19209826744594505
2026-01-06 05:45:00,55,15.0,9287.0,371.48,11.09850700224173,0.18497511670402883
